UserId,user_total_visits,user_avg_rating,user_rating_std,user_distinct_attractions,user_most_common_mode
14,2,4.5,0.7071067811865476,2,4
16,9,4.666666666666667,0.7071067811865475,5,2
20,1,4.0,0.0,1,3
23,1,5.0,0.0,1,4
25,1,5.0,0.0,1,4
26,1,5.0,0.0,1,2
27,1,4.0,0.0,1,2
28,1,5.0,0.0,1,2
29,1,5.0,0.0,1,2
32,1,4.0,0.0,1,3
33,1,4.0,0.0,1,2
34,1,4.0,0.0,1,3
37,1,4.0,0.0,1,2
39,1,4.0,0.0,1,3
42,1,4.0,0.0,1,3
48,1,3.0,0.0,1,2
51,1,5.0,0.0,1,2
52,1,3.0,0.0,1,3
54,1,3.0,0.0,1,2
56,1,1.0,0.0,1,2
57,1,3.0,0.0,1,4
59,2,4.0,1.4142135623730951,2,2
60,1,5.0,0.0,1,2
61,2,5.0,0.0,2,2
65,1,5.0,0.0,1,4
67,2,4.0,1.4142135623730951,2,4
70,1,5.0,0.0,1,2
72,1,5.0,0.0,1,2
79,1,3.0,0.0,1,4
83,1,5.0,0.0,1,4
85,2,5.0,0.0,2,3
90,3,5.0,0.0,3,5
92,2,5.0,0.0,2,5
94,1,5.0,0.0,1,2
97,1,5.0,0.0,1,5
98,1,3.0,0.0,1,2
102,1,3.0,0.0,1,2
103,3,4.666666666666667,0.5773502691896257,3,2
112,1,5.0,0.0,1,3
113,1,4.0,0.0,1,2
116,1,2.0,0.0,1,2
117,1,4.0,0.0,1,2
118,1,5.0,0.0,1,3
119,1,5.0,0.0,1,3
122,1,5.0,0.0,1,2
125,2,4.0,0.0,2,2
129,2,4.5,0.7071067811865476,2,4
131,1,4.0,0.0,1,4
133,1,5.0,0.0,1,3
137,2,4.0,1.4142135623730951,2,2
139,1,5.0,0.0,1,4
142,1,4.0,0.0,1,3
147,3,3.6666666666666665,0.5773502691896258,3,2
149,1,3.0,0.0,1,4
152,1,5.0,0.0,1,2
153,1,3.0,0.0,1,2
154,1,5.0,0.0,1,3
155,1,2.0,0.0,1,4
156,1,4.0,0.0,1,5
157,1,5.0,0.0,1,4
158,1,5.0,0.0,1,3
160,1,3.0,0.0,1,2
162,1,5.0,0.0,1,2
166,1,3.0,0.0,1,2
170,1,2.0,0.0,1,2
176,1,4.0,0.0,1,3
177,1,5.0,0.0,1,2
180,1,5.0,0.0,1,2
182,1,4.0,0.0,1,5
183,3,4.666666666666667,0.5773502691896257,3,4
184,1,5.0,0.0,1,5
185,1,1.0,0.0,1,2
187,1,4.0,0.0,1,4
189,1,3.0,0.0,1,2
190,1,5.0,0.0,1,4
191,1,5.0,0.0,1,2
192,2,3.5,0.7071067811865476,2,2
194,6,4.166666666666667,0.752772652709081,3,4
196,2,3.0,0.0,2,3
199,1,4.0,0.0,1,2
200,1,5.0,0.0,1,3
208,1,5.0,0.0,1,3
213,1,5.0,0.0,1,5
218,1,5.0,0.0,1,2
228,3,4.333333333333333,0.5773502691896258,3,2
230,3,4.0,1.0,3,3
231,2,5.0,0.0,2,2
234,1,5.0,0.0,1,5
239,1,5.0,0.0,1,2
240,2,4.5,0.7071067811865476,2,3
242,1,4.0,0.0,1,2
247,2,2.0,1.4142135623730951,2,2
249,3,4.0,1.0,3,2
255,1,4.0,0.0,1,4
256,1,5.0,0.0,1,4
266,7,3.857142857142857,0.8997354108424375,5,3
267,1,5.0,0.0,1,2
268,1,4.0,0.0,1,3
269,2,4.5,0.7071067811865476,2,3
271,1,3.0,0.0,1,2
272,1,5.0,0.0,1,2
274,2,5.0,0.0,2,4
276,2,5.0,0.0,2,3
277,1,5.0,0.0,1,2
279,1,5.0,0.0,1,2
286,2,4.0,0.0,2,2
288,1,4.0,0.0,1,2
296,1,4.0,0.0,1,3
302,1,3.0,0.0,1,2
303,1,4.0,0.0,1,3
315,1,4.0,0.0,1,3
316,1,1.0,0.0,1,2
317,2,4.0,0.0,2,2
319,1,5.0,0.0,1,3
320,2,4.5,0.7071067811865476,2,2
327,1,3.0,0.0,1,3
328,1,5.0,0.0,1,4
336,1,3.0,0.0,1,3
337,1,5.0,0.0,1,4
339,4,3.75,0.9574271077563381,4,4
340,1,4.0,0.0,1,4
341,2,4.5,0.7071067811865476,2,4
346,1,5.0,0.0,1,2
348,1,5.0,0.0,1,3
349,1,5.0,0.0,1,2
351,1,4.0,0.0,1,3
356,1,5.0,0.0,1,2
359,1,5.0,0.0,1,3
361,2,5.0,0.0,2,4
365,1,2.0,0.0,1,4
369,1,4.0,0.0,1,4
378,2,4.5,0.7071067811865476,2,2
382,4,4.5,0.5773502691896257,4,3
386,3,4.0,1.0,3,4
388,1,5.0,0.0,1,2
390,1,5.0,0.0,1,2
393,1,4.0,0.0,1,2
396,1,3.0,0.0,1,2
397,2,4.0,0.0,2,3
399,4,4.0,0.816496580927726,4,3
404,2,4.5,0.7071067811865476,2,3
408,5,4.8,0.4472135954999579,5,2
410,1,5.0,0.0,1,1
418,1,4.0,0.0,1,3
419,2,5.0,0.0,2,2
421,1,5.0,0.0,1,5
422,1,5.0,0.0,1,5
425,2,2.0,1.4142135623730951,2,3
426,1,2.0,0.0,1,3
430,4,4.75,0.4999999999999999,4,3
432,2,4.5,0.7071067811865476,2,3
433,1,4.0,0.0,1,2
435,1,4.0,0.0,1,4
442,1,4.0,0.0,1,4
444,2,5.0,0.0,2,2
445,1,4.0,0.0,1,4
446,2,5.0,0.0,2,3
447,1,4.0,0.0,1,3
455,1,4.0,0.0,1,2
456,1,5.0,0.0,1,3
459,4,4.5,0.5773502691896258,3,3
462,2,4.5,0.7071067811865476,1,3
464,1,5.0,0.0,1,2
470,1,5.0,0.0,1,2
476,1,2.0,0.0,1,5
478,1,5.0,0.0,1,3
480,5,3.2,0.8366600265340756,4,3
484,1,5.0,0.0,1,2
485,1,5.0,0.0,1,3
488,1,5.0,0.0,1,2
490,1,5.0,0.0,1,4
494,1,5.0,0.0,1,4
501,2,5.0,0.0,2,3
503,1,4.0,0.0,1,3
511,1,5.0,0.0,1,3
512,1,2.0,0.0,1,3
515,1,5.0,0.0,1,2
516,1,5.0,0.0,1,3
517,1,5.0,0.0,1,3
518,1,4.0,0.0,1,5
521,1,2.0,0.0,1,2
525,1,5.0,0.0,1,2
527,2,3.5,0.7071067811865476,2,4
528,2,4.5,0.7071067811865476,2,2
542,1,3.0,0.0,1,4
545,1,5.0,0.0,1,3
550,1,4.0,0.0,1,3
554,2,4.5,0.7071067811865476,2,2
565,1,4.0,0.0,1,3
568,7,3.857142857142857,0.8997354108424375,6,2
571,1,5.0,0.0,1,2
572,1,4.0,0.0,1,2
574,1,4.0,0.0,1,3
577,2,3.5,0.7071067811865476,2,2
580,1,5.0,0.0,1,5
581,2,5.0,0.0,1,3
583,2,4.5,0.7071067811865476,2,2
584,1,4.0,0.0,1,5
585,3,5.0,0.0,3,2
590,1,5.0,0.0,1,2
594,1,5.0,0.0,1,3
595,1,3.0,0.0,1,4
597,2,5.0,0.0,2,2
603,2,3.0,2.8284271247461903,1,2
620,1,2.0,0.0,1,2
621,2,4.5,0.7071067811865476,2,3
625,1,1.0,0.0,1,2
627,3,5.0,0.0,3,3
630,1,5.0,0.0,1,2
633,2,4.0,0.0,2,5
636,1,5.0,0.0,1,5
637,1,5.0,0.0,1,5
638,2,4.0,0.0,2,4
640,1,5.0,0.0,1,3
646,1,4.0,0.0,1,2
648,1,3.0,0.0,1,2
649,1,5.0,0.0,1,3
652,1,4.0,0.0,1,5
655,3,4.333333333333333,0.5773502691896257,3,2
656,4,4.0,0.8164965809277259,3,3
657,3,4.333333333333333,1.1547005383792515,3,5
659,1,5.0,0.0,1,5
664,2,4.0,0.0,2,2
667,4,3.75,1.8929694486000912,3,2
669,1,5.0,0.0,1,3
678,1,3.0,0.0,1,3
679,1,5.0,0.0,1,4
683,1,5.0,0.0,1,4
688,1,2.0,0.0,1,4
689,3,3.3333333333333335,1.1547005383792517,3,4
690,1,4.0,0.0,1,3
691,1,5.0,0.0,1,3
694,3,4.666666666666667,0.5773502691896257,3,5
697,2,4.0,0.0,2,4
698,1,5.0,0.0,1,2
706,2,4.0,0.0,2,3
708,2,4.5,0.7071067811865476,2,4
716,2,5.0,0.0,2,3
718,2,4.5,0.7071067811865476,2,3
720,1,5.0,0.0,1,2
724,1,5.0,0.0,1,2
726,1,5.0,0.0,1,3
727,3,4.0,1.0,3,3
728,1,4.0,0.0,1,4
733,4,4.25,0.5,4,4
736,2,4.5,0.7071067811865476,2,4
739,1,4.0,0.0,1,4
740,3,5.0,0.0,3,3
741,3,4.666666666666667,0.5773502691896257,3,2
742,2,3.0,2.8284271247461903,2,2
743,1,3.0,0.0,1,2
745,1,4.0,0.0,1,2
746,1,4.0,0.0,1,4
747,1,3.0,0.0,1,2
748,1,4.0,0.0,1,4
750,1,5.0,0.0,1,2
752,1,3.0,0.0,1,2
753,1,5.0,0.0,1,3
759,1,1.0,0.0,1,2
761,6,4.5,0.547722557505166,6,3
762,1,4.0,0.0,1,2
766,2,4.0,1.4142135623730951,2,2
767,3,5.0,0.0,3,3
768,1,3.0,0.0,1,2
770,1,5.0,0.0,1,3
773,1,5.0,0.0,1,2
775,1,1.0,0.0,1,4
776,1,4.0,0.0,1,4
778,1,4.0,0.0,1,2
780,4,4.75,0.4999999999999999,4,3
781,2,4.5,0.7071067811865476,2,2
782,1,5.0,0.0,1,2
793,2,4.5,0.7071067811865476,2,2
799,1,5.0,0.0,1,3
800,1,4.0,0.0,1,2
804,1,4.0,0.0,1,3
807,4,4.5,1.0,4,4
810,2,4.5,0.7071067811865476,2,2
812,1,5.0,0.0,1,5
817,1,5.0,0.0,1,2
823,2,3.5,0.7071067811865476,2,5
824,1,3.0,0.0,1,4
830,1,5.0,0.0,1,2
835,2,4.0,1.4142135623730951,2,2
839,1,5.0,0.0,1,4
841,1,5.0,0.0,1,3
842,3,3.6666666666666665,0.5773502691896258,3,2
843,1,5.0,0.0,1,2
844,1,5.0,0.0,1,3
845,5,3.6,1.5165750888103102,4,2
849,1,3.0,0.0,1,4
850,1,4.0,0.0,1,2
851,1,3.0,0.0,1,2
857,1,3.0,0.0,1,4
858,2,5.0,0.0,2,4
864,1,1.0,0.0,1,2
865,1,3.0,0.0,1,2
868,1,2.0,0.0,1,3
870,1,1.0,0.0,1,4
873,2,5.0,0.0,2,3
874,1,5.0,0.0,1,2
877,1,3.0,0.0,1,2
878,2,3.5,0.7071067811865476,2,3
880,2,4.0,1.4142135623730951,2,2
882,1,3.0,0.0,1,3
885,3,3.6666666666666665,0.5773502691896257,2,4
886,2,3.0,2.8284271247461903,2,3
888,1,5.0,0.0,1,3
891,3,3.0,2.0,3,3
894,3,4.666666666666667,0.5773502691896257,3,3
898,1,5.0,0.0,1,3
905,1,5.0,0.0,1,3
907,1,4.0,0.0,1,5
908,3,5.0,0.0,2,2
918,5,4.2,1.0954451150103324,3,3
919,1,1.0,0.0,1,3
920,1,5.0,0.0,1,4
922,1,5.0,0.0,1,3
927,2,5.0,0.0,2,3
930,2,5.0,0.0,1,3
933,1,4.0,0.0,1,2
940,1,4.0,0.0,1,5
941,2,3.5,0.7071067811865476,1,2
942,1,3.0,0.0,1,2
945,1,4.0,0.0,1,5
950,1,5.0,0.0,1,2
954,1,2.0,0.0,1,2
956,4,3.75,1.5,3,2
960,1,5.0,0.0,1,2
961,1,5.0,0.0,1,3
962,1,5.0,0.0,1,2
966,4,4.75,0.5,3,5
970,1,3.0,0.0,1,2
974,1,4.0,0.0,1,4
978,3,5.0,0.0,2,3
979,5,3.6,1.140175425099138,3,2
980,1,5.0,0.0,1,4
981,2,4.0,1.4142135623730951,2,2
989,2,4.5,0.7071067811865476,2,2
990,1,5.0,0.0,1,3
993,3,2.3333333333333335,1.1547005383792517,3,2
995,1,5.0,0.0,1,3
999,1,5.0,0.0,1,2
1000,1,4.0,0.0,1,2
1002,1,1.0,0.0,1,2
1009,6,4.166666666666667,0.408248290463863,4,3
1011,1,4.0,0.0,1,2
1018,2,2.5,0.7071067811865476,2,5
1030,2,5.0,0.0,2,2
1033,1,5.0,0.0,1,2
1035,1,3.0,0.0,1,2
1037,1,3.0,0.0,1,2
1041,2,4.5,0.7071067811865476,2,2
1044,1,5.0,0.0,1,3
1048,2,5.0,0.0,2,2
1059,1,4.0,0.0,1,2
1060,1,4.0,0.0,1,5
1061,2,4.0,0.0,2,4
1062,2,4.0,0.0,2,3
1064,1,5.0,0.0,1,3
1065,1,4.0,0.0,1,3
1068,3,4.666666666666667,0.5773502691896257,3,3
1074,2,3.5,0.7071067811865476,2,2
1079,1,5.0,0.0,1,1
1083,3,4.666666666666667,0.5773502691896258,3,2
1086,2,5.0,0.0,2,4
1088,17,4.0588235294117645,0.7475450015964019,8,2
1089,1,5.0,0.0,1,2
1094,1,4.0,0.0,1,5
1095,1,3.0,0.0,1,4
1097,1,5.0,0.0,1,3
1099,1,3.0,0.0,1,2
1101,1,5.0,0.0,1,2
1102,1,5.0,0.0,1,3
1103,3,4.666666666666667,0.5773502691896257,3,4
1105,1,5.0,0.0,1,4
1107,1,4.0,0.0,1,2
1114,4,3.5,0.5773502691896257,2,2
1115,1,5.0,0.0,1,2
1116,1,5.0,0.0,1,3
1117,1,5.0,0.0,1,2
1119,1,5.0,0.0,1,2
1122,2,4.0,0.0,2,3
1124,1,4.0,0.0,1,4
1127,1,2.0,0.0,1,3
1132,2,5.0,0.0,2,2
1137,1,5.0,0.0,1,3
1148,1,5.0,0.0,1,2
1150,1,5.0,0.0,1,5
1151,1,4.0,0.0,1,3
1152,4,4.25,0.9574271077563382,4,4
1157,1,4.0,0.0,1,4
1161,1,4.0,0.0,1,3
1163,1,1.0,0.0,1,2
1169,1,1.0,0.0,1,2
1170,1,5.0,0.0,1,4
1171,2,5.0,0.0,2,2
1175,1,5.0,0.0,1,2
1180,1,5.0,0.0,1,2
1188,1,5.0,0.0,1,4
1190,1,5.0,0.0,1,5
1196,1,4.0,0.0,1,2
1202,1,3.0,0.0,1,4
1205,2,2.5,2.1213203435596424,2,2
1206,1,5.0,0.0,1,2
1208,2,5.0,0.0,2,4
1210,1,4.0,0.0,1,3
1212,2,2.5,2.1213203435596424,2,3
1214,2,4.5,0.7071067811865476,2,2
1215,3,4.333333333333333,0.5773502691896258,3,3
1216,4,3.5,1.7320508075688772,2,2
1218,1,3.0,0.0,1,2
1219,1,5.0,0.0,1,2
1221,3,3.0,1.7320508075688772,1,3
1222,1,5.0,0.0,1,2
1226,2,4.0,0.0,2,4
1228,5,5.0,0.0,5,2
1231,1,5.0,0.0,1,3
1232,1,4.0,0.0,1,2
1237,1,5.0,0.0,1,2
1240,1,4.0,0.0,1,2
1244,1,5.0,0.0,1,3
1245,1,4.0,0.0,1,3
1249,1,4.0,0.0,1,2
1252,2,4.5,0.7071067811865476,2,2
1255,1,4.0,0.0,1,2
1257,1,4.0,0.0,1,3
1258,1,4.0,0.0,1,3
1265,3,2.6666666666666665,0.5773502691896257,2,3
1269,1,5.0,0.0,1,2
1271,1,3.0,0.0,1,2
1274,1,1.0,0.0,1,2
1275,1,5.0,0.0,1,4
1278,1,5.0,0.0,1,2
1280,2,4.5,0.7071067811865476,2,2
1281,1,5.0,0.0,1,2
1283,1,5.0,0.0,1,3
1286,1,4.0,0.0,1,4
1287,2,3.0,1.4142135623730951,2,2
1288,2,4.5,0.7071067811865476,2,3
1291,1,5.0,0.0,1,3
1292,1,5.0,0.0,1,3
1293,1,4.0,0.0,1,3
1296,1,4.0,0.0,1,3
1299,2,4.5,0.7071067811865476,2,2
1301,1,3.0,0.0,1,5
1307,2,5.0,0.0,2,2
1310,1,3.0,0.0,1,3
1316,1,5.0,0.0,1,3
1318,1,3.0,0.0,1,4
1319,1,4.0,0.0,1,3
1320,2,5.0,0.0,2,2
1328,1,2.0,0.0,1,4
1329,1,4.0,0.0,1,2
1331,1,5.0,0.0,1,5
1332,1,4.0,0.0,1,2
1333,1,4.0,0.0,1,2
1334,1,5.0,0.0,1,4
1335,1,4.0,0.0,1,2
1341,1,1.0,0.0,1,2
1342,3,4.0,1.7320508075688772,3,3
1343,1,3.0,0.0,1,2
1345,1,4.0,0.0,1,2
1346,1,5.0,0.0,1,4
1356,2,5.0,0.0,2,2
1358,2,3.0,1.4142135623730951,2,3
1359,1,4.0,0.0,1,5
1362,1,4.0,0.0,1,3
1364,1,3.0,0.0,1,3
1366,1,5.0,0.0,1,3
1367,2,3.5,0.7071067811865476,2,4
1368,2,3.0,2.8284271247461903,2,2
1373,1,4.0,0.0,1,3
1374,2,3.0,1.4142135623730951,2,5
1375,1,4.0,0.0,1,2
1377,2,4.5,0.7071067811865476,2,4
1384,1,4.0,0.0,1,3
1387,1,4.0,0.0,1,4
1391,1,5.0,0.0,1,3
1396,1,4.0,0.0,1,2
1398,1,4.0,0.0,1,3
1401,1,5.0,0.0,1,3
1403,1,5.0,0.0,1,4
1406,1,1.0,0.0,1,2
1407,1,5.0,0.0,1,2
1410,1,3.0,0.0,1,2
1416,3,3.0,2.0,3,3
1418,1,5.0,0.0,1,4
1420,1,5.0,0.0,1,2
1423,1,5.0,0.0,1,2
1428,2,4.5,0.7071067811865476,2,4
1433,2,4.0,1.4142135623730951,2,2
1436,1,3.0,0.0,1,4
1440,1,5.0,0.0,1,2
1441,1,5.0,0.0,1,3
1445,1,5.0,0.0,1,2
1446,1,5.0,0.0,1,3
1448,5,4.4,1.3416407864998738,2,2
1451,1,5.0,0.0,1,2
1452,5,3.2,0.4472135954999579,4,5
1453,1,4.0,0.0,1,3
1456,2,4.0,1.4142135623730951,2,4
1459,3,4.666666666666667,0.5773502691896257,3,3
1460,1,4.0,0.0,1,2
1471,1,4.0,0.0,1,2
1473,1,1.0,0.0,1,3
1474,1,5.0,0.0,1,3
1478,2,2.5,0.7071067811865476,2,2
1482,2,3.5,0.7071067811865476,2,3
1485,1,3.0,0.0,1,2
1486,1,5.0,0.0,1,3
1492,1,4.0,0.0,1,2
1493,1,3.0,0.0,1,2
1495,2,4.5,0.7071067811865476,1,2
1497,6,4.333333333333333,0.816496580927726,4,2
1501,1,5.0,0.0,1,3
1505,1,4.0,0.0,1,4
1508,1,4.0,0.0,1,3
1509,2,2.5,0.7071067811865476,2,4
1511,4,5.0,0.0,4,2
1512,1,3.0,0.0,1,2
1521,2,5.0,0.0,2,3
1524,1,4.0,0.0,1,2
1526,1,4.0,0.0,1,3
1529,1,4.0,0.0,1,3
1531,1,5.0,0.0,1,2
1533,1,5.0,0.0,1,2
1535,1,1.0,0.0,1,2
1536,1,4.0,0.0,1,2
1537,3,4.0,0.0,2,3
1538,1,5.0,0.0,1,2
1539,1,4.0,0.0,1,2
1540,3,3.0,1.0,3,2
1545,1,5.0,0.0,1,4
1548,1,4.0,0.0,1,4
1555,1,5.0,0.0,1,3
1558,1,5.0,0.0,1,3
1561,2,5.0,0.0,2,4
1564,1,5.0,0.0,1,2
1568,2,4.5,0.7071067811865476,2,2
1572,1,4.0,0.0,1,3
1573,4,4.0,0.8164965809277259,4,3
1578,1,3.0,0.0,1,2
1583,1,5.0,0.0,1,3
1586,1,4.0,0.0,1,2
1587,1,5.0,0.0,1,5
1588,2,5.0,0.0,2,3
1589,1,1.0,0.0,1,2
1590,1,1.0,0.0,1,5
1594,1,5.0,0.0,1,3
1595,4,3.5,1.0,3,4
1599,1,5.0,0.0,1,3
1608,1,3.0,0.0,1,2
1609,2,4.5,0.7071067811865476,2,2
1620,2,4.0,1.4142135623730951,2,2
1623,1,4.0,0.0,1,3
1625,3,4.0,1.0,3,3
1634,1,5.0,0.0,1,3
1636,1,4.0,0.0,1,3
1638,4,5.0,0.0,3,2
1639,1,5.0,0.0,1,3
1645,1,5.0,0.0,1,4
1646,1,4.0,0.0,1,4
1647,1,4.0,0.0,1,2
1649,3,4.0,1.0,3,2
1659,1,5.0,0.0,1,3
1661,1,3.0,0.0,1,2
1664,1,4.0,0.0,1,2
1665,1,5.0,0.0,1,3
1666,5,4.6,0.894427190999916,3,2
1667,1,3.0,0.0,1,2
1672,1,3.0,0.0,1,4
1676,5,4.2,0.44721359549995804,4,4
1678,1,5.0,0.0,1,3
1684,3,3.6666666666666665,0.5773502691896257,3,4
1689,1,5.0,0.0,1,5
1692,1,5.0,0.0,1,3
1697,1,4.0,0.0,1,4
1698,3,4.0,1.0,3,5
1700,1,5.0,0.0,1,2
1701,2,5.0,0.0,2,2
1702,1,4.0,0.0,1,4
1707,1,4.0,0.0,1,2
1709,4,2.0,2.0,4,5
1710,1,5.0,0.0,1,2
1711,1,3.0,0.0,1,5
1713,1,3.0,0.0,1,4
1715,1,4.0,0.0,1,3
1720,2,3.0,2.8284271247461903,2,2
1723,1,5.0,0.0,1,3
1724,2,4.5,0.7071067811865476,2,3
1725,1,4.0,0.0,1,3
1728,1,4.0,0.0,1,2
1729,6,4.166666666666667,0.7527726527090811,4,2
1737,1,5.0,0.0,1,2
1738,1,4.0,0.0,1,2
1747,2,4.5,0.7071067811865476,2,3
1748,3,3.0,1.7320508075688772,3,2
1754,3,2.6666666666666665,1.5275252316519465,3,3
1755,1,4.0,0.0,1,2
1757,3,5.0,0.0,3,2
1760,1,5.0,0.0,1,2
1763,1,5.0,0.0,1,4
1766,1,4.0,0.0,1,2
1771,1,5.0,0.0,1,2
1780,1,4.0,0.0,1,4
1792,1,4.0,0.0,1,5
1798,1,4.0,0.0,1,3
1803,1,3.0,0.0,1,4
1810,4,4.5,0.5773502691896258,4,3
1813,2,3.0,2.8284271247461903,2,3
1817,1,3.0,0.0,1,2
1826,1,4.0,0.0,1,3
1827,3,4.333333333333333,0.5773502691896257,3,4
1829,1,5.0,0.0,1,3
1830,1,5.0,0.0,1,2
1833,1,5.0,0.0,1,3
1835,2,5.0,0.0,2,2
1839,1,4.0,0.0,1,3
1842,1,4.0,0.0,1,4
1844,2,5.0,0.0,1,5
1845,4,5.0,0.0,4,3
1847,1,5.0,0.0,1,3
1850,1,3.0,0.0,1,2
1853,1,5.0,0.0,1,4
1867,1,4.0,0.0,1,4
1869,1,5.0,0.0,1,2
1871,1,5.0,0.0,1,2
1873,2,4.5,0.7071067811865476,2,4
1878,3,4.0,0.0,3,2
1879,1,4.0,0.0,1,3
1886,1,2.0,0.0,1,2
1888,1,5.0,0.0,1,5
1889,1,4.0,0.0,1,5
1891,4,5.0,0.0,4,2
1896,1,5.0,0.0,1,4
1898,1,4.0,0.0,1,3
1900,5,4.4,1.3416407864998738,4,2
1905,1,5.0,0.0,1,2
1909,1,2.0,0.0,1,5
1914,1,4.0,0.0,1,4
1917,1,4.0,0.0,1,3
1920,1,5.0,0.0,1,4
1921,1,4.0,0.0,1,4
1928,1,5.0,0.0,1,3
1929,1,4.0,0.0,1,4
1932,1,5.0,0.0,1,4
1936,1,5.0,0.0,1,4
1940,1,5.0,0.0,1,4
1941,18,4.0,0.840168050416806,7,3
1943,1,5.0,0.0,1,1
1945,1,4.0,0.0,1,2
1948,3,4.333333333333333,0.5773502691896257,3,4
1952,1,5.0,0.0,1,3
1953,2,4.5,0.7071067811865476,2,4
1962,1,5.0,0.0,1,4
1963,1,4.0,0.0,1,3
1965,1,4.0,0.0,1,2
1968,2,4.5,0.7071067811865476,2,2
1972,1,5.0,0.0,1,3
1976,1,4.0,0.0,1,3
1986,4,3.75,0.9574271077563381,2,3
1989,2,4.0,1.4142135623730951,2,2
1992,2,2.5,0.7071067811865476,2,3
1999,1,3.0,0.0,1,3
2002,1,3.0,0.0,1,3
2003,2,4.5,0.7071067811865476,2,2
2011,3,3.6666666666666665,1.1547005383792515,3,2
2012,1,5.0,0.0,1,3
2013,1,4.0,0.0,1,3
2014,2,5.0,0.0,2,2
2016,1,5.0,0.0,1,2
2017,1,3.0,0.0,1,2
2022,2,3.5,0.7071067811865476,2,3
2024,1,4.0,0.0,1,3
2028,1,4.0,0.0,1,3
2029,1,5.0,0.0,1,2
2032,1,5.0,0.0,1,3
2033,2,4.0,0.0,2,4
2035,2,4.0,0.0,2,3
2039,3,4.333333333333333,0.5773502691896257,3,2
2041,1,5.0,0.0,1,4
2046,1,5.0,0.0,1,5
2047,1,5.0,0.0,1,3
2049,1,5.0,0.0,1,2
2054,3,4.333333333333333,0.5773502691896257,3,2
2055,1,5.0,0.0,1,2
2056,2,4.5,0.7071067811865476,2,3
2061,2,3.5,0.7071067811865476,2,2
2063,1,2.0,0.0,1,2
2066,1,5.0,0.0,1,2
2069,1,5.0,0.0,1,2
2071,1,4.0,0.0,1,2
2074,1,3.0,0.0,1,4
2082,2,4.0,0.0,2,4
2086,1,3.0,0.0,1,2
2089,1,5.0,0.0,1,3
2094,1,5.0,0.0,1,3
2097,2,4.5,0.7071067811865476,2,2
2102,1,3.0,0.0,1,3
2105,1,5.0,0.0,1,2
2107,1,5.0,0.0,1,3
2108,3,4.666666666666667,0.5773502691896257,2,4
2110,2,4.5,0.7071067811865476,2,2
2113,1,1.0,0.0,1,3
2116,1,5.0,0.0,1,2
2118,2,4.0,0.0,2,2
2119,1,4.0,0.0,1,2
2121,1,4.0,0.0,1,4
2125,1,4.0,0.0,1,2
2126,1,4.0,0.0,1,3
2129,2,5.0,0.0,2,2
2130,1,5.0,0.0,1,3
2131,3,2.6666666666666665,1.5275252316519465,3,2
2138,1,3.0,0.0,1,2
2139,2,4.5,0.7071067811865476,1,3
2149,1,4.0,0.0,1,4
2155,2,5.0,0.0,2,3
2157,1,3.0,0.0,1,4
2158,1,3.0,0.0,1,3
2159,1,4.0,0.0,1,2
2163,3,4.333333333333333,0.5773502691896257,3,4
2171,1,5.0,0.0,1,2
2179,1,5.0,0.0,1,2
2184,1,5.0,0.0,1,2
2197,2,4.5,0.7071067811865476,2,2
2198,1,2.0,0.0,1,2
2199,1,5.0,0.0,1,2
2206,1,4.0,0.0,1,4
2210,1,5.0,0.0,1,4
2212,1,5.0,0.0,1,5
2218,2,3.5,2.1213203435596424,2,2
2221,3,2.3333333333333335,1.5275252316519468,1,2
2223,1,4.0,0.0,1,4
2227,1,4.0,0.0,1,2
2228,3,4.666666666666667,0.5773502691896258,3,4
2236,1,5.0,0.0,1,4
2237,1,4.0,0.0,1,3
2240,2,5.0,0.0,2,2
2243,1,5.0,0.0,1,4
2250,1,4.0,0.0,1,2
2251,1,5.0,0.0,1,2
2252,1,5.0,0.0,1,3
2253,1,4.0,0.0,1,3
2256,3,5.0,0.0,3,3
2259,3,4.333333333333333,0.5773502691896258,3,4
2263,2,4.0,0.0,2,2
2264,1,5.0,0.0,1,2
2267,2,5.0,0.0,2,2
2268,1,5.0,0.0,1,3
2273,1,4.0,0.0,1,4
2277,3,4.0,1.0,3,3
2279,1,3.0,0.0,1,4
2281,2,4.5,0.7071067811865476,2,4
2283,1,5.0,0.0,1,4
2289,1,4.0,0.0,1,5
2294,1,4.0,0.0,1,4
2298,2,5.0,0.0,2,5
2303,2,3.5,0.7071067811865476,2,3
2304,3,4.0,1.7320508075688772,3,2
2307,2,4.0,0.0,2,2
2308,1,5.0,0.0,1,2
2309,1,5.0,0.0,1,3
2317,2,5.0,0.0,2,2
2318,1,5.0,0.0,1,2
2322,1,4.0,0.0,1,4
2324,4,4.25,0.4999999999999999,4,2
2326,1,5.0,0.0,1,2
2331,1,4.0,0.0,1,3
2336,2,4.0,1.4142135623730951,2,3
2338,1,5.0,0.0,1,2
2339,1,4.0,0.0,1,3
2347,1,5.0,0.0,1,4
2356,2,3.5,0.7071067811865476,2,3
2357,1,4.0,0.0,1,3
2358,1,5.0,0.0,1,3
2373,1,5.0,0.0,1,4
2374,1,5.0,0.0,1,4
2377,1,4.0,0.0,1,4
2379,2,5.0,0.0,1,2
2382,1,4.0,0.0,1,5
2384,2,5.0,0.0,1,2
2387,1,5.0,0.0,1,2
2389,2,5.0,0.0,2,3
2390,1,5.0,0.0,1,3
2393,1,5.0,0.0,1,3
2395,1,5.0,0.0,1,2
2401,1,5.0,0.0,1,5
2405,1,5.0,0.0,1,2
2406,1,4.0,0.0,1,2
2414,1,3.0,0.0,1,2
2418,1,3.0,0.0,1,2
2422,3,4.333333333333333,0.5773502691896257,3,3
2424,1,3.0,0.0,1,4
2425,1,5.0,0.0,1,3
2435,1,5.0,0.0,1,5
2436,1,5.0,0.0,1,3
2438,6,3.5,0.8366600265340756,6,2
2448,3,4.666666666666667,0.5773502691896257,2,3
2449,2,4.5,0.7071067811865476,2,2
2463,1,5.0,0.0,1,5
2476,1,4.0,0.0,1,2
2478,1,5.0,0.0,1,5
2480,2,3.0,1.4142135623730951,2,3
2481,1,3.0,0.0,1,4
2482,1,4.0,0.0,1,2
2485,1,5.0,0.0,1,2
2487,2,4.0,1.4142135623730951,2,3
2489,1,5.0,0.0,1,4
2491,1,4.0,0.0,1,4
2493,1,4.0,0.0,1,2
2494,8,3.5,1.5118578920369088,4,2
2498,1,5.0,0.0,1,2
2500,3,4.333333333333333,1.1547005383792517,3,2
2503,2,4.5,0.7071067811865476,1,2
2507,1,5.0,0.0,1,2
2510,3,5.0,0.0,2,2
2511,4,3.5,1.2909944487358056,3,2
2512,1,4.0,0.0,1,4
2517,2,3.0,0.0,2,3
2518,1,5.0,0.0,1,3
2519,2,4.0,0.0,2,2
2526,5,4.0,1.0,3,2
2532,1,4.0,0.0,1,2
2535,1,4.0,0.0,1,5
2538,1,1.0,0.0,1,5
2542,2,4.5,0.7071067811865476,2,2
2543,1,4.0,0.0,1,2
2547,2,4.0,1.4142135623730951,2,3
2552,1,1.0,0.0,1,3
2553,1,5.0,0.0,1,2
2565,1,5.0,0.0,1,2
2569,1,4.0,0.0,1,2
2570,1,1.0,0.0,1,2
2573,1,2.0,0.0,1,3
2579,2,4.5,0.7071067811865476,2,2
2580,1,4.0,0.0,1,2
2584,1,4.0,0.0,1,2
2585,1,5.0,0.0,1,3
2586,1,5.0,0.0,1,4
2589,1,5.0,0.0,1,2
2595,2,5.0,0.0,2,3
2598,2,3.5,0.7071067811865476,2,2
2603,1,5.0,0.0,1,3
2604,1,4.0,0.0,1,4
2607,1,4.0,0.0,1,4
2609,1,5.0,0.0,1,5
2613,1,5.0,0.0,1,2
2615,1,5.0,0.0,1,2
2616,1,5.0,0.0,1,2
2618,1,4.0,0.0,1,2
2621,1,5.0,0.0,1,4
2623,1,3.0,0.0,1,4
2624,1,5.0,0.0,1,4
2626,1,4.0,0.0,1,2
2634,3,4.0,1.0,3,4
2636,1,5.0,0.0,1,2
2637,1,2.0,0.0,1,2
2639,1,5.0,0.0,1,2
2642,2,4.0,1.4142135623730951,2,2
2644,1,5.0,0.0,1,4
2646,2,5.0,0.0,2,5
2648,1,5.0,0.0,1,4
2650,1,5.0,0.0,1,2
2658,1,5.0,0.0,1,2
2666,3,4.0,1.0,3,4
2667,1,4.0,0.0,1,5
2674,2,4.0,1.4142135623730951,2,2
2675,1,5.0,0.0,1,4
2677,3,4.0,1.0,2,2
2678,1,4.0,0.0,1,2
2685,1,3.0,0.0,1,4
2688,2,4.5,0.7071067811865476,2,5
2689,1,5.0,0.0,1,4
2691,1,5.0,0.0,1,2
2692,1,4.0,0.0,1,2
2694,1,4.0,0.0,1,3
2698,2,3.5,2.1213203435596424,2,4
2699,3,4.0,0.0,3,3
2700,2,4.5,0.7071067811865476,2,3
2705,2,5.0,0.0,2,4
2707,1,4.0,0.0,1,5
2713,1,5.0,0.0,1,2
2718,1,5.0,0.0,1,2
2721,1,5.0,0.0,1,2
2722,1,5.0,0.0,1,5
2723,1,5.0,0.0,1,4
2725,1,5.0,0.0,1,2
2726,1,5.0,0.0,1,4
2733,1,4.0,0.0,1,2
2734,1,5.0,0.0,1,2
2741,1,4.0,0.0,1,2
2745,3,4.333333333333333,0.5773502691896257,3,3
2749,3,3.3333333333333335,2.0816659994661326,3,2
2751,1,5.0,0.0,1,4
2753,1,5.0,0.0,1,3
2756,1,3.0,0.0,1,2
2761,1,4.0,0.0,1,5
2764,3,2.0,1.0,1,2
2776,1,5.0,0.0,1,2
2779,1,5.0,0.0,1,5
2784,2,4.5,0.7071067811865476,2,2
2787,1,5.0,0.0,1,2
2790,1,4.0,0.0,1,5
2794,1,5.0,0.0,1,2
2797,1,4.0,0.0,1,2
2800,1,5.0,0.0,1,2
2808,3,4.666666666666667,0.5773502691896258,3,3
2815,2,4.0,0.0,2,2
2817,1,5.0,0.0,1,2
2823,2,3.5,0.7071067811865476,2,2
2829,1,4.0,0.0,1,3
2831,1,5.0,0.0,1,2
2833,1,5.0,0.0,1,2
2834,2,5.0,0.0,2,2
2846,2,4.0,1.4142135623730951,2,4
2854,3,4.333333333333333,0.5773502691896257,3,3
2856,2,5.0,0.0,2,2
2858,1,4.0,0.0,1,2
2859,2,3.0,1.4142135623730951,2,2
2868,7,4.142857142857143,0.6900655593423541,5,2
2870,2,4.0,0.0,1,2
2872,4,4.25,1.5,4,2
2876,1,4.0,0.0,1,3
2878,1,5.0,0.0,1,3
2881,2,2.5,0.7071067811865476,2,3
2893,2,5.0,0.0,1,2
2896,2,4.0,0.0,2,2
2897,2,4.0,1.4142135623730951,2,3
2903,1,5.0,0.0,1,3
2907,2,3.5,2.1213203435596424,2,3
2909,2,3.0,2.8284271247461903,2,2
2923,1,4.0,0.0,1,3
2928,3,3.6666666666666665,0.5773502691896257,3,2
2929,1,5.0,0.0,1,3
2930,1,4.0,0.0,1,4
2931,1,5.0,0.0,1,2
2933,1,4.0,0.0,1,3
2937,2,3.0,0.0,2,2
2938,1,5.0,0.0,1,3
2939,1,4.0,0.0,1,2
2940,1,3.0,0.0,1,4
2949,3,3.6666666666666665,1.5275252316519465,2,4
2957,2,5.0,0.0,2,3
2958,1,5.0,0.0,1,2
2960,4,4.25,1.5,3,3
2962,1,5.0,0.0,1,3
2964,1,5.0,0.0,1,3
2966,1,5.0,0.0,1,2
2967,1,4.0,0.0,1,4
2970,2,5.0,0.0,2,2
2973,3,2.6666666666666665,2.0816659994661326,1,2
2975,1,4.0,0.0,1,2
2976,1,5.0,0.0,1,3
2979,1,5.0,0.0,1,3
2984,3,5.0,0.0,2,2
2985,1,5.0,0.0,1,4
2988,1,4.0,0.0,1,2
2990,1,5.0,0.0,1,2
2993,1,4.0,0.0,1,3
2996,1,5.0,0.0,1,5
2997,1,5.0,0.0,1,4
2998,3,4.666666666666667,0.5773502691896258,3,4
2999,2,4.0,0.0,2,2
3000,1,5.0,0.0,1,2
3003,1,3.0,0.0,1,5
3004,1,3.0,0.0,1,2
3010,2,4.5,0.7071067811865476,2,4
3011,2,4.5,0.7071067811865476,2,2
3012,1,5.0,0.0,1,4
3018,1,5.0,0.0,1,3
3020,1,4.0,0.0,1,2
3025,1,5.0,0.0,1,4
3027,1,1.0,0.0,1,2
3033,1,5.0,0.0,1,4
3034,1,5.0,0.0,1,2
3035,5,3.2,1.3038404810405297,5,2
3038,1,4.0,0.0,1,4
3040,1,1.0,0.0,1,3
3042,1,4.0,0.0,1,2
3043,1,4.0,0.0,1,3
3048,1,1.0,0.0,1,3
3049,2,3.5,0.7071067811865476,2,4
3056,1,4.0,0.0,1,2
3061,1,5.0,0.0,1,2
3062,2,3.5,2.1213203435596424,2,2
3064,1,3.0,0.0,1,3
3067,1,5.0,0.0,1,2
3070,1,4.0,0.0,1,3
3071,1,4.0,0.0,1,3
3074,1,5.0,0.0,1,3
3077,1,5.0,0.0,1,3
3080,2,4.0,0.0,2,4
3082,1,5.0,0.0,1,3
3088,2,4.5,0.7071067811865476,2,3
3089,1,5.0,0.0,1,3
3093,1,4.0,0.0,1,5
3100,1,4.0,0.0,1,4
3101,1,3.0,0.0,1,3
3106,1,5.0,0.0,1,4
3107,1,5.0,0.0,1,3
3108,3,4.333333333333333,1.1547005383792515,3,2
3111,3,4.666666666666667,0.5773502691896257,3,2
3117,1,4.0,0.0,1,2
3127,1,4.0,0.0,1,2
3134,1,4.0,0.0,1,3
3136,1,5.0,0.0,1,3
3142,1,5.0,0.0,1,2
3143,1,1.0,0.0,1,2
3146,2,4.0,1.4142135623730951,2,2
3147,1,4.0,0.0,1,2
3148,1,3.0,0.0,1,2
3150,3,3.6666666666666665,0.5773502691896258,3,2
3158,1,5.0,0.0,1,2
3159,1,4.0,0.0,1,2
3161,1,5.0,0.0,1,2
3163,1,5.0,0.0,1,3
3164,1,5.0,0.0,1,3
3165,2,2.0,1.4142135623730951,2,2
3170,1,5.0,0.0,1,2
3174,1,4.0,0.0,1,2
3181,1,5.0,0.0,1,4
3182,1,5.0,0.0,1,3
3183,1,3.0,0.0,1,2
3185,1,4.0,0.0,1,3
3190,3,3.3333333333333335,1.1547005383792515,3,3
3191,6,3.5,1.0488088481701514,5,4
3198,1,5.0,0.0,1,3
3199,1,3.0,0.0,1,3
3200,6,5.0,0.0,6,2
3202,1,4.0,0.0,1,2
3205,2,4.5,0.7071067811865476,1,2
3208,1,5.0,0.0,1,4
3218,2,3.0,0.0,2,2
3219,1,5.0,0.0,1,3
3222,6,4.333333333333333,0.816496580927726,5,2
3235,1,5.0,0.0,1,3
3236,1,3.0,0.0,1,4
3237,2,4.5,0.7071067811865476,2,3
3238,2,4.0,0.0,2,3
3247,1,4.0,0.0,1,2
3249,2,5.0,0.0,2,5
3251,1,5.0,0.0,1,2
3252,1,4.0,0.0,1,5
3254,2,2.5,0.7071067811865476,2,2
3255,1,4.0,0.0,1,3
3259,1,2.0,0.0,1,3
3260,2,4.5,0.7071067811865476,2,3
3265,1,5.0,0.0,1,2
3270,1,4.0,0.0,1,5
3272,1,4.0,0.0,1,3
3275,1,3.0,0.0,1,3
3282,2,4.5,0.7071067811865476,2,2
3283,1,5.0,0.0,1,3
3296,1,5.0,0.0,1,2
3304,2,4.5,0.7071067811865476,2,3
3307,1,5.0,0.0,1,5
3310,2,4.5,0.7071067811865476,1,2
3315,1,4.0,0.0,1,4
3319,1,5.0,0.0,1,3
3320,1,5.0,0.0,1,2
3322,1,4.0,0.0,1,2
3326,2,2.0,1.4142135623730951,2,4
3327,1,4.0,0.0,1,2
3328,3,4.666666666666667,0.5773502691896258,3,4
3329,2,5.0,0.0,2,3
3332,1,2.0,0.0,1,2
3334,1,3.0,0.0,1,2
3339,7,4.285714285714286,0.48795003647426655,6,3
3341,1,4.0,0.0,1,3
3342,2,4.0,1.4142135623730951,2,4
3345,1,3.0,0.0,1,3
3348,1,4.0,0.0,1,3
3353,2,5.0,0.0,2,2
3358,1,3.0,0.0,1,2
3361,1,5.0,0.0,1,2
3362,1,5.0,0.0,1,2
3363,1,4.0,0.0,1,4
3367,2,4.0,0.0,2,3
3368,1,5.0,0.0,1,4
3369,1,5.0,0.0,1,3
3373,1,4.0,0.0,1,2
3374,1,3.0,0.0,1,2
3376,1,5.0,0.0,1,2
3378,1,5.0,0.0,1,4
3384,1,3.0,0.0,1,2
3386,3,3.6666666666666665,0.5773502691896258,3,2
3387,3,4.0,1.0,1,2
3388,1,5.0,0.0,1,2
3390,2,5.0,0.0,1,3
3401,1,5.0,0.0,1,3
3402,5,4.6,0.5477225575051662,5,4
3403,1,4.0,0.0,1,2
3409,1,5.0,0.0,1,3
3413,1,3.0,0.0,1,2
3414,1,5.0,0.0,1,2
3415,2,4.5,0.7071067811865476,2,2
3416,1,5.0,0.0,1,2
3418,1,2.0,0.0,1,2
3420,1,5.0,0.0,1,4
3423,1,2.0,0.0,1,2
3425,1,1.0,0.0,1,2
3430,1,4.0,0.0,1,2
3431,2,4.5,0.7071067811865476,2,2
3432,2,3.5,0.7071067811865476,2,2
3441,1,5.0,0.0,1,5
3445,1,5.0,0.0,1,2
3447,2,4.0,1.4142135623730951,1,3
3448,1,5.0,0.0,1,4
3450,1,5.0,0.0,1,3
3455,2,4.5,0.7071067811865476,2,3
3456,3,3.6666666666666665,0.5773502691896258,3,2
3457,1,4.0,0.0,1,3
3458,1,5.0,0.0,1,3
3460,1,2.0,0.0,1,3
3461,2,4.0,0.0,2,2
3464,1,5.0,0.0,1,2
3465,1,5.0,0.0,1,3
3466,3,4.333333333333333,1.1547005383792517,3,3
3467,1,5.0,0.0,1,2
3468,2,5.0,0.0,2,4
3473,4,4.75,0.4999999999999999,4,4
3479,2,4.5,0.7071067811865476,2,2
3487,5,4.0,0.7071067811865475,5,2
3488,1,3.0,0.0,1,5
3491,1,5.0,0.0,1,4
3499,3,4.0,0.0,3,2
3510,1,4.0,0.0,1,3
3514,3,4.0,1.0,2,4
3517,2,5.0,0.0,2,4
3520,1,4.0,0.0,1,4
3521,1,4.0,0.0,1,2
3522,2,5.0,0.0,1,3
3531,1,4.0,0.0,1,3
3534,1,5.0,0.0,1,2
3541,1,4.0,0.0,1,2
3543,1,4.0,0.0,1,2
3545,2,5.0,0.0,2,2
3547,1,5.0,0.0,1,4
3552,12,4.833333333333333,0.38924947208076144,5,3
3557,1,5.0,0.0,1,5
3559,1,4.0,0.0,1,2
3564,1,4.0,0.0,1,5
3566,1,4.0,0.0,1,4
3568,2,5.0,0.0,1,3
3570,2,4.0,0.0,2,3
3577,1,5.0,0.0,1,2
3583,1,5.0,0.0,1,3
3585,5,4.2,0.8366600265340756,3,2
3589,2,5.0,0.0,2,2
3591,1,5.0,0.0,1,3
3592,2,3.0,1.4142135623730951,2,2
3594,2,2.5,0.7071067811865476,2,2
3596,2,5.0,0.0,2,4
3598,1,5.0,0.0,1,4
3607,1,5.0,0.0,1,4
3608,1,5.0,0.0,1,2
3609,1,5.0,0.0,1,3
3614,2,3.5,0.7071067811865476,2,1
3615,1,4.0,0.0,1,3
3616,1,4.0,0.0,1,3
3617,1,4.0,0.0,1,5
3619,2,4.0,0.0,2,4
3623,1,3.0,0.0,1,5
3627,1,4.0,0.0,1,3
3630,1,3.0,0.0,1,4
3632,3,4.666666666666667,0.5773502691896258,2,2
3638,1,5.0,0.0,1,2
3643,3,3.6666666666666665,0.5773502691896257,3,2
3648,1,5.0,0.0,1,3
3653,1,4.0,0.0,1,4
3655,1,5.0,0.0,1,2
3658,1,4.0,0.0,1,2
3660,2,5.0,0.0,1,2
3663,3,5.0,0.0,3,4
3664,1,4.0,0.0,1,4
3666,1,5.0,0.0,1,2
3668,1,5.0,0.0,1,2
3669,4,4.25,0.957427107756338,3,3
3671,2,2.5,0.7071067811865476,2,3
3673,2,4.5,0.7071067811865476,2,3
3674,1,3.0,0.0,1,2
3675,1,5.0,0.0,1,4
3677,1,3.0,0.0,1,2
3679,1,5.0,0.0,1,2
3680,2,4.0,1.4142135623730951,2,2
3684,1,4.0,0.0,1,2
3685,3,4.0,1.0,3,2
3688,1,5.0,0.0,1,3
3692,1,5.0,0.0,1,3
3693,3,3.3333333333333335,0.5773502691896257,2,2
3695,2,4.0,0.0,2,3
3697,2,3.5,0.7071067811865476,2,5
3698,2,3.5,0.7071067811865476,2,3
3699,2,5.0,0.0,2,2
3702,1,5.0,0.0,1,3
3709,1,5.0,0.0,1,5
3711,1,4.0,0.0,1,3
3712,1,3.0,0.0,1,3
3718,2,4.5,0.7071067811865476,2,2
3719,1,5.0,0.0,1,2
3721,1,5.0,0.0,1,2
3722,3,4.666666666666667,0.5773502691896258,3,2
3725,1,1.0,0.0,1,4
3728,1,5.0,0.0,1,2
3732,1,5.0,0.0,1,5
3735,1,4.0,0.0,1,2
3736,2,3.5,0.7071067811865476,2,4
3741,1,4.0,0.0,1,2
3744,1,5.0,0.0,1,2
3745,3,3.3333333333333335,0.5773502691896257,2,4
3750,2,3.5,0.7071067811865476,2,2
3752,1,4.0,0.0,1,2
3754,2,4.5,0.7071067811865476,1,3
3756,1,5.0,0.0,1,3
3758,2,4.5,0.7071067811865476,2,2
3759,1,5.0,0.0,1,4
3760,1,5.0,0.0,1,3
3763,1,5.0,0.0,1,2
3767,1,4.0,0.0,1,4
3768,2,3.5,2.1213203435596424,2,2
3771,1,5.0,0.0,1,2
3773,1,5.0,0.0,1,2
3774,3,3.6666666666666665,0.5773502691896258,3,4
3775,1,5.0,0.0,1,5
3777,2,5.0,0.0,1,3
3783,2,4.5,0.7071067811865476,2,3
3785,1,3.0,0.0,1,2
3788,1,3.0,0.0,1,2
3793,1,2.0,0.0,1,3
3797,2,4.0,0.0,2,4
3798,1,4.0,0.0,1,3
3802,4,3.5,1.7320508075688772,4,2
3803,1,5.0,0.0,1,4
3807,2,3.0,0.0,1,2
3811,1,1.0,0.0,1,4
3814,1,3.0,0.0,1,4
3815,1,4.0,0.0,1,5
3816,1,5.0,0.0,1,2
3820,2,3.0,1.4142135623730951,2,3
3821,1,4.0,0.0,1,2
3822,1,5.0,0.0,1,4
3826,1,2.0,0.0,1,4
3829,1,4.0,0.0,1,4
3832,3,4.0,0.0,3,4
3840,1,4.0,0.0,1,4
3850,5,4.4,0.8944271909999159,4,2
3853,1,2.0,0.0,1,2
3854,1,4.0,0.0,1,3
3856,1,3.0,0.0,1,4
3857,1,3.0,0.0,1,3
3864,1,5.0,0.0,1,3
3875,1,5.0,0.0,1,3
3877,1,5.0,0.0,1,2
3885,2,5.0,0.0,1,2
3890,2,4.5,0.7071067811865476,2,2
3891,1,5.0,0.0,1,3
3896,1,4.0,0.0,1,3
3897,2,5.0,0.0,2,1
3898,1,5.0,0.0,1,5
3901,1,5.0,0.0,1,2
3907,2,4.0,1.4142135623730951,2,2
3908,1,5.0,0.0,1,3
3910,1,4.0,0.0,1,2
3912,3,4.0,0.0,3,3
3919,1,5.0,0.0,1,3
3922,3,3.6666666666666665,1.1547005383792517,2,2
3923,1,4.0,0.0,1,5
3924,1,2.0,0.0,1,2
3928,3,4.666666666666667,0.5773502691896257,3,4
3936,1,5.0,0.0,1,3
3937,3,4.0,0.0,2,2
3938,1,5.0,0.0,1,2
3942,1,5.0,0.0,1,5
3948,1,5.0,0.0,1,3
3949,1,4.0,0.0,1,4
3951,1,5.0,0.0,1,2
3954,1,4.0,0.0,1,4
3955,1,5.0,0.0,1,3
3957,1,4.0,0.0,1,3
3958,1,4.0,0.0,1,2
3961,1,4.0,0.0,1,3
3963,3,4.333333333333333,0.5773502691896258,3,3
3965,1,5.0,0.0,1,2
3967,1,4.0,0.0,1,5
3968,2,5.0,0.0,2,4
3973,1,2.0,0.0,1,2
3983,1,3.0,0.0,1,5
3984,1,5.0,0.0,1,3
3993,2,2.5,0.7071067811865476,2,2
3996,1,4.0,0.0,1,2
4003,2,4.5,0.7071067811865476,2,3
4015,1,4.0,0.0,1,3
4025,7,4.142857142857143,0.6900655593423541,3,3
4033,1,4.0,0.0,1,2
4034,14,4.785714285714286,0.5789342235218394,7,5
4041,1,5.0,0.0,1,4
4043,1,4.0,0.0,1,2
4047,2,4.0,0.0,2,2
4050,1,4.0,0.0,1,3
4051,4,4.75,0.5,4,5
4053,2,4.0,1.4142135623730951,2,2
4054,2,4.5,0.7071067811865476,1,2
4055,1,4.0,0.0,1,4
4059,1,5.0,0.0,1,4
4061,2,3.5,0.7071067811865476,2,2
4063,2,4.0,0.0,2,2
4065,3,5.0,0.0,3,2
4068,2,3.0,2.8284271247461903,1,2
4071,1,1.0,0.0,1,2
4072,1,1.0,0.0,1,4
4081,1,3.0,0.0,1,2
4082,1,5.0,0.0,1,2
4084,2,5.0,0.0,2,2
4086,1,3.0,0.0,1,4
4091,1,4.0,0.0,1,4
4095,1,5.0,0.0,1,3
4098,1,5.0,0.0,1,3
4099,1,3.0,0.0,1,5
4100,1,5.0,0.0,1,2
4103,1,3.0,0.0,1,2
4104,1,5.0,0.0,1,2
4105,5,4.8,0.4472135954999579,3,3
4107,2,2.0,1.4142135623730951,2,2
4108,1,4.0,0.0,1,4
4110,1,2.0,0.0,1,2
4113,2,4.5,0.7071067811865476,2,3
4117,3,4.0,1.7320508075688772,3,2
4118,1,5.0,0.0,1,2
4119,2,3.5,0.7071067811865476,2,4
4120,1,5.0,0.0,1,3
4123,1,5.0,0.0,1,4
4128,1,5.0,0.0,1,5
4134,1,5.0,0.0,1,2
4135,1,2.0,0.0,1,2
4143,1,5.0,0.0,1,3
4146,1,4.0,0.0,1,2
4147,1,4.0,0.0,1,2
4153,3,4.0,1.0,3,4
4159,1,1.0,0.0,1,3
4162,1,5.0,0.0,1,2
4167,1,4.0,0.0,1,2
4171,2,5.0,0.0,2,2
4179,1,4.0,0.0,1,3
4180,1,2.0,0.0,1,1
4182,1,4.0,0.0,1,4
4189,2,5.0,0.0,2,2
4191,1,4.0,0.0,1,4
4195,1,5.0,0.0,1,4
4196,1,5.0,0.0,1,2
4198,2,4.5,0.7071067811865476,2,2
4199,2,4.0,1.4142135623730951,2,2
4203,1,5.0,0.0,1,2
4204,1,5.0,0.0,1,3
4205,1,5.0,0.0,1,3
4206,2,4.5,0.7071067811865476,1,2
4217,3,4.0,1.0,2,3
4218,1,4.0,0.0,1,4
4222,1,3.0,0.0,1,5
4231,1,4.0,0.0,1,4
4235,1,3.0,0.0,1,2
4241,2,5.0,0.0,2,2
4247,1,5.0,0.0,1,2
4254,1,5.0,0.0,1,5
4255,1,5.0,0.0,1,2
4258,2,3.5,2.1213203435596424,2,2
4259,1,4.0,0.0,1,5
4260,2,5.0,0.0,2,2
4261,1,4.0,0.0,1,2
4262,1,5.0,0.0,1,3
4263,1,5.0,0.0,1,3
4273,1,2.0,0.0,1,2
4274,2,5.0,0.0,2,3
4275,2,5.0,0.0,2,3
4276,1,4.0,0.0,1,2
4277,2,3.5,0.7071067811865476,2,3
4278,2,4.5,0.7071067811865476,2,2
4282,1,5.0,0.0,1,2
4283,2,5.0,0.0,2,4
4284,3,4.666666666666667,0.5773502691896257,3,5
4295,1,5.0,0.0,1,3
4296,2,4.5,0.7071067811865476,2,3
4297,1,4.0,0.0,1,2
4299,1,4.0,0.0,1,3
4305,1,4.0,0.0,1,4
4307,1,4.0,0.0,1,3
4309,1,5.0,0.0,1,2
4311,1,5.0,0.0,1,4
4317,1,4.0,0.0,1,4
4318,1,3.0,0.0,1,2
4319,1,4.0,0.0,1,2
4322,2,5.0,0.0,2,2
4323,1,4.0,0.0,1,4
4324,2,3.0,1.4142135623730951,1,2
4326,1,5.0,0.0,1,3
4331,1,4.0,0.0,1,3
4337,1,5.0,0.0,1,2
4339,3,5.0,0.0,3,2
4340,1,4.0,0.0,1,3
4344,1,5.0,0.0,1,3
4349,1,5.0,0.0,1,3
4350,3,4.0,1.0,3,2
4357,2,3.0,0.0,2,3
4362,1,4.0,0.0,1,2
4366,1,5.0,0.0,1,2
4367,1,3.0,0.0,1,4
4368,2,3.5,0.7071067811865476,2,2
4371,4,4.5,0.9999999999999999,1,5
4372,1,5.0,0.0,1,3
4373,4,3.0,2.309401076758503,4,3
4375,1,5.0,0.0,1,3
4376,3,3.3333333333333335,2.0816659994661326,3,3
4377,2,4.5,0.7071067811865476,2,2
4378,1,4.0,0.0,1,2
4382,1,5.0,0.0,1,3
4388,1,4.0,0.0,1,3
4390,7,3.2857142857142856,1.2535663410560174,5,2
4391,1,3.0,0.0,1,1
4397,1,5.0,0.0,1,4
4398,2,3.5,0.7071067811865476,2,3
4401,1,4.0,0.0,1,2
4410,3,4.666666666666667,0.5773502691896258,3,4
4422,1,5.0,0.0,1,2
4423,1,5.0,0.0,1,2
4424,1,4.0,0.0,1,3
4426,1,5.0,0.0,1,4
4427,1,4.0,0.0,1,3
4428,2,4.0,0.0,2,3
4430,1,5.0,0.0,1,2
4431,1,3.0,0.0,1,2
4436,1,4.0,0.0,1,2
4437,1,4.0,0.0,1,3
4440,3,4.666666666666667,0.5773502691896257,3,2
4449,2,5.0,0.0,1,2
4453,1,5.0,0.0,1,2
4456,1,2.0,0.0,1,2
4459,1,5.0,0.0,1,4
4462,6,4.333333333333333,0.5163977794943224,4,3
4470,1,4.0,0.0,1,2
4472,1,5.0,0.0,1,4
4473,2,2.5,2.1213203435596424,2,5
4478,1,5.0,0.0,1,4
4479,1,5.0,0.0,1,5
4480,1,5.0,0.0,1,2
4486,1,5.0,0.0,1,3
4491,3,4.0,1.0,3,5
4493,1,4.0,0.0,1,2
4494,2,4.0,0.0,2,2
4495,1,5.0,0.0,1,3
4499,1,5.0,0.0,1,2
4500,2,3.0,0.0,2,2
4506,2,4.5,0.7071067811865476,2,2
4507,1,4.0,0.0,1,2
4514,1,5.0,0.0,1,2
4516,1,3.0,0.0,1,2
4517,2,4.5,0.7071067811865476,2,3
4532,1,5.0,0.0,1,3
4533,1,4.0,0.0,1,3
4534,1,2.0,0.0,1,3
4535,2,4.0,1.4142135623730951,2,4
4539,2,5.0,0.0,2,2
4546,2,3.5,0.7071067811865476,2,3
4547,1,5.0,0.0,1,3
4549,1,5.0,0.0,1,3
4551,1,2.0,0.0,1,2
4553,3,5.0,0.0,3,4
4554,3,3.6666666666666665,2.3094010767585034,2,2
4555,1,4.0,0.0,1,3
4560,1,5.0,0.0,1,3
4561,1,5.0,0.0,1,3
4569,1,2.0,0.0,1,5
4570,1,5.0,0.0,1,2
4573,1,3.0,0.0,1,3
4576,3,4.333333333333333,1.1547005383792517,3,3
4581,1,4.0,0.0,1,2
4583,1,2.0,0.0,1,2
4584,1,5.0,0.0,1,4
4585,2,4.0,0.0,2,2
4593,1,4.0,0.0,1,3
4596,1,3.0,0.0,1,5
4597,4,4.75,0.5,3,2
4599,1,2.0,0.0,1,2
4602,1,4.0,0.0,1,4
4611,1,4.0,0.0,1,2
4612,1,3.0,0.0,1,2
4616,1,5.0,0.0,1,3
4627,3,2.6666666666666665,2.0816659994661326,3,4
4630,1,2.0,0.0,1,3
4632,1,5.0,0.0,1,2
4633,1,4.0,0.0,1,2
4634,1,3.0,0.0,1,2
4635,4,4.25,0.9574271077563382,4,4
4638,1,5.0,0.0,1,2
4640,2,4.5,0.7071067811865476,2,5
4641,1,5.0,0.0,1,2
4642,3,4.666666666666667,0.5773502691896257,3,2
4643,1,4.0,0.0,1,4
4647,1,4.0,0.0,1,4
4650,1,4.0,0.0,1,2
4653,1,5.0,0.0,1,2
4657,1,5.0,0.0,1,2
4660,2,3.0,0.0,2,2
4661,3,3.6666666666666665,0.5773502691896258,3,2
4662,1,4.0,0.0,1,4
4669,1,5.0,0.0,1,3
4671,2,4.5,0.7071067811865476,2,2
4677,2,4.5,0.7071067811865476,2,2
4678,1,4.0,0.0,1,5
4680,2,5.0,0.0,2,4
4683,1,4.0,0.0,1,2
4688,2,5.0,0.0,2,4
4689,3,4.666666666666667,0.5773502691896258,3,2
4691,2,5.0,0.0,1,2
4692,1,5.0,0.0,1,3
4702,2,2.5,2.1213203435596424,2,2
4703,2,5.0,0.0,2,3
4704,1,3.0,0.0,1,2
4714,1,4.0,0.0,1,2
4716,3,3.3333333333333335,1.1547005383792517,2,3
4721,1,4.0,0.0,1,2
4723,1,3.0,0.0,1,3
4729,4,3.5,1.7320508075688772,4,2
4730,1,4.0,0.0,1,3
4731,1,4.0,0.0,1,2
4733,1,3.0,0.0,1,2
4737,1,5.0,0.0,1,3
4739,1,5.0,0.0,1,2
4740,1,5.0,0.0,1,3
4747,3,3.6666666666666665,0.5773502691896258,3,2
4748,1,5.0,0.0,1,2
4750,1,2.0,0.0,1,3
4754,1,5.0,0.0,1,3
4755,3,4.666666666666667,0.5773502691896257,3,2
4759,1,5.0,0.0,1,2
4762,1,4.0,0.0,1,2
4764,2,5.0,0.0,2,5
4766,2,4.0,1.4142135623730951,2,3
4768,2,4.5,0.7071067811865476,2,2
4772,1,4.0,0.0,1,2
4774,2,3.5,2.1213203435596424,2,3
4776,1,4.0,0.0,1,4
4778,1,4.0,0.0,1,3
4780,2,3.5,2.1213203435596424,2,2
4781,1,5.0,0.0,1,3
4783,1,5.0,0.0,1,2
4785,1,5.0,0.0,1,3
4786,2,4.5,0.7071067811865476,1,4
4787,1,5.0,0.0,1,3
4789,2,5.0,0.0,2,3
4797,2,4.0,1.4142135623730951,2,1
4800,1,5.0,0.0,1,3
4801,1,2.0,0.0,1,2
4804,2,5.0,0.0,2,2
4807,1,5.0,0.0,1,2
4809,2,5.0,0.0,2,3
4812,2,2.0,1.4142135623730951,2,3
4813,1,2.0,0.0,1,3
4817,2,4.0,0.0,2,2
4819,1,4.0,0.0,1,3
4822,2,4.5,0.7071067811865476,2,4
4823,1,4.0,0.0,1,3
4825,1,5.0,0.0,1,3
4826,1,4.0,0.0,1,3
4835,3,4.333333333333333,1.1547005383792517,2,2
4839,1,4.0,0.0,1,2
4840,1,3.0,0.0,1,2
4844,2,4.5,0.7071067811865476,2,2
4846,2,4.0,0.0,2,2
4848,1,4.0,0.0,1,2
4852,4,4.25,0.5,4,4
4854,1,5.0,0.0,1,3
4856,1,3.0,0.0,1,1
4861,3,4.333333333333333,0.5773502691896257,3,3
4866,1,3.0,0.0,1,4
4867,2,4.0,0.0,2,3
4879,5,4.6,0.5477225575051661,4,2
4880,1,5.0,0.0,1,3
4885,2,4.5,0.7071067811865476,2,2
4886,1,5.0,0.0,1,4
4887,1,2.0,0.0,1,4
4892,1,3.0,0.0,1,2
4893,1,5.0,0.0,1,3
4895,2,4.0,0.0,2,3
4896,1,4.0,0.0,1,4
4900,1,4.0,0.0,1,4
4902,1,4.0,0.0,1,2
4903,3,4.333333333333333,0.5773502691896257,2,4
4906,3,4.333333333333333,0.5773502691896258,3,4
4907,1,5.0,0.0,1,3
4909,1,5.0,0.0,1,3
4911,1,5.0,0.0,1,4
4913,3,5.0,0.0,3,4
4917,2,3.5,0.7071067811865476,2,2
4918,1,4.0,0.0,1,2
4921,1,4.0,0.0,1,2
4932,1,5.0,0.0,1,2
4933,2,3.5,0.7071067811865476,2,3
4935,1,5.0,0.0,1,2
4936,1,5.0,0.0,1,1
4941,2,4.5,0.7071067811865476,2,2
4942,1,3.0,0.0,1,5
4943,1,4.0,0.0,1,2
4946,1,5.0,0.0,1,2
4948,1,3.0,0.0,1,2
4949,1,3.0,0.0,1,3
4950,1,5.0,0.0,1,2
4953,1,5.0,0.0,1,4
4955,1,5.0,0.0,1,3
4957,1,4.0,0.0,1,2
4959,1,5.0,0.0,1,2
4960,1,3.0,0.0,1,2
4964,2,4.5,0.7071067811865476,2,2
4966,1,4.0,0.0,1,2
4968,1,4.0,0.0,1,2
4969,1,5.0,0.0,1,4
4970,1,4.0,0.0,1,4
4977,3,4.0,0.0,3,5
4979,5,4.0,0.7071067811865475,5,2
4981,2,4.5,0.7071067811865476,2,2
4982,2,3.5,0.7071067811865476,2,3
4984,3,4.333333333333333,1.1547005383792515,3,1
4991,1,2.0,0.0,1,5
4994,1,1.0,0.0,1,4
4995,1,3.0,0.0,1,4
4996,6,4.833333333333333,0.408248290463863,4,2
5001,1,4.0,0.0,1,2
5007,2,3.5,2.1213203435596424,2,3
5013,1,5.0,0.0,1,3
5014,3,4.333333333333333,0.5773502691896257,3,2
5016,4,4.5,0.5773502691896258,4,3
5019,2,4.5,0.7071067811865476,2,2
5020,1,4.0,0.0,1,2
5021,5,4.0,0.7071067811865476,4,3
5022,2,4.5,0.7071067811865476,2,2
5030,4,4.0,0.816496580927726,4,3
5038,1,5.0,0.0,1,2
5039,1,5.0,0.0,1,5
5040,1,4.0,0.0,1,3
5046,1,3.0,0.0,1,3
5049,14,4.0,1.1766968108291043,7,2
5052,3,3.0,1.7320508075688772,3,3
5055,1,5.0,0.0,1,3
5056,1,4.0,0.0,1,4
5065,3,5.0,0.0,3,2
5067,1,4.0,0.0,1,5
5070,1,5.0,0.0,1,2
5071,1,5.0,0.0,1,2
5074,2,5.0,0.0,2,3
5076,1,3.0,0.0,1,3
5078,3,4.0,1.0,3,2
5080,5,4.8,0.44721359549995787,3,3
5081,1,5.0,0.0,1,2
5082,1,2.0,0.0,1,2
5085,1,4.0,0.0,1,3
5089,1,5.0,0.0,1,3
5091,1,4.0,0.0,1,2
5094,1,5.0,0.0,1,2
5096,1,5.0,0.0,1,3
5097,1,4.0,0.0,1,3
5101,2,3.0,2.8284271247461903,2,2
5111,4,4.25,1.5,4,3
5112,1,5.0,0.0,1,5
5113,1,5.0,0.0,1,4
5121,1,4.0,0.0,1,2
5128,1,3.0,0.0,1,4
5133,1,5.0,0.0,1,4
5135,1,5.0,0.0,1,2
5137,1,5.0,0.0,1,3
5138,1,5.0,0.0,1,2
5140,2,2.5,0.7071067811865476,2,4
5143,1,5.0,0.0,1,3
5145,1,3.0,0.0,1,3
5147,1,3.0,0.0,1,4
5154,1,4.0,0.0,1,5
5155,9,4.222222222222222,0.8333333333333334,6,3
5158,1,1.0,0.0,1,4
5160,1,5.0,0.0,1,2
5161,3,3.3333333333333335,1.5275252316519468,3,4
5163,2,4.5,0.7071067811865476,2,2
5169,2,5.0,0.0,2,5
5172,2,4.0,0.0,2,2
5179,1,4.0,0.0,1,3
5183,1,2.0,0.0,1,3
5188,1,4.0,0.0,1,2
5189,1,3.0,0.0,1,4
5190,1,5.0,0.0,1,2
5205,2,4.0,0.0,2,2
5207,1,5.0,0.0,1,4
5210,1,5.0,0.0,1,4
5211,2,5.0,0.0,2,3
5213,1,5.0,0.0,1,2
5215,1,4.0,0.0,1,2
5222,1,4.0,0.0,1,4
5225,1,5.0,0.0,1,4
5232,1,5.0,0.0,1,3
5234,1,3.0,0.0,1,4
5236,1,5.0,0.0,1,5
5237,1,5.0,0.0,1,3
5246,1,4.0,0.0,1,2
5257,1,5.0,0.0,1,2
5260,3,3.3333333333333335,1.1547005383792515,2,4
5265,4,4.25,0.9574271077563382,3,3
5267,1,3.0,0.0,1,2
5274,1,5.0,0.0,1,2
5275,1,5.0,0.0,1,3
5280,1,5.0,0.0,1,2
5284,2,4.0,0.0,2,2
5288,2,5.0,0.0,2,2
5290,1,5.0,0.0,1,4
5295,1,5.0,0.0,1,2
5300,3,4.0,1.0,2,2
5304,2,5.0,0.0,2,2
5305,1,5.0,0.0,1,2
5306,3,3.0,1.0,3,2
5307,1,3.0,0.0,1,2
5308,1,5.0,0.0,1,4
5311,3,4.0,0.0,3,5
5316,1,4.0,0.0,1,4
5318,3,3.6666666666666665,1.1547005383792515,2,4
5320,3,4.0,1.0,3,3
5323,1,4.0,0.0,1,4
5325,1,5.0,0.0,1,2
5326,2,3.5,0.7071067811865476,2,2
5328,1,4.0,0.0,1,3
5329,1,4.0,0.0,1,2
5330,1,5.0,0.0,1,2
5331,1,2.0,0.0,1,3
5342,1,3.0,0.0,1,2
5346,2,5.0,0.0,2,4
5348,1,3.0,0.0,1,5
5350,2,5.0,0.0,2,3
5353,1,5.0,0.0,1,2
5358,1,5.0,0.0,1,2
5361,1,5.0,0.0,1,2
5369,1,4.0,0.0,1,2
5371,1,5.0,0.0,1,5
5376,1,5.0,0.0,1,5
5377,1,4.0,0.0,1,2
5378,3,4.333333333333333,1.1547005383792515,2,2
5380,1,4.0,0.0,1,3
5386,1,3.0,0.0,1,4
5387,2,4.5,0.7071067811865476,1,2
5388,2,3.0,0.0,2,2
5390,1,5.0,0.0,1,2
5391,1,5.0,0.0,1,2
5393,2,4.0,0.0,2,3
5395,1,5.0,0.0,1,3
5396,3,4.666666666666667,0.5773502691896258,3,2
5403,1,4.0,0.0,1,2
5407,2,4.0,0.0,2,4
5408,1,4.0,0.0,1,2
5418,1,5.0,0.0,1,2
5419,1,5.0,0.0,1,5
5422,2,5.0,0.0,2,2
5429,3,4.0,0.0,2,2
5430,1,5.0,0.0,1,3
5435,1,3.0,0.0,1,4
5436,1,4.0,0.0,1,2
5439,1,4.0,0.0,1,2
5444,2,4.5,0.7071067811865476,2,2
5446,1,4.0,0.0,1,5
5450,1,5.0,0.0,1,2
5451,1,4.0,0.0,1,2
5454,1,3.0,0.0,1,3
5457,2,4.5,0.7071067811865476,2,2
5459,1,3.0,0.0,1,2
5466,2,5.0,0.0,2,3
5469,2,3.5,0.7071067811865476,1,5
5473,1,5.0,0.0,1,3
5484,2,4.0,0.0,2,2
5487,2,4.0,1.4142135623730951,2,2
5490,2,2.0,0.0,2,5
5492,1,4.0,0.0,1,4
5493,1,3.0,0.0,1,2
5497,1,4.0,0.0,1,2
5498,1,1.0,0.0,1,2
5502,1,4.0,0.0,1,2
5503,1,2.0,0.0,1,4
5504,5,4.0,0.0,4,2
5506,2,4.0,0.0,2,2
5507,1,4.0,0.0,1,2
5508,1,5.0,0.0,1,4
5512,1,5.0,0.0,1,2
5515,5,4.0,0.7071067811865475,5,2
5522,1,5.0,0.0,1,3
5529,1,4.0,0.0,1,2
5534,1,5.0,0.0,1,3
5535,1,5.0,0.0,1,2
5536,1,4.0,0.0,1,3
5543,2,4.5,0.7071067811865476,2,2
5544,1,5.0,0.0,1,3
5546,1,5.0,0.0,1,2
5551,4,3.5,0.5773502691896257,4,3
5553,3,3.3333333333333335,1.5275252316519468,3,3
5563,1,4.0,0.0,1,3
5564,1,4.0,0.0,1,3
5566,1,1.0,0.0,1,2
5568,3,4.0,1.0,3,2
5570,1,4.0,0.0,1,2
5572,1,4.0,0.0,1,2
5573,1,4.0,0.0,1,3
5574,1,4.0,0.0,1,3
5578,5,4.0,1.0,5,2
5579,1,5.0,0.0,1,3
5583,1,5.0,0.0,1,4
5584,2,4.0,0.0,2,4
5591,1,4.0,0.0,1,3
5592,2,5.0,0.0,2,2
5596,2,5.0,0.0,2,4
5602,1,5.0,0.0,1,3
5604,1,5.0,0.0,1,2
5605,2,4.5,0.7071067811865476,2,5
5608,1,5.0,0.0,1,2
5610,1,3.0,0.0,1,5
5617,2,4.5,0.7071067811865476,2,3
5619,3,3.6666666666666665,0.5773502691896258,2,1
5626,3,4.0,0.0,3,3
5628,1,5.0,0.0,1,3
5636,1,5.0,0.0,1,4
5638,1,5.0,0.0,1,2
5639,1,3.0,0.0,1,3
5646,1,4.0,0.0,1,3
5648,1,5.0,0.0,1,3
5649,1,5.0,0.0,1,3
5651,3,5.0,0.0,3,5
5653,1,4.0,0.0,1,5
5654,1,5.0,0.0,1,3
5657,2,4.5,0.7071067811865476,1,3
5658,1,5.0,0.0,1,3
5659,1,4.0,0.0,1,4
5661,1,5.0,0.0,1,2
5669,1,5.0,0.0,1,5
5670,1,4.0,0.0,1,2
5672,1,4.0,0.0,1,2
5681,1,5.0,0.0,1,2
5683,1,4.0,0.0,1,4
5686,1,1.0,0.0,1,3
5687,4,5.0,0.0,3,2
5693,1,5.0,0.0,1,5
5707,1,4.0,0.0,1,3
5711,1,3.0,0.0,1,2
5712,1,3.0,0.0,1,4
5713,1,2.0,0.0,1,2
5715,1,5.0,0.0,1,3
5716,2,5.0,0.0,2,2
5717,1,3.0,0.0,1,2
5718,2,4.0,0.0,2,4
5720,2,5.0,0.0,2,3
5721,1,5.0,0.0,1,5
5725,1,5.0,0.0,1,3
5730,1,4.0,0.0,1,3
5732,1,5.0,0.0,1,3
5735,1,5.0,0.0,1,5
5736,1,4.0,0.0,1,2
5737,1,4.0,0.0,1,5
5741,1,3.0,0.0,1,2
5749,1,4.0,0.0,1,2
5756,1,4.0,0.0,1,2
5757,5,5.0,0.0,5,3
5758,7,4.428571428571429,0.7867957924694431,4,3
5759,2,4.0,0.0,2,4
5761,2,4.5,0.7071067811865476,2,2
5764,3,4.666666666666667,0.5773502691896257,2,4
5765,1,3.0,0.0,1,3
5770,3,5.0,0.0,3,3
5779,1,5.0,0.0,1,5
5783,1,3.0,0.0,1,2
5789,2,5.0,0.0,2,2
5790,1,1.0,0.0,1,2
5791,1,4.0,0.0,1,3
5792,2,3.5,0.7071067811865476,2,2
5798,2,4.0,0.0,2,2
5800,2,4.0,1.4142135623730951,1,5
5802,2,4.5,0.7071067811865476,2,3
5809,1,4.0,0.0,1,2
5811,3,4.333333333333333,1.1547005383792517,3,4
5814,1,4.0,0.0,1,4
5819,1,4.0,0.0,1,3
5825,1,2.0,0.0,1,4
5830,1,5.0,0.0,1,3
5832,1,3.0,0.0,1,3
5834,1,4.0,0.0,1,3
5837,2,3.5,0.7071067811865476,2,4
5843,2,4.0,1.4142135623730951,2,4
5847,1,3.0,0.0,1,4
5854,1,5.0,0.0,1,4
5857,3,4.666666666666667,0.5773502691896258,3,3
5858,2,5.0,0.0,2,3
5859,1,4.0,0.0,1,2
5866,1,5.0,0.0,1,2
5875,1,4.0,0.0,1,4
5876,1,4.0,0.0,1,3
5882,1,4.0,0.0,1,3
5883,1,5.0,0.0,1,2
5885,2,4.5,0.7071067811865476,2,4
5889,2,5.0,0.0,1,3
5891,3,5.0,0.0,3,4
5893,1,3.0,0.0,1,3
5894,1,3.0,0.0,1,2
5895,1,3.0,0.0,1,4
5897,1,5.0,0.0,1,3
5898,4,3.75,1.5,4,2
5903,1,5.0,0.0,1,3
5905,1,4.0,0.0,1,2
5908,1,3.0,0.0,1,2
5909,1,4.0,0.0,1,2
5913,1,5.0,0.0,1,5
5919,1,3.0,0.0,1,2
5922,1,4.0,0.0,1,4
5923,4,4.5,0.5773502691896257,4,2
5931,2,4.5,0.7071067811865476,2,2
5933,1,5.0,0.0,1,4
5935,2,4.0,0.0,2,4
5936,2,4.5,0.7071067811865476,2,2
5938,1,3.0,0.0,1,2
5941,1,5.0,0.0,1,5
5949,1,4.0,0.0,1,2
5951,2,5.0,0.0,2,2
5956,1,5.0,0.0,1,3
5957,2,4.0,1.4142135623730951,1,2
5960,2,3.5,0.7071067811865476,2,3
5961,1,3.0,0.0,1,2
5968,1,5.0,0.0,1,4
5970,1,5.0,0.0,1,2
5971,1,5.0,0.0,1,3
5987,1,5.0,0.0,1,4
5988,1,3.0,0.0,1,4
5990,1,4.0,0.0,1,3
5992,3,5.0,0.0,3,2
5994,1,2.0,0.0,1,4
6003,1,5.0,0.0,1,2
6009,1,4.0,0.0,1,5
6018,1,4.0,0.0,1,4
6020,2,4.0,1.4142135623730951,2,3
6022,1,5.0,0.0,1,2
6026,2,3.5,0.7071067811865476,2,2
6028,1,5.0,0.0,1,2
6029,1,5.0,0.0,1,3
6030,1,4.0,0.0,1,3
6032,1,5.0,0.0,1,2
6035,1,4.0,0.0,1,4
6036,1,5.0,0.0,1,5
6038,1,5.0,0.0,1,3
6041,2,4.5,0.7071067811865476,1,3
6045,1,5.0,0.0,1,3
6046,1,3.0,0.0,1,2
6050,9,4.444444444444445,0.7264831572567788,7,3
6051,1,5.0,0.0,1,3
6053,2,5.0,0.0,2,4
6057,9,4.444444444444445,1.0137937550497031,4,2
6058,2,4.0,0.0,2,2
6065,1,5.0,0.0,1,3
6070,2,2.5,0.7071067811865476,2,2
6071,1,4.0,0.0,1,2
6072,2,4.5,0.7071067811865476,2,2
6073,1,5.0,0.0,1,3
6075,2,4.5,0.7071067811865476,2,2
6077,1,5.0,0.0,1,3
6083,3,3.6666666666666665,0.5773502691896258,2,3
6087,1,3.0,0.0,1,2
6088,1,5.0,0.0,1,2
6091,1,3.0,0.0,1,4
6096,1,5.0,0.0,1,2
6098,1,3.0,0.0,1,3
6099,1,5.0,0.0,1,3
6103,1,4.0,0.0,1,2
6105,2,3.5,0.7071067811865476,2,2
6108,1,3.0,0.0,1,5
6111,1,5.0,0.0,1,2
6118,2,3.5,2.1213203435596424,2,2
6120,3,4.333333333333333,1.1547005383792517,3,2
6129,1,5.0,0.0,1,3
6130,2,4.5,0.7071067811865476,2,2
6131,1,5.0,0.0,1,3
6134,1,5.0,0.0,1,2
6136,1,4.0,0.0,1,2
6137,2,5.0,0.0,2,2
6140,2,4.5,0.7071067811865476,1,2
6141,1,4.0,0.0,1,4
6143,1,5.0,0.0,1,2
6145,7,3.2857142857142856,0.48795003647426655,5,4
6146,1,4.0,0.0,1,5
6148,1,4.0,0.0,1,2
6163,1,5.0,0.0,1,4
6166,2,3.5,0.7071067811865476,2,3
6173,1,4.0,0.0,1,2
6176,2,4.0,0.0,2,2
6181,2,4.0,1.4142135623730951,2,2
6185,1,4.0,0.0,1,5
6187,2,5.0,0.0,1,4
6188,1,3.0,0.0,1,3
6189,1,4.0,0.0,1,2
6192,1,3.0,0.0,1,2
6196,1,5.0,0.0,1,3
6198,2,5.0,0.0,2,2
6202,2,4.0,1.4142135623730951,1,3
6207,1,5.0,0.0,1,3
6209,2,3.0,2.8284271247461903,2,3
6212,1,5.0,0.0,1,2
6218,2,4.0,1.4142135623730951,2,4
6221,1,4.0,0.0,1,4
6225,3,3.6666666666666665,1.5275252316519468,3,2
6226,1,4.0,0.0,1,3
6229,1,4.0,0.0,1,3
6233,1,5.0,0.0,1,3
6238,1,4.0,0.0,1,5
6240,1,5.0,0.0,1,3
6241,1,5.0,0.0,1,3
6244,1,4.0,0.0,1,3
6247,1,4.0,0.0,1,2
6251,3,4.333333333333333,0.5773502691896258,2,3
6252,3,4.666666666666667,0.5773502691896258,2,2
6253,1,3.0,0.0,1,5
6255,1,4.0,0.0,1,3
6256,2,4.5,0.7071067811865476,2,2
6261,3,3.3333333333333335,0.5773502691896258,3,2
6264,1,5.0,0.0,1,3
6265,1,4.0,0.0,1,2
6266,1,4.0,0.0,1,2
6267,2,4.5,0.7071067811865476,2,2
6268,1,5.0,0.0,1,3
6270,1,4.0,0.0,1,2
6271,1,5.0,0.0,1,2
6274,1,5.0,0.0,1,3
6280,2,5.0,0.0,2,2
6291,1,4.0,0.0,1,2
6292,1,4.0,0.0,1,2
6293,2,3.5,0.7071067811865476,2,2
6297,1,2.0,0.0,1,2
6299,1,5.0,0.0,1,2
6315,1,5.0,0.0,1,4
6317,1,4.0,0.0,1,3
6319,1,5.0,0.0,1,2
6327,1,5.0,0.0,1,2
6333,1,3.0,0.0,1,3
6338,1,5.0,0.0,1,3
6350,3,3.0,1.7320508075688772,2,3
6355,1,5.0,0.0,1,4
6359,1,5.0,0.0,1,2
6367,1,5.0,0.0,1,2
6369,1,5.0,0.0,1,2
6371,3,4.0,1.7320508075688772,3,2
6374,2,4.5,0.7071067811865476,2,2
6375,2,5.0,0.0,2,2
6376,1,5.0,0.0,1,3
6377,1,4.0,0.0,1,2
6379,1,5.0,0.0,1,3
6384,3,5.0,0.0,3,2
6389,1,4.0,0.0,1,3
6394,1,2.0,0.0,1,2
6395,1,5.0,0.0,1,2
6396,4,4.0,0.816496580927726,4,2
6399,1,5.0,0.0,1,3
6401,4,3.75,0.9574271077563381,3,2
6403,1,4.0,0.0,1,2
6412,1,5.0,0.0,1,4
6413,1,4.0,0.0,1,3
6414,3,5.0,0.0,3,2
6416,1,3.0,0.0,1,4
6417,1,3.0,0.0,1,5
6420,1,5.0,0.0,1,2
6421,1,4.0,0.0,1,3
6425,1,4.0,0.0,1,2
6429,2,4.0,1.4142135623730951,2,2
6432,6,4.333333333333333,0.816496580927726,3,2
6438,1,3.0,0.0,1,2
6439,1,4.0,0.0,1,4
6442,1,4.0,0.0,1,5
6444,1,3.0,0.0,1,2
6446,1,5.0,0.0,1,2
6451,1,3.0,0.0,1,2
6456,2,3.0,2.8284271247461903,2,3
6458,1,4.0,0.0,1,3
6460,2,4.0,1.4142135623730951,2,2
6462,1,4.0,0.0,1,3
6463,5,3.2,1.3038404810405297,4,3
6464,2,4.0,0.0,2,3
6467,1,4.0,0.0,1,2
6468,3,5.0,0.0,3,4
6470,1,4.0,0.0,1,2
6479,2,4.0,1.4142135623730951,2,3
6481,1,4.0,0.0,1,4
6482,1,5.0,0.0,1,3
6485,3,5.0,0.0,3,3
6486,1,5.0,0.0,1,2
6489,1,4.0,0.0,1,3
6491,2,5.0,0.0,2,4
6492,1,4.0,0.0,1,4
6494,1,4.0,0.0,1,4
6497,6,5.0,0.0,6,1
6503,1,4.0,0.0,1,2
6504,2,4.0,1.4142135623730951,2,3
6506,4,4.5,1.0,4,3
6509,1,4.0,0.0,1,4
6510,1,5.0,0.0,1,2
6518,4,4.0,0.816496580927726,4,3
6519,1,5.0,0.0,1,3
6520,1,4.0,0.0,1,2
6521,1,5.0,0.0,1,5
6522,1,2.0,0.0,1,2
6525,1,5.0,0.0,1,2
6527,1,4.0,0.0,1,2
6529,1,4.0,0.0,1,2
6534,1,5.0,0.0,1,3
6537,1,5.0,0.0,1,3
6539,1,3.0,0.0,1,2
6540,2,4.0,0.0,2,2
6544,1,5.0,0.0,1,2
6552,3,4.333333333333333,0.5773502691896258,3,3
6553,1,5.0,0.0,1,2
6554,5,3.6,1.3416407864998738,4,4
6555,2,2.5,0.7071067811865476,2,2
6557,5,4.8,0.44721359549995787,3,3
6561,1,4.0,0.0,1,2
6568,1,4.0,0.0,1,3
6571,2,4.5,0.7071067811865476,2,2
6574,1,5.0,0.0,1,3
6578,1,5.0,0.0,1,4
6581,2,5.0,0.0,2,2
6593,1,5.0,0.0,1,3
6601,1,5.0,0.0,1,4
6604,1,2.0,0.0,1,3
6606,3,4.0,1.0,2,2
6624,2,4.5,0.7071067811865476,1,3
6625,4,4.0,0.816496580927726,3,2
6628,1,4.0,0.0,1,3
6631,2,4.5,0.7071067811865476,2,4
6632,2,4.0,0.0,2,2
6639,2,3.5,0.7071067811865476,2,4
6641,1,3.0,0.0,1,4
6646,1,5.0,0.0,1,2
6648,1,5.0,0.0,1,4
6649,3,4.0,0.0,3,2
6650,1,5.0,0.0,1,2
6652,1,4.0,0.0,1,3
6653,3,5.0,0.0,3,2
6656,1,3.0,0.0,1,2
6657,1,4.0,0.0,1,2
6658,4,4.5,0.9999999999999999,4,4
6670,5,4.4,0.8944271909999159,3,3
6671,2,5.0,0.0,1,3
6672,3,4.0,0.0,3,4
6674,1,5.0,0.0,1,2
6678,1,4.0,0.0,1,2
6680,1,4.0,0.0,1,4
6681,1,5.0,0.0,1,4
6683,2,4.0,1.4142135623730951,2,3
6693,1,5.0,0.0,1,2
6695,2,4.5,0.7071067811865476,2,3
6697,3,3.3333333333333335,1.5275252316519468,3,2
6698,1,3.0,0.0,1,2
6699,1,4.0,0.0,1,5
6702,1,3.0,0.0,1,4
6703,2,3.5,0.7071067811865476,2,2
6704,1,4.0,0.0,1,2
6712,6,4.666666666666667,0.5163977794943224,3,2
6714,2,5.0,0.0,2,2
6719,1,3.0,0.0,1,4
6725,2,5.0,0.0,2,2
6730,2,4.0,1.4142135623730951,2,2
6731,1,4.0,0.0,1,2
6733,1,5.0,0.0,1,4
6741,1,5.0,0.0,1,2
6742,1,5.0,0.0,1,2
6743,3,4.333333333333333,0.5773502691896258,3,3
6748,1,5.0,0.0,1,3
6751,1,5.0,0.0,1,3
6755,3,5.0,0.0,3,2
6756,1,5.0,0.0,1,3
6758,1,5.0,0.0,1,4
6766,2,4.5,0.7071067811865476,2,2
6768,1,5.0,0.0,1,2
6771,5,4.6,0.547722557505166,4,3
6772,1,4.0,0.0,1,3
6773,2,3.5,0.7071067811865476,2,2
6784,1,3.0,0.0,1,2
6786,1,4.0,0.0,1,3
6793,1,5.0,0.0,1,4
6797,1,5.0,0.0,1,2
6798,1,5.0,0.0,1,2
6800,1,4.0,0.0,1,4
6804,1,5.0,0.0,1,3
6810,2,2.5,0.7071067811865476,2,2
6812,2,5.0,0.0,2,2
6815,1,1.0,0.0,1,4
6819,1,4.0,0.0,1,3
6823,2,4.5,0.7071067811865476,2,2
6828,1,4.0,0.0,1,2
6830,2,4.5,0.7071067811865476,2,2
6840,2,4.5,0.7071067811865476,2,2
6846,1,5.0,0.0,1,2
6847,2,4.0,0.0,2,2
6851,1,4.0,0.0,1,5
6853,2,4.5,0.7071067811865476,2,2
6855,1,5.0,0.0,1,4
6858,1,3.0,0.0,1,5
6867,1,5.0,0.0,1,2
6871,1,3.0,0.0,1,4
6875,1,5.0,0.0,1,4
6881,3,5.0,0.0,3,3
6882,5,4.8,0.44721359549995804,2,3
6886,1,5.0,0.0,1,3
6891,4,4.75,0.5,2,2
6893,1,5.0,0.0,1,4
6897,1,4.0,0.0,1,3
6906,1,5.0,0.0,1,3
6912,1,3.0,0.0,1,2
6913,3,3.3333333333333335,0.5773502691896257,3,4
6915,1,3.0,0.0,1,5
6919,1,5.0,0.0,1,4
6922,1,4.0,0.0,1,3
6931,1,5.0,0.0,1,5
6933,2,4.5,0.7071067811865476,2,2
6937,1,5.0,0.0,1,2
6939,1,3.0,0.0,1,2
6942,1,4.0,0.0,1,2
6945,1,4.0,0.0,1,3
6952,1,4.0,0.0,1,4
6963,1,5.0,0.0,1,3
6964,2,4.5,0.7071067811865476,2,3
6969,2,5.0,0.0,2,2
6972,2,4.5,0.7071067811865476,2,2
6975,1,4.0,0.0,1,5
6976,4,5.0,0.0,2,4
6977,1,3.0,0.0,1,4
6980,1,5.0,0.0,1,2
6987,2,4.0,0.0,2,3
6988,2,5.0,0.0,2,2
6990,1,5.0,0.0,1,4
6993,1,4.0,0.0,1,2
6996,2,4.5,0.7071067811865476,2,2
7002,1,5.0,0.0,1,2
7004,1,5.0,0.0,1,4
7005,1,5.0,0.0,1,3
7009,1,2.0,0.0,1,2
7015,3,4.333333333333333,1.1547005383792515,3,4
7017,2,3.0,0.0,2,4
7020,1,4.0,0.0,1,2
7022,1,5.0,0.0,1,2
7024,5,4.6,0.547722557505166,4,2
7026,1,3.0,0.0,1,5
7029,5,4.4,0.8944271909999161,2,2
7036,1,4.0,0.0,1,5
7037,1,5.0,0.0,1,2
7041,2,4.0,1.4142135623730951,2,2
7044,1,4.0,0.0,1,2
7046,1,5.0,0.0,1,5
7047,2,5.0,0.0,1,3
7051,1,3.0,0.0,1,5
7054,1,5.0,0.0,1,5
7058,1,5.0,0.0,1,3
7059,2,4.0,0.0,2,3
7060,1,5.0,0.0,1,2
7063,1,4.0,0.0,1,2
7065,1,5.0,0.0,1,3
7066,2,5.0,0.0,2,3
7075,1,5.0,0.0,1,3
7082,1,4.0,0.0,1,3
7087,1,5.0,0.0,1,3
7101,1,5.0,0.0,1,2
7107,3,4.0,1.0,3,3
7110,3,3.6666666666666665,0.5773502691896257,3,3
7114,1,4.0,0.0,1,3
7120,1,3.0,0.0,1,4
7122,1,5.0,0.0,1,2
7127,1,5.0,0.0,1,3
7129,1,5.0,0.0,1,2
7136,1,3.0,0.0,1,2
7141,1,4.0,0.0,1,3
7149,1,5.0,0.0,1,2
7150,2,5.0,0.0,2,2
7155,2,4.0,1.4142135623730951,2,2
7156,3,4.333333333333333,0.5773502691896257,3,3
7157,1,5.0,0.0,1,3
7161,2,4.5,0.7071067811865476,2,2
7166,3,4.666666666666667,0.5773502691896258,3,2
7169,1,5.0,0.0,1,2
7172,1,5.0,0.0,1,3
7173,1,2.0,0.0,1,2
7175,2,5.0,0.0,2,5
7180,1,4.0,0.0,1,2
7181,1,5.0,0.0,1,3
7182,1,5.0,0.0,1,3
7184,1,4.0,0.0,1,3
7186,1,5.0,0.0,1,2
7187,1,2.0,0.0,1,2
7189,3,4.333333333333333,0.5773502691896257,3,2
7191,2,5.0,0.0,2,2
7195,1,3.0,0.0,1,4
7199,1,5.0,0.0,1,4
7202,3,3.6666666666666665,1.5275252316519465,3,4
7203,2,4.0,0.0,2,2
7206,1,5.0,0.0,1,2
7209,1,3.0,0.0,1,4
7214,1,5.0,0.0,1,2
7215,1,2.0,0.0,1,4
7223,2,3.5,0.7071067811865476,2,2
7235,2,4.0,1.4142135623730951,2,2
7237,1,5.0,0.0,1,2
7238,1,3.0,0.0,1,2
7239,1,5.0,0.0,1,2
7244,1,4.0,0.0,1,2
7246,4,4.5,0.9999999999999999,4,4
7255,1,4.0,0.0,1,3
7260,1,4.0,0.0,1,4
7261,1,5.0,0.0,1,3
7265,1,5.0,0.0,1,3
7268,2,5.0,0.0,2,4
7275,1,3.0,0.0,1,2
7276,4,4.25,0.9574271077563381,3,2
7277,1,4.0,0.0,1,3
7279,1,5.0,0.0,1,3
7293,1,3.0,0.0,1,2
7306,1,4.0,0.0,1,2
7308,1,5.0,0.0,1,3
7310,1,5.0,0.0,1,3
7311,1,4.0,0.0,1,4
7315,1,4.0,0.0,1,4
7320,1,4.0,0.0,1,2
7325,1,5.0,0.0,1,5
7328,1,5.0,0.0,1,5
7334,2,3.0,0.0,2,2
7335,1,5.0,0.0,1,2
7337,2,4.5,0.7071067811865476,2,2
7339,2,3.5,2.1213203435596424,2,3
7341,1,3.0,0.0,1,3
7343,1,3.0,0.0,1,4
7347,1,4.0,0.0,1,4
7348,2,4.0,1.4142135623730951,2,2
7351,1,5.0,0.0,1,2
7362,1,2.0,0.0,1,5
7365,2,5.0,0.0,1,3
7366,2,5.0,0.0,2,3
7368,1,3.0,0.0,1,3
7372,2,4.0,1.4142135623730951,2,2
7376,1,3.0,0.0,1,2
7379,1,3.0,0.0,1,2
7380,1,5.0,0.0,1,3
7391,1,5.0,0.0,1,3
7394,1,4.0,0.0,1,4
7395,1,5.0,0.0,1,2
7399,1,3.0,0.0,1,3
7407,3,5.0,0.0,3,3
7412,1,4.0,0.0,1,3
7413,1,3.0,0.0,1,2
7420,1,2.0,0.0,1,3
7423,2,5.0,0.0,2,3
7424,1,4.0,0.0,1,3
7425,1,3.0,0.0,1,2
7429,1,4.0,0.0,1,4
7430,1,4.0,0.0,1,4
7432,1,4.0,0.0,1,3
7433,4,4.75,0.5,3,2
7434,1,4.0,0.0,1,2
7436,1,4.0,0.0,1,2
7437,1,4.0,0.0,1,3
7442,1,5.0,0.0,1,5
7445,1,4.0,0.0,1,2
7448,4,4.75,0.4999999999999999,3,2
7449,1,5.0,0.0,1,2
7454,2,4.5,0.7071067811865476,2,3
7460,1,3.0,0.0,1,2
7462,1,5.0,0.0,1,3
7463,2,4.5,0.7071067811865476,2,2
7464,1,5.0,0.0,1,4
7466,1,5.0,0.0,1,2
7467,1,5.0,0.0,1,3
7469,2,4.5,0.7071067811865476,2,2
7472,1,5.0,0.0,1,4
7473,1,3.0,0.0,1,2
7474,1,5.0,0.0,1,3
7475,1,5.0,0.0,1,2
7477,1,5.0,0.0,1,4
7480,1,5.0,0.0,1,3
7483,2,3.0,2.8284271247461903,2,3
7485,1,4.0,0.0,1,3
7486,1,4.0,0.0,1,4
7487,3,4.0,1.0,3,3
7491,3,4.0,0.0,3,2
7494,2,4.5,0.7071067811865476,2,2
7495,1,4.0,0.0,1,3
7498,1,4.0,0.0,1,5
7501,1,5.0,0.0,1,2
7506,1,5.0,0.0,1,2
7507,1,5.0,0.0,1,3
7512,3,5.0,0.0,2,3
7516,1,5.0,0.0,1,2
7519,1,5.0,0.0,1,3
7520,2,4.0,0.0,2,2
7525,1,4.0,0.0,1,2
7526,3,4.666666666666667,0.5773502691896257,3,4
7527,3,4.333333333333333,0.5773502691896257,2,2
7528,1,4.0,0.0,1,2
7531,2,5.0,0.0,2,2
7533,4,4.25,0.9574271077563381,4,2
7536,2,4.5,0.7071067811865476,2,2
7542,1,3.0,0.0,1,2
7551,1,4.0,0.0,1,1
7553,1,5.0,0.0,1,3
7554,6,3.8333333333333335,1.4719601443879744,6,3
7557,6,4.333333333333333,0.5163977794943224,2,3
7558,4,4.75,0.5,4,2
7560,2,4.0,1.4142135623730951,2,3
7563,1,5.0,0.0,1,3
7565,1,5.0,0.0,1,3
7567,1,5.0,0.0,1,4
7568,3,5.0,0.0,3,4
7569,4,4.5,0.5773502691896258,2,4
7570,1,4.0,0.0,1,5
7571,1,5.0,0.0,1,3
7573,1,3.0,0.0,1,4
7575,1,4.0,0.0,1,2
7578,1,3.0,0.0,1,5
7579,3,4.666666666666667,0.5773502691896258,3,2
7585,1,5.0,0.0,1,3
7591,1,5.0,0.0,1,2
7592,1,5.0,0.0,1,2
7593,1,3.0,0.0,1,3
7600,1,5.0,0.0,1,3
7606,1,4.0,0.0,1,3
7608,1,4.0,0.0,1,4
7609,1,4.0,0.0,1,2
7610,3,4.666666666666667,0.5773502691896257,1,3
7612,2,4.5,0.7071067811865476,2,2
7616,1,5.0,0.0,1,3
7619,1,3.0,0.0,1,4
7620,1,3.0,0.0,1,2
7625,1,5.0,0.0,1,2
7627,1,3.0,0.0,1,3
7631,2,3.5,0.7071067811865476,2,3
7632,1,4.0,0.0,1,3
7633,3,4.333333333333333,1.1547005383792517,3,4
7639,1,5.0,0.0,1,2
7640,2,4.0,0.0,2,2
7644,1,4.0,0.0,1,3
7645,3,2.6666666666666665,0.5773502691896257,3,2
7646,1,5.0,0.0,1,3
7649,1,5.0,0.0,1,3
7650,2,3.0,0.0,1,2
7652,1,4.0,0.0,1,2
7658,2,5.0,0.0,2,4
7659,1,5.0,0.0,1,2
7661,2,5.0,0.0,2,2
7663,1,5.0,0.0,1,2
7667,1,4.0,0.0,1,5
7669,2,5.0,0.0,2,2
7678,1,4.0,0.0,1,1
7679,1,4.0,0.0,1,3
7683,1,5.0,0.0,1,4
7684,1,5.0,0.0,1,5
7694,3,4.0,1.0,3,5
7699,1,3.0,0.0,1,4
7704,1,5.0,0.0,1,4
7706,1,5.0,0.0,1,3
7710,3,3.6666666666666665,1.5275252316519468,3,3
7713,2,4.5,0.7071067811865476,2,4
7714,3,4.666666666666667,0.5773502691896257,3,3
7715,1,5.0,0.0,1,2
7716,1,5.0,0.0,1,3
7717,1,5.0,0.0,1,2
7718,2,4.5,0.7071067811865476,2,2
7721,1,3.0,0.0,1,4
7723,1,5.0,0.0,1,2
7724,1,5.0,0.0,1,2
7725,1,4.0,0.0,1,2
7731,6,5.0,0.0,5,4
7735,1,4.0,0.0,1,3
7736,2,3.5,2.1213203435596424,2,2
7738,2,3.5,2.1213203435596424,2,2
7742,3,4.333333333333333,1.1547005383792517,2,4
7744,1,5.0,0.0,1,4
7749,2,5.0,0.0,2,2
7757,1,3.0,0.0,1,4
7758,1,5.0,0.0,1,3
7759,1,4.0,0.0,1,2
7761,1,3.0,0.0,1,5
7762,1,5.0,0.0,1,3
7770,1,4.0,0.0,1,4
7773,1,5.0,0.0,1,4
7780,1,5.0,0.0,1,2
7781,1,3.0,0.0,1,2
7785,3,4.0,1.0,3,3
7788,1,5.0,0.0,1,3
7790,1,5.0,0.0,1,2
7801,1,4.0,0.0,1,2
7802,4,4.25,0.9574271077563382,3,3
7805,1,5.0,0.0,1,2
7806,1,5.0,0.0,1,2
7814,3,3.6666666666666665,0.5773502691896257,2,2
7815,1,5.0,0.0,1,4
7820,1,3.0,0.0,1,3
7826,1,5.0,0.0,1,2
7829,1,4.0,0.0,1,3
7830,3,4.0,1.0,3,2
7834,1,5.0,0.0,1,2
7835,1,5.0,0.0,1,4
7837,1,3.0,0.0,1,2
7838,1,5.0,0.0,1,2
7839,2,5.0,0.0,2,2
7840,2,4.5,0.7071067811865476,2,2
7843,2,5.0,0.0,1,3
7845,2,4.5,0.7071067811865476,2,2
7849,1,5.0,0.0,1,3
7850,1,4.0,0.0,1,2
7852,1,5.0,0.0,1,2
7853,1,5.0,0.0,1,2
7854,1,5.0,0.0,1,3
7857,1,5.0,0.0,1,4
7858,1,2.0,0.0,1,5
7861,1,3.0,0.0,1,2
7862,1,3.0,0.0,1,2
7867,1,5.0,0.0,1,2
7869,1,5.0,0.0,1,5
7873,2,3.0,1.4142135623730951,2,4
7883,1,4.0,0.0,1,1
7884,3,4.333333333333333,0.5773502691896258,3,2
7885,1,5.0,0.0,1,2
7893,1,5.0,0.0,1,2
7901,3,4.333333333333333,1.1547005383792517,2,3
7902,1,4.0,0.0,1,5
7905,3,4.0,1.0,2,2
7906,1,5.0,0.0,1,2
7907,1,3.0,0.0,1,2
7916,2,4.0,1.4142135623730951,2,3
7917,1,4.0,0.0,1,3
7930,1,5.0,0.0,1,2
7932,2,5.0,0.0,1,3
7935,6,4.166666666666667,1.6020819787597218,4,2
7947,3,4.333333333333333,0.5773502691896257,3,3
7949,1,4.0,0.0,1,2
7953,1,4.0,0.0,1,2
7955,3,4.333333333333333,1.1547005383792515,3,3
7956,3,4.666666666666667,0.5773502691896258,3,4
7960,1,5.0,0.0,1,2
7964,1,5.0,0.0,1,2
7965,1,1.0,0.0,1,2
7966,1,5.0,0.0,1,2
7967,1,5.0,0.0,1,4
7969,2,5.0,0.0,1,4
7974,1,4.0,0.0,1,4
7975,1,5.0,0.0,1,4
7977,2,2.0,1.4142135623730951,2,3
7980,1,3.0,0.0,1,3
7985,4,4.25,0.957427107756338,4,4
7986,1,4.0,0.0,1,5
7987,1,4.0,0.0,1,4
7990,1,4.0,0.0,1,3
7992,2,3.5,0.7071067811865476,2,4
7994,1,2.0,0.0,1,2
8007,2,5.0,0.0,2,2
8011,1,5.0,0.0,1,3
8013,2,5.0,0.0,2,2
8015,1,2.0,0.0,1,4
8025,2,4.0,0.0,2,5
8028,1,5.0,0.0,1,4
8030,1,5.0,0.0,1,2
8038,1,4.0,0.0,1,2
8039,1,5.0,0.0,1,4
8042,1,3.0,0.0,1,4
8043,1,5.0,0.0,1,4
8044,1,5.0,0.0,1,5
8047,1,5.0,0.0,1,3
8049,1,4.0,0.0,1,4
8050,1,3.0,0.0,1,2
8051,1,5.0,0.0,1,2
8053,1,5.0,0.0,1,2
8056,2,5.0,0.0,2,2
8057,1,5.0,0.0,1,2
8058,1,4.0,0.0,1,3
8059,1,5.0,0.0,1,3
8063,1,4.0,0.0,1,2
8068,2,4.5,0.7071067811865476,2,5
8072,1,4.0,0.0,1,2
8082,1,4.0,0.0,1,4
8085,1,5.0,0.0,1,5
8086,1,5.0,0.0,1,3
8088,1,4.0,0.0,1,3
8092,2,4.0,1.4142135623730951,2,2
8098,3,4.666666666666667,0.5773502691896257,3,4
8101,1,5.0,0.0,1,5
8103,1,4.0,0.0,1,4
8104,1,4.0,0.0,1,2
8115,1,5.0,0.0,1,5
8120,1,5.0,0.0,1,3
8122,2,4.5,0.7071067811865476,2,2
8123,1,3.0,0.0,1,3
8124,1,4.0,0.0,1,4
8125,1,5.0,0.0,1,4
8129,1,5.0,0.0,1,4
8130,1,1.0,0.0,1,3
8131,1,5.0,0.0,1,4
8133,3,4.333333333333333,0.5773502691896258,3,2
8134,1,5.0,0.0,1,2
8136,1,5.0,0.0,1,3
8142,1,5.0,0.0,1,2
8143,1,5.0,0.0,1,5
8147,4,5.0,0.0,4,2
8149,2,4.5,0.7071067811865476,2,4
8154,1,5.0,0.0,1,4
8156,1,2.0,0.0,1,4
8160,1,5.0,0.0,1,1
8163,2,3.5,0.7071067811865476,2,2
8165,2,5.0,0.0,2,2
8166,1,5.0,0.0,1,2
8167,1,4.0,0.0,1,3
8171,1,1.0,0.0,1,3
8181,1,4.0,0.0,1,2
8186,5,3.6,0.5477225575051662,3,2
8192,8,4.625,0.7440238091428449,6,2
8195,1,3.0,0.0,1,3
8196,1,5.0,0.0,1,2
8197,1,5.0,0.0,1,3
8201,1,5.0,0.0,1,2
8202,2,5.0,0.0,1,3
8203,2,5.0,0.0,2,2
8209,1,4.0,0.0,1,2
8210,1,4.0,0.0,1,3
8212,1,3.0,0.0,1,3
8214,1,5.0,0.0,1,2
8225,2,5.0,0.0,1,3
8228,1,3.0,0.0,1,4
8231,1,4.0,0.0,1,4
8232,1,5.0,0.0,1,4
8236,1,4.0,0.0,1,5
8248,1,4.0,0.0,1,4
8250,1,5.0,0.0,1,4
8251,2,4.5,0.7071067811865476,2,3
8254,1,5.0,0.0,1,5
8262,1,4.0,0.0,1,3
8263,3,4.666666666666667,0.5773502691896258,3,2
8268,3,5.0,0.0,1,3
8269,1,5.0,0.0,1,3
8270,1,5.0,0.0,1,3
8274,1,5.0,0.0,1,3
8284,4,3.25,0.9574271077563381,2,5
8286,1,5.0,0.0,1,2
8289,4,5.0,0.0,3,2
8291,1,5.0,0.0,1,3
8302,3,3.6666666666666665,0.5773502691896257,2,2
8305,1,5.0,0.0,1,2
8307,3,4.0,1.0,2,3
8313,1,5.0,0.0,1,3
8315,1,3.0,0.0,1,3
8319,4,3.75,0.49999999999999994,4,2
8321,1,5.0,0.0,1,2
8327,1,5.0,0.0,1,4
8332,1,5.0,0.0,1,3
8333,2,4.0,0.0,2,3
8334,1,5.0,0.0,1,3
8335,2,4.0,0.0,2,2
8336,4,3.75,0.49999999999999994,4,3
8339,1,5.0,0.0,1,2
8345,1,5.0,0.0,1,3
8351,1,5.0,0.0,1,3
8352,1,5.0,0.0,1,5
8357,9,4.111111111111111,1.2692955176439846,7,2
8358,2,4.5,0.7071067811865476,2,2
8367,3,3.6666666666666665,0.5773502691896258,3,4
8370,1,4.0,0.0,1,3
8376,1,5.0,0.0,1,2
8377,1,5.0,0.0,1,5
8380,1,3.0,0.0,1,3
8385,3,4.666666666666667,0.5773502691896258,3,3
8387,1,5.0,0.0,1,2
8397,1,3.0,0.0,1,2
8399,2,5.0,0.0,2,4
8403,1,4.0,0.0,1,3
8405,2,4.0,1.4142135623730951,2,2
8409,1,1.0,0.0,1,2
8418,1,4.0,0.0,1,2
8419,1,5.0,0.0,1,4
8422,1,5.0,0.0,1,2
8425,2,5.0,0.0,2,2
8429,3,3.6666666666666665,1.5275252316519468,3,2
8442,1,4.0,0.0,1,2
8443,1,5.0,0.0,1,3
8451,1,5.0,0.0,1,2
8453,1,3.0,0.0,1,2
8454,2,4.0,1.4142135623730951,2,2
8457,2,4.0,1.4142135623730951,2,5
8461,3,3.6666666666666665,0.5773502691896257,3,2
8465,1,4.0,0.0,1,1
8469,1,4.0,0.0,1,2
8472,1,5.0,0.0,1,4
8481,1,5.0,0.0,1,2
8496,1,5.0,0.0,1,2
8498,1,4.0,0.0,1,2
8499,2,5.0,0.0,2,2
8501,1,5.0,0.0,1,4
8505,1,4.0,0.0,1,2
8509,1,3.0,0.0,1,3
8510,2,4.5,0.7071067811865476,2,2
8512,1,3.0,0.0,1,2
8514,1,5.0,0.0,1,2
8516,2,5.0,0.0,2,3
8522,2,5.0,0.0,2,2
8540,1,5.0,0.0,1,5
8542,1,3.0,0.0,1,2
8546,1,5.0,0.0,1,2
8548,1,5.0,0.0,1,4
8549,2,5.0,0.0,2,2
8552,1,5.0,0.0,1,2
8553,2,4.0,1.4142135623730951,2,2
8554,1,4.0,0.0,1,4
8555,1,5.0,0.0,1,2
8560,1,5.0,0.0,1,4
8564,1,5.0,0.0,1,3
8565,1,5.0,0.0,1,1
8567,1,5.0,0.0,1,2
8568,1,4.0,0.0,1,5
8573,6,3.0,0.6324555320336759,2,4
8578,3,4.666666666666667,0.5773502691896258,3,4
8582,1,5.0,0.0,1,2
8586,1,4.0,0.0,1,5
8587,1,3.0,0.0,1,2
8588,3,4.666666666666667,0.5773502691896258,3,2
8590,1,1.0,0.0,1,2
8597,1,2.0,0.0,1,3
8601,1,2.0,0.0,1,3
8606,1,3.0,0.0,1,2
8615,1,4.0,0.0,1,3
8617,1,4.0,0.0,1,3
8618,1,5.0,0.0,1,3
8622,2,4.0,1.4142135623730951,2,2
8623,1,4.0,0.0,1,4
8624,1,4.0,0.0,1,4
8629,2,4.5,0.7071067811865476,2,2
8632,1,5.0,0.0,1,4
8633,1,5.0,0.0,1,2
8638,1,5.0,0.0,1,3
8640,1,2.0,0.0,1,2
8641,2,3.5,2.1213203435596424,2,3
8645,2,2.0,0.0,2,2
8646,1,4.0,0.0,1,4
8648,2,4.5,0.7071067811865476,2,3
8649,1,5.0,0.0,1,2
8650,4,4.5,1.0,4,2
8651,2,4.5,0.7071067811865476,2,2
8652,1,4.0,0.0,1,2
8655,1,4.0,0.0,1,4
8656,1,4.0,0.0,1,2
8657,2,4.5,0.7071067811865476,2,2
8658,1,5.0,0.0,1,2
8667,1,5.0,0.0,1,4
8669,1,4.0,0.0,1,2
8670,2,4.0,1.4142135623730951,2,2
8677,3,5.0,0.0,3,4
8680,2,4.5,0.7071067811865476,2,2
8682,1,5.0,0.0,1,3
8686,1,3.0,0.0,1,4
8688,1,5.0,0.0,1,5
8691,1,4.0,0.0,1,3
8692,1,3.0,0.0,1,4
8694,1,5.0,0.0,1,2
8717,1,5.0,0.0,1,3
8718,2,4.5,0.7071067811865476,2,2
8724,1,4.0,0.0,1,5
8726,1,5.0,0.0,1,3
8727,1,5.0,0.0,1,3
8730,1,4.0,0.0,1,2
8733,4,3.75,1.5,3,2
8738,5,4.2,0.8366600265340756,3,2
8742,1,5.0,0.0,1,2
8755,3,4.333333333333333,1.1547005383792517,3,2
8758,1,5.0,0.0,1,2
8759,2,4.0,1.4142135623730951,2,2
8761,2,4.0,0.0,2,2
8765,1,4.0,0.0,1,3
8766,2,2.5,0.7071067811865476,2,2
8769,1,5.0,0.0,1,2
8772,2,3.0,1.4142135623730951,2,3
8773,4,4.0,0.816496580927726,4,4
8779,2,4.5,0.7071067811865476,2,2
8780,1,3.0,0.0,1,3
8781,1,1.0,0.0,1,2
8782,1,1.0,0.0,1,2
8783,2,4.0,1.4142135623730951,2,2
8786,1,5.0,0.0,1,4
8794,1,4.0,0.0,1,4
8797,1,5.0,0.0,1,4
8799,1,5.0,0.0,1,2
8801,2,2.5,2.1213203435596424,2,4
8802,4,4.5,0.5773502691896257,3,3
8804,1,4.0,0.0,1,4
8805,2,3.5,0.7071067811865476,2,2
8806,1,5.0,0.0,1,5
8808,1,5.0,0.0,1,3
8811,1,4.0,0.0,1,4
8812,2,4.0,0.0,2,2
8813,1,5.0,0.0,1,2
8814,1,3.0,0.0,1,2
8815,2,4.5,0.7071067811865476,2,3
8820,1,4.0,0.0,1,2
8821,2,3.5,0.7071067811865476,2,3
8823,5,4.8,0.44721359549995787,5,2
8829,1,5.0,0.0,1,4
8830,1,4.0,0.0,1,2
8831,1,5.0,0.0,1,2
8835,6,4.5,0.547722557505166,6,3
8841,4,3.75,0.9574271077563381,4,3
8845,1,5.0,0.0,1,2
8846,1,3.0,0.0,1,2
8848,10,4.4,0.5163977794943223,5,2
8851,1,5.0,0.0,1,2
8852,2,4.5,0.7071067811865476,2,3
8856,1,4.0,0.0,1,2
8857,5,4.6,0.8944271909999159,3,3
8859,1,5.0,0.0,1,4
8860,1,2.0,0.0,1,2
8864,1,4.0,0.0,1,2
8867,1,5.0,0.0,1,4
8868,2,4.5,0.7071067811865476,2,2
8870,2,5.0,0.0,2,2
8871,1,5.0,0.0,1,2
8879,3,3.6666666666666665,2.3094010767585034,3,2
8881,1,5.0,0.0,1,5
8882,1,5.0,0.0,1,3
8891,1,5.0,0.0,1,2
8902,1,3.0,0.0,1,2
8903,3,4.0,1.0,3,4
8908,1,4.0,0.0,1,5
8911,1,3.0,0.0,1,2
8916,1,5.0,0.0,1,3
8927,1,5.0,0.0,1,3
8929,1,5.0,0.0,1,2
8930,8,4.25,0.7071067811865475,7,2
8931,4,4.5,0.5773502691896257,3,4
8933,1,5.0,0.0,1,3
8936,1,5.0,0.0,1,2
8940,1,5.0,0.0,1,2
8941,3,3.6666666666666665,0.5773502691896257,2,2
8942,1,4.0,0.0,1,3
8943,1,5.0,0.0,1,3
8944,1,5.0,0.0,1,5
8945,1,4.0,0.0,1,5
8950,1,5.0,0.0,1,2
8953,1,4.0,0.0,1,2
8956,1,5.0,0.0,1,3
8957,1,4.0,0.0,1,4
8958,2,5.0,0.0,1,2
8960,1,5.0,0.0,1,2
8963,1,3.0,0.0,1,2
8964,10,4.4,0.6992058987801011,9,2
8965,1,1.0,0.0,1,4
8966,1,5.0,0.0,1,2
8975,1,5.0,0.0,1,2
8977,2,4.5,0.7071067811865476,2,3
8979,1,4.0,0.0,1,4
8982,2,5.0,0.0,1,3
8985,2,4.0,1.4142135623730951,2,2
8998,4,4.5,0.5773502691896257,4,2
8999,2,4.0,1.4142135623730951,2,2
9004,1,3.0,0.0,1,2
9005,1,5.0,0.0,1,4
9006,1,4.0,0.0,1,4
9008,1,5.0,0.0,1,3
9012,1,3.0,0.0,1,2
9014,1,5.0,0.0,1,3
9015,1,5.0,0.0,1,4
9016,2,3.5,0.7071067811865476,2,2
9017,1,4.0,0.0,1,3
9019,1,4.0,0.0,1,4
9021,1,3.0,0.0,1,5
9022,1,5.0,0.0,1,3
9027,1,4.0,0.0,1,4
9030,1,5.0,0.0,1,2
9033,1,3.0,0.0,1,2
9038,1,4.0,0.0,1,2
9053,1,3.0,0.0,1,3
9056,1,4.0,0.0,1,4
9057,1,5.0,0.0,1,3
9060,1,5.0,0.0,1,3
9062,1,2.0,0.0,1,4
9063,1,4.0,0.0,1,2
9065,1,4.0,0.0,1,4
9067,1,5.0,0.0,1,3
9073,1,5.0,0.0,1,4
9074,1,2.0,0.0,1,2
9075,5,4.4,0.8944271909999161,3,2
9076,1,3.0,0.0,1,5
9078,1,5.0,0.0,1,2
9079,1,3.0,0.0,1,4
9081,1,3.0,0.0,1,4
9090,1,4.0,0.0,1,5
9094,2,5.0,0.0,2,2
9096,1,5.0,0.0,1,4
9098,2,5.0,0.0,2,2
9102,1,5.0,0.0,1,3
9103,1,3.0,0.0,1,3
9107,1,5.0,0.0,1,4
9108,1,4.0,0.0,1,2
9109,1,5.0,0.0,1,2
9111,1,3.0,0.0,1,2
9115,1,5.0,0.0,1,4
9117,2,3.5,2.1213203435596424,2,2
9119,1,1.0,0.0,1,3
9127,1,2.0,0.0,1,4
9129,1,4.0,0.0,1,2
9134,1,4.0,0.0,1,5
9142,1,4.0,0.0,1,3
9147,1,5.0,0.0,1,3
9151,1,5.0,0.0,1,2
9153,2,4.5,0.7071067811865476,2,2
9155,1,2.0,0.0,1,2
9159,1,3.0,0.0,1,2
9160,1,4.0,0.0,1,4
9161,2,5.0,0.0,2,3
9171,2,3.5,0.7071067811865476,2,4
9172,1,4.0,0.0,1,2
9173,1,4.0,0.0,1,4
9175,1,5.0,0.0,1,4
9179,1,5.0,0.0,1,5
9180,1,5.0,0.0,1,4
9186,1,5.0,0.0,1,3
9189,1,4.0,0.0,1,4
9191,2,5.0,0.0,2,3
9196,1,5.0,0.0,1,2
9198,2,4.0,0.0,2,4
9200,2,5.0,0.0,2,2
9203,1,5.0,0.0,1,2
9204,1,2.0,0.0,1,3
9205,2,4.0,0.0,2,3
9207,2,4.5,0.7071067811865476,1,5
9213,3,3.6666666666666665,0.5773502691896257,2,2
9214,1,5.0,0.0,1,3
9219,1,5.0,0.0,1,2
9221,1,5.0,0.0,1,4
9223,1,5.0,0.0,1,4
9226,1,3.0,0.0,1,2
9227,1,5.0,0.0,1,2
9228,1,3.0,0.0,1,2
9229,2,3.0,1.4142135623730951,2,3
9230,3,4.666666666666667,0.5773502691896257,2,2
9233,1,4.0,0.0,1,4
9236,1,5.0,0.0,1,3
9238,1,5.0,0.0,1,3
9240,1,1.0,0.0,1,2
9241,1,5.0,0.0,1,2
9250,1,5.0,0.0,1,4
9252,1,3.0,0.0,1,3
9255,1,4.0,0.0,1,2
9259,2,4.5,0.7071067811865476,1,2
9264,1,5.0,0.0,1,5
9271,1,5.0,0.0,1,4
9273,2,3.5,0.7071067811865476,2,2
9277,1,3.0,0.0,1,2
9279,1,1.0,0.0,1,3
9281,1,4.0,0.0,1,3
9285,2,2.5,0.7071067811865476,2,2
9288,1,5.0,0.0,1,2
9289,1,5.0,0.0,1,4
9291,1,5.0,0.0,1,3
9294,1,4.0,0.0,1,2
9295,1,5.0,0.0,1,2
9296,1,4.0,0.0,1,4
9299,1,5.0,0.0,1,3
9301,1,5.0,0.0,1,2
9302,1,4.0,0.0,1,3
9305,1,4.0,0.0,1,2
9307,1,5.0,0.0,1,2
9308,2,3.5,2.1213203435596424,1,2
9309,2,4.0,0.0,2,2
9311,5,4.2,1.0954451150103324,3,3
9317,1,5.0,0.0,1,4
9319,1,5.0,0.0,1,2
9322,1,5.0,0.0,1,2
9323,1,2.0,0.0,1,2
9324,1,5.0,0.0,1,3
9328,1,4.0,0.0,1,5
9329,1,5.0,0.0,1,4
9330,1,4.0,0.0,1,3
9332,1,5.0,0.0,1,3
9333,1,5.0,0.0,1,3
9334,1,4.0,0.0,1,2
9342,6,4.166666666666667,0.983192080250175,3,5
9343,2,5.0,0.0,2,3
9345,1,3.0,0.0,1,4
9358,1,5.0,0.0,1,2
9362,1,5.0,0.0,1,3
9363,1,5.0,0.0,1,4
9365,1,3.0,0.0,1,3
9371,1,4.0,0.0,1,5
9373,1,4.0,0.0,1,3
9374,1,5.0,0.0,1,2
9378,1,5.0,0.0,1,3
9383,1,3.0,0.0,1,2
9385,1,5.0,0.0,1,3
9393,1,5.0,0.0,1,3
9398,1,5.0,0.0,1,2
9400,1,4.0,0.0,1,2
9401,1,3.0,0.0,1,2
9403,1,5.0,0.0,1,2
9406,2,4.0,0.0,2,3
9409,3,3.6666666666666665,0.5773502691896258,3,4
9411,2,5.0,0.0,2,3
9412,1,4.0,0.0,1,4
9414,1,2.0,0.0,1,2
9418,1,4.0,0.0,1,4
9425,1,3.0,0.0,1,3
9427,1,5.0,0.0,1,3
9428,1,3.0,0.0,1,2
9439,1,5.0,0.0,1,2
9445,3,4.0,1.0,3,5
9447,1,4.0,0.0,1,3
9450,3,4.0,0.0,3,2
9453,1,3.0,0.0,1,3
9454,2,4.5,0.7071067811865476,2,2
9456,8,4.25,0.8864052604279185,5,2
9458,1,4.0,0.0,1,3
9462,2,4.5,0.7071067811865476,2,4
9465,2,4.0,0.0,2,2
9467,1,4.0,0.0,1,5
9475,2,4.5,0.7071067811865476,2,2
9480,2,4.5,0.7071067811865476,2,2
9482,1,5.0,0.0,1,4
9486,1,4.0,0.0,1,2
9493,1,5.0,0.0,1,3
9495,2,4.5,0.7071067811865476,2,2
9497,1,3.0,0.0,1,5
9498,1,5.0,0.0,1,2
9499,1,5.0,0.0,1,2
9500,1,5.0,0.0,1,4
9505,1,4.0,0.0,1,3
9506,7,3.5714285714285716,0.9759000729485333,4,2
9507,2,5.0,0.0,2,2
9509,2,4.5,0.7071067811865476,2,2
9512,1,3.0,0.0,1,4
9516,2,5.0,0.0,1,5
9517,1,2.0,0.0,1,3
9518,2,5.0,0.0,1,3
9519,1,5.0,0.0,1,2
9522,1,5.0,0.0,1,2
9524,2,5.0,0.0,2,2
9532,2,4.5,0.7071067811865476,1,2
9533,1,4.0,0.0,1,4
9542,1,2.0,0.0,1,2
9544,1,5.0,0.0,1,4
9546,1,4.0,0.0,1,3
9548,1,3.0,0.0,1,4
9552,3,3.6666666666666665,1.5275252316519465,3,3
9554,2,4.0,0.0,2,5
9556,2,4.5,0.7071067811865476,2,2
9561,1,5.0,0.0,1,2
9563,1,5.0,0.0,1,3
9564,1,4.0,0.0,1,4
9565,1,5.0,0.0,1,2
9568,3,4.0,1.0,1,2
9575,1,5.0,0.0,1,4
9577,1,3.0,0.0,1,4
9579,3,5.0,0.0,2,4
9580,1,5.0,0.0,1,2
9582,1,4.0,0.0,1,2
9583,1,4.0,0.0,1,4
9589,3,3.6666666666666665,0.5773502691896258,3,2
9590,1,5.0,0.0,1,5
9595,1,4.0,0.0,1,2
9597,1,4.0,0.0,1,2
9613,1,5.0,0.0,1,2
9614,1,1.0,0.0,1,4
9618,1,5.0,0.0,1,4
9619,2,4.0,1.4142135623730951,1,5
9620,2,4.0,1.4142135623730951,2,2
9622,1,5.0,0.0,1,3
9624,1,5.0,0.0,1,2
9632,1,5.0,0.0,1,3
9635,2,5.0,0.0,2,2
9639,1,4.0,0.0,1,4
9641,1,5.0,0.0,1,3
9645,1,5.0,0.0,1,2
9650,1,3.0,0.0,1,2
9651,1,5.0,0.0,1,2
9652,1,5.0,0.0,1,2
9655,2,3.5,0.7071067811865476,2,2
9658,1,5.0,0.0,1,3
9659,2,5.0,0.0,2,5
9660,2,3.5,0.7071067811865476,2,2
9662,2,5.0,0.0,2,2
9663,2,4.0,0.0,2,2
9665,1,4.0,0.0,1,3
9666,1,4.0,0.0,1,2
9668,1,2.0,0.0,1,2
9669,4,4.0,0.8164965809277259,4,2
9670,1,3.0,0.0,1,2
9672,1,5.0,0.0,1,3
9674,1,5.0,0.0,1,4
9677,1,5.0,0.0,1,4
9682,3,4.666666666666667,0.5773502691896257,3,2
9688,1,3.0,0.0,1,4
9692,2,4.0,0.0,2,2
9693,1,3.0,0.0,1,3
9694,1,5.0,0.0,1,3
9695,2,5.0,0.0,2,2
9698,1,5.0,0.0,1,4
9701,1,5.0,0.0,1,2
9703,1,4.0,0.0,1,3
9704,1,5.0,0.0,1,4
9709,1,5.0,0.0,1,2
9711,1,5.0,0.0,1,3
9712,1,3.0,0.0,1,2
9713,1,4.0,0.0,1,2
9714,3,4.666666666666667,0.5773502691896257,3,2
9721,1,5.0,0.0,1,4
9723,2,3.0,0.0,2,5
9725,1,4.0,0.0,1,3
9731,3,5.0,0.0,1,3
9733,1,5.0,0.0,1,2
9735,2,5.0,0.0,2,2
9736,4,5.0,0.0,4,2
9737,1,5.0,0.0,1,4
9738,1,5.0,0.0,1,4
9743,2,4.0,0.0,2,3
9747,1,5.0,0.0,1,2
9748,1,5.0,0.0,1,3
9749,1,5.0,0.0,1,5
9750,1,4.0,0.0,1,1
9751,2,4.0,0.0,2,4
9755,1,5.0,0.0,1,4
9756,1,3.0,0.0,1,5
9757,1,5.0,0.0,1,4
9760,1,5.0,0.0,1,2
9762,3,4.666666666666667,0.5773502691896257,2,4
9764,2,4.0,0.0,2,3
9770,1,2.0,0.0,1,2
9771,2,4.5,0.7071067811865476,2,2
9774,1,1.0,0.0,1,4
9781,1,5.0,0.0,1,3
9785,4,3.75,0.5,1,4
9789,1,3.0,0.0,1,2
9790,1,3.0,0.0,1,3
9791,1,1.0,0.0,1,3
9792,4,4.5,0.5773502691896258,3,3
9795,1,4.0,0.0,1,3
9797,1,5.0,0.0,1,2
9798,1,5.0,0.0,1,2
9800,2,3.5,0.7071067811865476,1,4
9802,2,3.0,1.4142135623730951,2,3
9804,4,3.25,0.9574271077563381,4,2
9807,1,5.0,0.0,1,5
9813,2,2.0,1.4142135623730951,2,2
9814,3,5.0,0.0,3,2
9816,1,5.0,0.0,1,4
9817,5,4.2,0.8366600265340756,2,3
9820,4,4.5,0.5773502691896257,3,2
9821,1,5.0,0.0,1,2
9822,3,5.0,0.0,3,2
9828,1,4.0,0.0,1,4
9829,2,5.0,0.0,2,2
9831,1,5.0,0.0,1,3
9836,2,3.5,0.7071067811865476,2,2
9838,1,4.0,0.0,1,2
9840,2,5.0,0.0,2,2
9846,1,5.0,0.0,1,2
9848,2,4.5,0.7071067811865476,1,3
9849,1,5.0,0.0,1,5
9851,2,5.0,0.0,2,3
9852,3,5.0,0.0,2,3
9856,1,4.0,0.0,1,2
9858,1,1.0,0.0,1,3
9864,2,5.0,0.0,1,2
9872,2,4.5,0.7071067811865476,2,2
9874,1,4.0,0.0,1,3
9878,3,3.6666666666666665,0.5773502691896258,1,2
9880,1,3.0,0.0,1,3
9883,1,4.0,0.0,1,2
9885,1,5.0,0.0,1,2
9889,1,3.0,0.0,1,3
9891,1,3.0,0.0,1,4
9894,1,4.0,0.0,1,3
9895,2,4.0,0.0,1,3
9899,1,5.0,0.0,1,4
9900,1,5.0,0.0,1,2
9912,2,5.0,0.0,2,2
9913,1,1.0,0.0,1,2
9920,1,5.0,0.0,1,2
9924,1,2.0,0.0,1,4
9925,3,4.0,0.0,3,2
9929,2,4.5,0.7071067811865476,2,2
9932,2,4.0,1.4142135623730951,2,3
9936,2,4.5,0.7071067811865476,1,2
9940,5,4.6,0.5477225575051662,4,5
9943,2,1.5,0.7071067811865476,2,2
9947,1,5.0,0.0,1,1
9951,1,3.0,0.0,1,3
9954,2,5.0,0.0,2,3
9955,1,3.0,0.0,1,4
9956,3,4.666666666666667,0.5773502691896257,3,4
9957,3,4.666666666666667,0.5773502691896257,2,3
9961,1,1.0,0.0,1,3
9962,10,4.3,0.6749485577105528,5,2
9965,1,5.0,0.0,1,2
9966,1,5.0,0.0,1,2
9968,1,5.0,0.0,1,4
9970,1,5.0,0.0,1,4
9975,1,5.0,0.0,1,2
9978,1,4.0,0.0,1,3
9979,1,4.0,0.0,1,2
9984,1,4.0,0.0,1,5
9987,1,4.0,0.0,1,2
9996,1,4.0,0.0,1,2
10000,1,5.0,0.0,1,2
10005,1,5.0,0.0,1,4
10007,1,5.0,0.0,1,2
10009,3,4.333333333333333,0.5773502691896257,3,3
10014,1,5.0,0.0,1,3
10015,1,4.0,0.0,1,2
10018,3,3.3333333333333335,0.5773502691896257,3,2
10020,2,4.5,0.7071067811865476,2,2
10021,1,5.0,0.0,1,2
10029,1,4.0,0.0,1,3
10030,2,4.5,0.7071067811865476,2,3
10031,1,4.0,0.0,1,3
10033,1,5.0,0.0,1,4
10039,1,3.0,0.0,1,3
10042,1,4.0,0.0,1,3
10043,1,4.0,0.0,1,2
10047,1,4.0,0.0,1,3
10048,1,4.0,0.0,1,2
10049,3,4.0,1.0,1,4
10050,1,5.0,0.0,1,4
10053,2,4.0,0.0,1,2
10058,1,5.0,0.0,1,4
10070,1,5.0,0.0,1,3
10072,1,4.0,0.0,1,2
10075,1,5.0,0.0,1,2
10076,2,4.5,0.7071067811865476,2,4
10077,1,2.0,0.0,1,5
10079,1,4.0,0.0,1,2
10085,1,5.0,0.0,1,2
10092,1,3.0,0.0,1,2
10093,1,5.0,0.0,1,3
10101,1,4.0,0.0,1,5
10102,1,4.0,0.0,1,5
10103,3,3.6666666666666665,0.5773502691896257,3,3
10105,1,4.0,0.0,1,4
10106,1,5.0,0.0,1,2
10107,1,4.0,0.0,1,2
10108,4,3.75,1.5,4,5
10114,1,3.0,0.0,1,3
10115,2,4.0,1.4142135623730951,1,2
10119,1,4.0,0.0,1,4
10121,2,4.5,0.7071067811865476,2,2
10123,1,5.0,0.0,1,2
10125,2,3.5,0.7071067811865476,2,4
10128,1,5.0,0.0,1,2
10131,1,5.0,0.0,1,3
10138,1,4.0,0.0,1,5
10139,1,4.0,0.0,1,3
10143,7,4.571428571428571,0.7867957924694431,7,3
10145,1,4.0,0.0,1,2
10151,1,5.0,0.0,1,4
10152,1,2.0,0.0,1,2
10156,2,4.0,0.0,2,2
10158,1,5.0,0.0,1,5
10159,2,2.5,0.7071067811865476,1,2
10165,2,3.5,2.1213203435596424,2,2
10167,1,4.0,0.0,1,4
10169,1,5.0,0.0,1,4
10174,1,4.0,0.0,1,2
10180,1,4.0,0.0,1,2
10185,2,5.0,0.0,2,2
10187,1,5.0,0.0,1,4
10190,1,2.0,0.0,1,2
10192,1,1.0,0.0,1,3
10195,1,1.0,0.0,1,3
10197,1,5.0,0.0,1,4
10198,1,5.0,0.0,1,2
10199,5,4.6,0.5477225575051663,1,3
10203,1,4.0,0.0,1,3
10204,1,3.0,0.0,1,3
10205,1,4.0,0.0,1,4
10210,1,4.0,0.0,1,2
10214,1,2.0,0.0,1,4
10216,1,4.0,0.0,1,2
10217,1,5.0,0.0,1,3
10219,1,5.0,0.0,1,3
10220,2,2.0,1.4142135623730951,2,2
10224,1,4.0,0.0,1,2
10225,4,3.5,0.5773502691896257,1,3
10228,1,3.0,0.0,1,3
10230,4,5.0,0.0,1,4
10231,2,3.0,1.4142135623730951,2,2
10233,3,4.333333333333333,0.5773502691896258,3,5
10234,1,4.0,0.0,1,3
10235,1,5.0,0.0,1,3
10237,1,3.0,0.0,1,3
10242,2,4.0,0.0,2,4
10243,2,4.0,0.0,2,4
10244,4,4.5,1.0,2,3
10247,3,2.6666666666666665,2.0816659994661326,3,2
10248,1,4.0,0.0,1,4
10249,2,4.5,0.7071067811865476,2,3
10250,3,4.0,1.0,3,2
10252,1,4.0,0.0,1,3
10256,1,4.0,0.0,1,3
10257,2,3.5,0.7071067811865476,2,5
10267,1,4.0,0.0,1,2
10268,2,4.5,0.7071067811865476,2,3
10269,1,5.0,0.0,1,3
10271,1,5.0,0.0,1,3
10273,1,4.0,0.0,1,5
10275,1,5.0,0.0,1,3
10278,1,3.0,0.0,1,2
10284,1,4.0,0.0,1,3
10288,1,4.0,0.0,1,2
10289,3,4.333333333333333,1.1547005383792515,2,2
10290,1,5.0,0.0,1,3
10291,1,3.0,0.0,1,5
10292,1,3.0,0.0,1,2
10296,1,5.0,0.0,1,3
10297,1,4.0,0.0,1,2
10298,1,5.0,0.0,1,5
10299,1,1.0,0.0,1,2
10301,2,3.0,2.8284271247461903,2,2
10304,1,4.0,0.0,1,2
10305,6,3.5,0.5477225575051661,2,2
10308,2,5.0,0.0,1,3
10311,3,3.6666666666666665,0.5773502691896257,2,3
10315,1,2.0,0.0,1,3
10318,1,3.0,0.0,1,5
10319,1,5.0,0.0,1,3
10321,2,3.0,2.8284271247461903,2,2
10324,1,4.0,0.0,1,4
10326,2,5.0,0.0,2,2
10328,3,4.333333333333333,0.5773502691896257,3,2
10330,1,3.0,0.0,1,2
10331,2,4.0,1.4142135623730951,2,3
10334,1,3.0,0.0,1,5
10335,1,3.0,0.0,1,2
10336,1,5.0,0.0,1,2
10338,1,4.0,0.0,1,2
10343,1,5.0,0.0,1,4
10344,2,3.5,0.7071067811865476,2,2
10345,1,4.0,0.0,1,2
10348,1,3.0,0.0,1,2
10352,2,5.0,0.0,1,3
10353,1,4.0,0.0,1,2
10357,1,4.0,0.0,1,2
10362,1,4.0,0.0,1,2
10363,1,5.0,0.0,1,3
10365,1,2.0,0.0,1,3
10366,1,4.0,0.0,1,3
10370,1,4.0,0.0,1,5
10371,1,3.0,0.0,1,4
10374,1,5.0,0.0,1,3
10375,2,4.0,0.0,2,3
10379,6,4.166666666666667,0.983192080250175,4,5
10383,1,5.0,0.0,1,4
10384,1,5.0,0.0,1,2
10385,3,4.666666666666667,0.5773502691896258,3,3
10386,1,4.0,0.0,1,4
10388,1,5.0,0.0,1,3
10389,2,4.0,0.0,2,2
10391,1,5.0,0.0,1,2
10393,1,3.0,0.0,1,2
10394,1,2.0,0.0,1,5
10396,2,5.0,0.0,2,2
10398,2,4.5,0.7071067811865476,2,2
10406,1,2.0,0.0,1,4
10410,3,4.333333333333333,1.1547005383792515,2,3
10412,1,5.0,0.0,1,4
10414,3,4.0,1.0,3,3
10415,1,4.0,0.0,1,2
10416,1,5.0,0.0,1,2
10417,3,4.333333333333333,0.5773502691896257,3,2
10419,1,4.0,0.0,1,2
10421,1,5.0,0.0,1,3
10422,1,4.0,0.0,1,2
10423,1,4.0,0.0,1,5
10425,1,4.0,0.0,1,4
10426,2,3.5,0.7071067811865476,2,3
10428,1,5.0,0.0,1,4
10430,1,4.0,0.0,1,2
10431,1,3.0,0.0,1,2
10432,1,5.0,0.0,1,3
10434,1,3.0,0.0,1,3
10435,1,5.0,0.0,1,4
10438,1,5.0,0.0,1,3
10441,5,4.8,0.4472135954999579,1,4
10443,1,3.0,0.0,1,3
10446,2,5.0,0.0,2,2
10447,2,4.0,1.4142135623730951,2,3
10453,1,5.0,0.0,1,2
10456,2,5.0,0.0,2,3
10459,1,3.0,0.0,1,2
10460,1,1.0,0.0,1,2
10462,1,5.0,0.0,1,4
10469,1,5.0,0.0,1,3
10472,3,4.666666666666667,0.5773502691896257,3,2
10481,1,4.0,0.0,1,4
10482,1,4.0,0.0,1,2
10483,1,4.0,0.0,1,5
10484,1,3.0,0.0,1,4
10498,1,5.0,0.0,1,2
10499,1,4.0,0.0,1,3
10500,1,4.0,0.0,1,4
10501,2,3.5,0.7071067811865476,2,2
10504,1,5.0,0.0,1,2
10505,1,5.0,0.0,1,2
10511,1,3.0,0.0,1,3
10512,1,5.0,0.0,1,3
10517,2,4.0,0.0,2,3
10519,2,5.0,0.0,2,2
10521,1,4.0,0.0,1,4
10524,6,4.333333333333333,1.0327955589886446,6,2
10526,1,5.0,0.0,1,3
10528,1,3.0,0.0,1,4
10530,1,5.0,0.0,1,4
10535,1,4.0,0.0,1,2
10540,1,3.0,0.0,1,4
10546,1,5.0,0.0,1,3
10548,1,5.0,0.0,1,3
10553,1,4.0,0.0,1,2
10554,1,1.0,0.0,1,2
10558,1,5.0,0.0,1,4
10563,2,5.0,0.0,2,5
10564,2,3.0,0.0,2,3
10569,2,3.0,0.0,2,4
10570,1,2.0,0.0,1,3
10571,1,4.0,0.0,1,5
10572,8,4.25,0.8864052604279181,8,3
10573,1,4.0,0.0,1,2
10576,1,5.0,0.0,1,4
10577,1,4.0,0.0,1,5
10578,2,4.0,0.0,2,3
10580,1,5.0,0.0,1,4
10581,2,5.0,0.0,2,3
10583,1,3.0,0.0,1,4
10586,2,4.0,1.4142135623730951,2,2
10589,3,3.6666666666666665,1.5275252316519465,3,4
10595,1,5.0,0.0,1,3
10596,3,4.666666666666667,0.5773502691896257,3,3
10600,1,5.0,0.0,1,2
10601,3,3.0,1.0,3,5
10602,1,5.0,0.0,1,2
10603,3,4.0,1.0,3,2
10606,3,3.6666666666666665,0.5773502691896257,3,2
10607,2,4.5,0.7071067811865476,1,3
10610,1,4.0,0.0,1,2
10612,1,5.0,0.0,1,2
10618,1,4.0,0.0,1,3
10620,1,5.0,0.0,1,2
10622,1,5.0,0.0,1,2
10624,1,4.0,0.0,1,2
10627,1,1.0,0.0,1,2
10628,1,5.0,0.0,1,5
10631,1,5.0,0.0,1,2
10639,1,2.0,0.0,1,4
10641,4,4.5,0.5773502691896258,2,2
10642,1,4.0,0.0,1,2
10644,4,3.5,0.5773502691896257,1,4
10647,7,4.714285714285714,0.48795003647426655,5,2
10648,1,3.0,0.0,1,3
10649,1,5.0,0.0,1,4
10652,2,3.0,1.4142135623730951,2,3
10653,1,3.0,0.0,1,2
10654,5,4.2,1.3038404810405297,4,3
10664,1,4.0,0.0,1,2
10667,2,4.0,1.4142135623730951,2,2
10668,1,5.0,0.0,1,2
10673,2,4.5,0.7071067811865476,2,4
10675,1,5.0,0.0,1,4
10678,1,5.0,0.0,1,3
10680,1,4.0,0.0,1,2
10687,2,5.0,0.0,2,2
10688,2,1.5,0.7071067811865476,2,2
10689,1,5.0,0.0,1,2
10691,2,4.0,0.0,2,3
10692,1,3.0,0.0,1,2
10694,1,4.0,0.0,1,3
10702,2,4.5,0.7071067811865476,2,1
10703,1,5.0,0.0,1,2
10708,1,4.0,0.0,1,2
10713,1,4.0,0.0,1,2
10714,5,4.2,0.8366600265340756,5,2
10717,1,5.0,0.0,1,2
10719,1,4.0,0.0,1,3
10720,3,4.666666666666667,0.5773502691896257,3,2
10722,1,5.0,0.0,1,3
10723,1,5.0,0.0,1,2
10724,2,3.5,0.7071067811865476,2,3
10726,3,4.333333333333333,0.5773502691896257,3,3
10727,1,5.0,0.0,1,5
10728,4,3.75,0.5,3,3
10732,1,4.0,0.0,1,2
10736,1,5.0,0.0,1,2
10737,1,3.0,0.0,1,2
10738,2,3.5,0.7071067811865476,1,3
10741,2,1.5,0.7071067811865476,1,2
10747,1,4.0,0.0,1,5
10751,2,4.0,0.0,2,5
10752,1,4.0,0.0,1,2
10754,1,5.0,0.0,1,3
10756,1,5.0,0.0,1,2
10764,1,4.0,0.0,1,3
10770,1,4.0,0.0,1,3
10771,7,3.0,1.5275252316519468,2,3
10772,1,2.0,0.0,1,3
10774,1,3.0,0.0,1,3
10775,2,4.5,0.7071067811865476,1,3
10776,2,3.5,2.1213203435596424,2,3
10777,5,4.8,0.4472135954999579,1,4
10785,1,3.0,0.0,1,4
10793,2,4.5,0.7071067811865476,1,4
10794,2,4.5,0.7071067811865476,2,3
10795,1,4.0,0.0,1,2
10797,1,4.0,0.0,1,2
10799,1,5.0,0.0,1,2
10801,2,4.0,0.0,2,4
10802,2,3.5,0.7071067811865476,2,4
10805,1,2.0,0.0,1,5
10808,2,4.5,0.7071067811865476,2,5
10809,1,3.0,0.0,1,4
10812,1,5.0,0.0,1,2
10816,5,4.2,0.44721359549995787,4,3
10820,1,5.0,0.0,1,4
10821,1,5.0,0.0,1,4
10822,1,4.0,0.0,1,2
10823,2,4.0,0.0,2,2
10825,1,3.0,0.0,1,2
10827,1,5.0,0.0,1,4
10829,2,3.5,0.7071067811865476,2,4
10835,1,3.0,0.0,1,3
10837,2,3.5,0.7071067811865476,2,5
10838,2,4.5,0.7071067811865476,1,3
10840,4,4.75,0.5,3,4
10841,1,5.0,0.0,1,1
10847,1,3.0,0.0,1,2
10848,1,5.0,0.0,1,3
10851,1,5.0,0.0,1,2
10852,1,5.0,0.0,1,4
10858,2,5.0,0.0,2,2
10863,1,2.0,0.0,1,4
10864,2,4.0,0.0,1,4
10865,2,3.5,0.7071067811865476,2,2
10869,1,5.0,0.0,1,3
10870,1,5.0,0.0,1,5
10872,1,3.0,0.0,1,4
10873,2,3.5,0.7071067811865476,2,2
10875,1,5.0,0.0,1,3
10883,3,4.0,0.0,3,2
10889,1,3.0,0.0,1,2
10890,1,5.0,0.0,1,2
10892,1,4.0,0.0,1,4
10895,1,3.0,0.0,1,4
10898,1,5.0,0.0,1,3
10901,1,4.0,0.0,1,3
10903,1,5.0,0.0,1,3
10905,3,4.333333333333333,0.5773502691896257,3,3
10906,1,5.0,0.0,1,3
10908,2,5.0,0.0,2,4
10909,1,4.0,0.0,1,5
10910,1,5.0,0.0,1,3
10913,1,4.0,0.0,1,3
10914,1,5.0,0.0,1,2
10915,1,5.0,0.0,1,3
10917,1,5.0,0.0,1,2
10920,1,3.0,0.0,1,4
10922,1,5.0,0.0,1,3
10925,1,5.0,0.0,1,2
10930,1,3.0,0.0,1,4
10936,1,3.0,0.0,1,3
10944,1,3.0,0.0,1,5
10945,1,5.0,0.0,1,2
10946,1,4.0,0.0,1,3
10948,2,4.0,0.0,2,2
10949,1,4.0,0.0,1,2
10950,1,4.0,0.0,1,2
10951,2,4.0,0.0,2,3
10952,3,4.333333333333333,0.5773502691896258,3,3
10953,1,4.0,0.0,1,2
10955,2,5.0,0.0,2,2
10956,1,5.0,0.0,1,2
10961,1,3.0,0.0,1,2
10962,3,4.0,1.0,1,3
10965,2,4.5,0.7071067811865476,2,5
10966,1,4.0,0.0,1,2
10969,1,5.0,0.0,1,4
10973,2,3.5,0.7071067811865476,2,3
10975,1,4.0,0.0,1,4
10976,1,5.0,0.0,1,3
10977,1,4.0,0.0,1,2
10978,1,5.0,0.0,1,2
10983,1,3.0,0.0,1,4
10985,1,4.0,0.0,1,3
10994,4,3.0,1.8257418583505538,4,3
10996,3,4.0,1.0,1,3
10997,1,2.0,0.0,1,2
10998,1,4.0,0.0,1,2
10999,1,5.0,0.0,1,3
11001,1,3.0,0.0,1,2
11002,1,4.0,0.0,1,4
11003,1,5.0,0.0,1,2
11008,3,4.666666666666667,0.5773502691896257,3,3
11011,1,5.0,0.0,1,4
11013,1,3.0,0.0,1,2
11015,1,4.0,0.0,1,2
11019,1,4.0,0.0,1,3
11032,2,3.5,0.7071067811865476,2,2
11033,1,3.0,0.0,1,3
11036,1,3.0,0.0,1,5
11038,1,4.0,0.0,1,3
11039,1,5.0,0.0,1,3
11042,1,4.0,0.0,1,4
11051,1,1.0,0.0,1,2
11053,1,3.0,0.0,1,2
11054,1,4.0,0.0,1,5
11059,1,3.0,0.0,1,2
11064,1,5.0,0.0,1,4
11068,1,5.0,0.0,1,2
11070,4,4.25,0.9574271077563382,4,4
11071,1,5.0,0.0,1,4
11075,2,5.0,0.0,2,2
11076,2,4.0,1.4142135623730951,2,2
11078,1,5.0,0.0,1,4
11082,1,4.0,0.0,1,4
11084,2,5.0,0.0,2,2
11086,1,5.0,0.0,1,3
11087,1,4.0,0.0,1,2
11091,2,4.0,1.4142135623730951,2,4
11093,1,3.0,0.0,1,2
11095,1,3.0,0.0,1,2
11096,1,5.0,0.0,1,3
11099,3,4.333333333333333,1.1547005383792515,3,2
11100,1,4.0,0.0,1,2
11101,2,5.0,0.0,2,2
11103,1,5.0,0.0,1,4
11104,3,3.3333333333333335,1.1547005383792515,3,5
11106,2,4.5,0.7071067811865476,2,3
11108,1,1.0,0.0,1,4
11109,1,5.0,0.0,1,3
11110,1,4.0,0.0,1,2
11112,1,3.0,0.0,1,2
11114,1,5.0,0.0,1,2
11116,2,3.5,0.7071067811865476,2,1
11119,1,3.0,0.0,1,2
11122,1,4.0,0.0,1,3
11123,1,5.0,0.0,1,4
11124,2,4.5,0.7071067811865476,2,4
11128,2,5.0,0.0,2,2
11130,1,2.0,0.0,1,5
11131,1,3.0,0.0,1,4
11132,3,4.666666666666667,0.5773502691896257,1,4
11133,1,5.0,0.0,1,5
11134,1,4.0,0.0,1,2
11137,1,3.0,0.0,1,2
11138,5,3.2,1.3038404810405297,1,4
11143,1,5.0,0.0,1,3
11144,1,5.0,0.0,1,3
11145,1,5.0,0.0,1,3
11147,1,4.0,0.0,1,3
11149,1,2.0,0.0,1,4
11161,1,4.0,0.0,1,3
11165,1,4.0,0.0,1,4
11167,1,4.0,0.0,1,2
11169,2,4.0,1.4142135623730951,2,5
11172,1,5.0,0.0,1,2
11173,1,5.0,0.0,1,2
11174,3,4.0,1.7320508075688772,3,2
11178,2,4.5,0.7071067811865476,2,2
11180,1,5.0,0.0,1,3
11182,1,5.0,0.0,1,3
11185,1,3.0,0.0,1,1
11189,1,4.0,0.0,1,3
11190,1,5.0,0.0,1,2
11192,2,4.5,0.7071067811865476,2,3
11193,4,3.75,0.9574271077563381,4,3
11196,1,4.0,0.0,1,3
11198,1,4.0,0.0,1,2
11203,1,5.0,0.0,1,2
11206,1,5.0,0.0,1,2
11210,1,5.0,0.0,1,4
11212,2,5.0,0.0,2,3
11213,1,3.0,0.0,1,4
11214,2,4.5,0.7071067811865476,2,2
11216,1,3.0,0.0,1,2
11217,2,3.5,0.7071067811865476,2,3
11219,1,4.0,0.0,1,3
11225,1,5.0,0.0,1,2
11230,2,4.0,1.4142135623730951,2,4
11231,1,5.0,0.0,1,4
11232,2,4.0,0.0,2,2
11234,1,5.0,0.0,1,4
11238,1,5.0,0.0,1,1
11242,2,4.5,0.7071067811865476,2,2
11243,1,1.0,0.0,1,2
11247,1,4.0,0.0,1,2
11248,1,2.0,0.0,1,3
11249,1,4.0,0.0,1,3
11251,1,2.0,0.0,1,3
11255,2,5.0,0.0,2,3
11258,1,5.0,0.0,1,4
11260,2,2.0,1.4142135623730951,2,4
11264,1,5.0,0.0,1,2
11265,1,5.0,0.0,1,4
11266,2,4.5,0.7071067811865476,2,4
11267,5,3.6,0.8944271909999159,2,3
11274,1,5.0,0.0,1,2
11281,4,3.5,0.5773502691896257,3,2
11282,1,5.0,0.0,1,3
11284,1,5.0,0.0,1,4
11289,1,5.0,0.0,1,4
11290,1,5.0,0.0,1,3
11292,1,4.0,0.0,1,2
11294,1,5.0,0.0,1,2
11295,2,5.0,0.0,2,2
11296,2,5.0,0.0,1,4
11297,1,5.0,0.0,1,3
11298,1,4.0,0.0,1,3
11302,2,5.0,0.0,2,4
11304,1,4.0,0.0,1,3
11305,1,3.0,0.0,1,3
11306,1,5.0,0.0,1,2
11307,4,4.5,0.5773502691896258,4,4
11308,1,3.0,0.0,1,2
11313,1,5.0,0.0,1,2
11317,1,5.0,0.0,1,4
11318,1,3.0,0.0,1,2
11319,2,4.5,0.7071067811865476,1,1
11325,1,5.0,0.0,1,4
11331,1,4.0,0.0,1,2
11332,1,4.0,0.0,1,3
11336,1,4.0,0.0,1,4
11348,1,5.0,0.0,1,3
11355,1,5.0,0.0,1,5
11358,1,5.0,0.0,1,5
11361,1,4.0,0.0,1,2
11363,1,5.0,0.0,1,4
11366,1,4.0,0.0,1,3
11370,1,5.0,0.0,1,4
11375,1,3.0,0.0,1,3
11377,2,4.5,0.7071067811865476,2,2
11383,1,2.0,0.0,1,2
11384,1,5.0,0.0,1,3
11386,1,5.0,0.0,1,2
11388,1,5.0,0.0,1,3
11390,1,4.0,0.0,1,3
11393,1,4.0,0.0,1,2
11400,1,5.0,0.0,1,3
11403,1,5.0,0.0,1,3
11404,1,5.0,0.0,1,4
11405,1,4.0,0.0,1,2
11410,1,2.0,0.0,1,4
11418,2,4.5,0.7071067811865476,1,3
11421,2,4.0,0.0,2,2
11424,1,5.0,0.0,1,4
11430,1,5.0,0.0,1,2
11431,1,3.0,0.0,1,2
11432,1,4.0,0.0,1,2
11433,1,4.0,0.0,1,2
11435,1,2.0,0.0,1,2
11436,1,2.0,0.0,1,2
11443,1,2.0,0.0,1,3
11447,1,5.0,0.0,1,2
11448,1,4.0,0.0,1,3
11449,1,3.0,0.0,1,3
11454,1,5.0,0.0,1,3
11455,1,2.0,0.0,1,2
11456,1,4.0,0.0,1,3
11457,1,5.0,0.0,1,2
11458,1,5.0,0.0,1,4
11460,1,5.0,0.0,1,4
11461,1,4.0,0.0,1,2
11462,1,2.0,0.0,1,2
11465,1,5.0,0.0,1,5
11470,1,5.0,0.0,1,2
11471,1,4.0,0.0,1,3
11474,2,3.5,2.1213203435596424,2,2
11475,1,5.0,0.0,1,3
11478,1,5.0,0.0,1,3
11480,1,5.0,0.0,1,3
11481,1,5.0,0.0,1,5
11485,1,5.0,0.0,1,2
11487,1,5.0,0.0,1,4
11491,2,5.0,0.0,2,3
11494,1,5.0,0.0,1,2
11495,2,4.0,0.0,2,5
11496,1,5.0,0.0,1,4
11502,2,4.0,0.0,2,2
11509,1,5.0,0.0,1,3
11510,2,4.5,0.7071067811865476,2,4
11514,1,5.0,0.0,1,3
11516,1,4.0,0.0,1,2
11518,1,4.0,0.0,1,4
11524,1,4.0,0.0,1,3
11527,1,3.0,0.0,1,2
11528,1,3.0,0.0,1,2
11532,1,3.0,0.0,1,2
11533,1,5.0,0.0,1,2
11534,3,5.0,0.0,3,3
11536,1,4.0,0.0,1,2
11540,1,4.0,0.0,1,3
11543,1,5.0,0.0,1,3
11548,5,4.4,0.8944271909999161,1,4
11549,1,4.0,0.0,1,2
11551,1,5.0,0.0,1,2
11552,1,4.0,0.0,1,3
11553,1,5.0,0.0,1,3
11554,2,4.0,1.4142135623730951,1,4
11558,1,4.0,0.0,1,4
11563,1,4.0,0.0,1,2
11564,1,5.0,0.0,1,2
11567,1,5.0,0.0,1,3
11576,2,3.5,0.7071067811865476,2,1
11579,1,4.0,0.0,1,4
11581,1,5.0,0.0,1,2
11583,1,5.0,0.0,1,1
11584,2,5.0,0.0,2,2
11585,1,4.0,0.0,1,4
11586,1,4.0,0.0,1,2
11591,3,3.6666666666666665,0.5773502691896257,3,5
11592,1,3.0,0.0,1,2
11594,2,4.0,1.4142135623730951,2,2
11595,1,5.0,0.0,1,2
11596,3,4.666666666666667,0.5773502691896258,3,2
11597,1,4.0,0.0,1,3
11602,1,4.0,0.0,1,3
11605,1,4.0,0.0,1,2
11608,1,3.0,0.0,1,4
11614,2,4.5,0.7071067811865476,2,2
11616,2,4.0,0.0,2,2
11620,2,3.0,0.0,2,2
11622,1,4.0,0.0,1,2
11623,1,2.0,0.0,1,3
11624,1,3.0,0.0,1,4
11625,2,4.0,1.4142135623730951,2,2
11626,2,5.0,0.0,2,2
11630,1,5.0,0.0,1,2
11631,1,5.0,0.0,1,5
11636,1,5.0,0.0,1,3
11641,2,3.5,0.7071067811865476,2,3
11645,1,4.0,0.0,1,3
11646,1,5.0,0.0,1,2
11647,1,5.0,0.0,1,3
11651,1,4.0,0.0,1,2
11658,1,5.0,0.0,1,3
11659,2,4.0,0.0,2,2
11667,2,4.0,0.0,1,3
11672,1,3.0,0.0,1,2
11675,1,4.0,0.0,1,3
11676,1,4.0,0.0,1,3
11680,1,4.0,0.0,1,3
11683,1,5.0,0.0,1,3
11685,1,5.0,0.0,1,2
11686,1,5.0,0.0,1,3
11690,1,5.0,0.0,1,4
11694,1,5.0,0.0,1,3
11697,1,5.0,0.0,1,3
11698,1,4.0,0.0,1,2
11700,1,5.0,0.0,1,4
11701,1,5.0,0.0,1,4
11704,1,5.0,0.0,1,3
11705,1,3.0,0.0,1,5
11706,1,5.0,0.0,1,3
11709,1,4.0,0.0,1,4
11718,1,3.0,0.0,1,2
11721,1,4.0,0.0,1,2
11723,3,4.666666666666667,0.5773502691896257,3,5
11725,1,5.0,0.0,1,2
11727,1,4.0,0.0,1,2
11729,1,3.0,0.0,1,3
11734,1,5.0,0.0,1,4
11736,1,4.0,0.0,1,5
11738,1,4.0,0.0,1,4
11739,1,5.0,0.0,1,2
11743,1,3.0,0.0,1,2
11745,2,4.0,1.4142135623730951,2,2
11747,1,5.0,0.0,1,1
11748,3,4.333333333333333,1.1547005383792515,3,3
11753,1,5.0,0.0,1,4
11754,1,3.0,0.0,1,2
11755,1,5.0,0.0,1,3
11756,1,3.0,0.0,1,2
11757,1,5.0,0.0,1,3
11758,1,5.0,0.0,1,2
11760,1,3.0,0.0,1,2
11761,1,3.0,0.0,1,3
11762,1,3.0,0.0,1,2
11763,1,5.0,0.0,1,3
11764,1,4.0,0.0,1,3
11765,1,4.0,0.0,1,3
11767,2,4.5,0.7071067811865476,1,2
11768,1,5.0,0.0,1,2
11771,1,4.0,0.0,1,2
11776,1,5.0,0.0,1,3
11779,1,4.0,0.0,1,4
11780,1,4.0,0.0,1,2
11783,2,5.0,0.0,2,2
11786,1,5.0,0.0,1,2
11787,3,3.6666666666666665,1.1547005383792515,3,5
11791,1,5.0,0.0,1,3
11793,1,4.0,0.0,1,2
11797,1,4.0,0.0,1,5
11805,1,3.0,0.0,1,4
11806,1,4.0,0.0,1,4
11808,2,4.5,0.7071067811865476,2,3
11810,2,4.5,0.7071067811865476,2,2
11812,3,4.333333333333333,1.1547005383792515,3,4
11814,1,5.0,0.0,1,3
11817,1,3.0,0.0,1,2
11822,1,3.0,0.0,1,3
11823,1,1.0,0.0,1,2
11826,1,4.0,0.0,1,2
11829,1,3.0,0.0,1,4
11831,2,3.5,0.7071067811865476,2,2
11833,5,2.8,0.4472135954999579,5,2
11841,1,4.0,0.0,1,5
11843,2,3.0,1.4142135623730951,2,2
11844,1,5.0,0.0,1,2
11851,2,2.0,1.4142135623730951,2,4
11852,2,5.0,0.0,1,3
11854,1,4.0,0.0,1,2
11855,3,5.0,0.0,1,4
11856,2,4.0,0.0,2,3
11858,2,4.0,0.0,2,3
11859,1,5.0,0.0,1,3
11860,1,3.0,0.0,1,5
11862,1,3.0,0.0,1,5
11864,1,5.0,0.0,1,3
11865,2,4.5,0.7071067811865476,2,2
11868,2,4.0,1.4142135623730951,2,2
11869,1,5.0,0.0,1,3
11870,2,3.5,0.7071067811865476,1,2
11874,1,5.0,0.0,1,2
11876,1,5.0,0.0,1,2
11878,1,5.0,0.0,1,4
11879,1,4.0,0.0,1,4
11881,1,3.0,0.0,1,2
11883,1,4.0,0.0,1,3
11885,1,4.0,0.0,1,2
11889,2,3.5,0.7071067811865476,2,2
11891,1,5.0,0.0,1,3
11893,1,5.0,0.0,1,2
11895,1,4.0,0.0,1,3
11896,1,4.0,0.0,1,3
11897,1,2.0,0.0,1,2
11900,2,5.0,0.0,2,2
11905,2,3.0,1.4142135623730951,2,2
11907,1,3.0,0.0,1,3
11912,2,3.5,0.7071067811865476,2,2
11914,3,4.0,1.0,3,2
11921,1,4.0,0.0,1,2
11922,2,4.5,0.7071067811865476,2,3
11924,1,3.0,0.0,1,2
11927,1,3.0,0.0,1,4
11933,1,5.0,0.0,1,3
11934,3,4.333333333333333,1.1547005383792517,3,3
11938,1,4.0,0.0,1,2
11940,1,4.0,0.0,1,2
11942,1,5.0,0.0,1,2
11943,1,3.0,0.0,1,3
11946,1,5.0,0.0,1,3
11952,1,5.0,0.0,1,3
11953,1,5.0,0.0,1,3
11954,1,5.0,0.0,1,4
11957,1,3.0,0.0,1,4
11958,1,3.0,0.0,1,2
11959,2,5.0,0.0,2,3
11961,1,4.0,0.0,1,2
11962,1,2.0,0.0,1,2
11963,1,4.0,0.0,1,2
11966,1,5.0,0.0,1,2
11968,1,4.0,0.0,1,2
11971,1,4.0,0.0,1,2
11972,1,5.0,0.0,1,2
11975,1,4.0,0.0,1,4
11976,1,3.0,0.0,1,2
11978,5,3.2,1.0954451150103324,5,2
11979,2,5.0,0.0,2,4
11981,1,4.0,0.0,1,3
11982,1,5.0,0.0,1,2
11986,1,5.0,0.0,1,2
11988,1,4.0,0.0,1,4
11989,1,5.0,0.0,1,2
11993,2,5.0,0.0,1,2
11995,1,5.0,0.0,1,3
11996,1,5.0,0.0,1,4
12000,1,4.0,0.0,1,1
12002,1,1.0,0.0,1,2
12003,1,4.0,0.0,1,3
12006,1,3.0,0.0,1,2
12010,1,4.0,0.0,1,5
12011,1,3.0,0.0,1,4
12012,1,4.0,0.0,1,2
12013,1,3.0,0.0,1,4
12015,1,2.0,0.0,1,4
12017,3,4.333333333333333,0.5773502691896258,3,3
12019,1,5.0,0.0,1,4
12020,1,5.0,0.0,1,2
12022,1,1.0,0.0,1,2
12026,1,3.0,0.0,1,4
12028,2,5.0,0.0,2,2
12029,1,5.0,0.0,1,4
12031,1,4.0,0.0,1,3
12032,1,3.0,0.0,1,4
12033,1,3.0,0.0,1,2
12040,1,4.0,0.0,1,4
12043,1,5.0,0.0,1,2
12045,1,5.0,0.0,1,5
12050,1,3.0,0.0,1,3
12052,7,4.285714285714286,1.1126972805283735,6,4
12057,1,5.0,0.0,1,5
12063,2,4.0,0.0,1,2
12064,1,4.0,0.0,1,3
12065,1,1.0,0.0,1,4
12067,3,3.6666666666666665,1.5275252316519468,1,3
12071,1,5.0,0.0,1,3
12072,1,3.0,0.0,1,4
12073,2,3.5,2.1213203435596424,2,3
12079,1,5.0,0.0,1,2
12086,1,3.0,0.0,1,3
12087,1,5.0,0.0,1,3
12090,1,5.0,0.0,1,2
12094,1,3.0,0.0,1,3
12097,1,4.0,0.0,1,2
12099,1,4.0,0.0,1,2
12101,2,4.5,0.7071067811865476,2,2
12102,4,4.25,0.9574271077563382,4,2
12105,1,5.0,0.0,1,2
12108,3,2.6666666666666665,1.1547005383792517,1,3
12109,3,4.333333333333333,1.1547005383792515,3,3
12111,2,4.0,0.0,2,1
12112,6,4.0,0.6324555320336759,4,4
12114,1,4.0,0.0,1,3
12121,2,5.0,0.0,2,2
12123,1,5.0,0.0,1,2
12124,1,5.0,0.0,1,2
12126,2,4.0,0.0,2,2
12132,1,5.0,0.0,1,2
12137,1,4.0,0.0,1,3
12138,1,3.0,0.0,1,2
12139,3,3.0,1.7320508075688772,3,2
12141,2,4.5,0.7071067811865476,2,4
12142,1,5.0,0.0,1,2
12145,1,2.0,0.0,1,2
12152,1,5.0,0.0,1,1
12153,1,5.0,0.0,1,5
12156,2,3.5,0.7071067811865476,2,2
12161,1,4.0,0.0,1,3
12164,2,3.5,2.1213203435596424,2,2
12167,1,5.0,0.0,1,2
12170,2,5.0,0.0,2,2
12171,1,4.0,0.0,1,5
12183,1,5.0,0.0,1,5
12187,2,3.0,2.8284271247461903,1,2
12190,1,5.0,0.0,1,3
12192,1,3.0,0.0,1,3
12193,1,4.0,0.0,1,2
12195,1,5.0,0.0,1,3
12197,1,5.0,0.0,1,2
12204,1,5.0,0.0,1,2
12205,1,1.0,0.0,1,4
12207,1,4.0,0.0,1,3
12209,1,5.0,0.0,1,2
12210,1,5.0,0.0,1,3
12212,2,4.0,1.4142135623730951,2,4
12213,1,3.0,0.0,1,3
12216,1,3.0,0.0,1,2
12217,2,4.0,1.4142135623730951,2,2
12218,1,5.0,0.0,1,3
12219,1,4.0,0.0,1,5
12220,2,5.0,0.0,1,2
12221,1,5.0,0.0,1,2
12226,1,5.0,0.0,1,2
12228,1,4.0,0.0,1,2
12230,1,5.0,0.0,1,3
12232,1,4.0,0.0,1,2
12233,1,5.0,0.0,1,4
12234,5,3.8,1.6431676725154984,4,2
12235,1,5.0,0.0,1,2
12236,1,3.0,0.0,1,2
12238,2,3.5,0.7071067811865476,1,4
12241,1,5.0,0.0,1,4
12242,1,5.0,0.0,1,3
12243,1,5.0,0.0,1,2
12246,7,4.0,1.4142135623730951,5,2
12247,1,5.0,0.0,1,2
12250,1,5.0,0.0,1,2
12251,1,4.0,0.0,1,3
12256,1,4.0,0.0,1,2
12258,1,5.0,0.0,1,2
12259,1,5.0,0.0,1,5
12260,1,4.0,0.0,1,3
12262,1,5.0,0.0,1,2
12263,2,5.0,0.0,2,2
12264,1,5.0,0.0,1,2
12266,1,5.0,0.0,1,4
12267,2,5.0,0.0,2,3
12269,2,5.0,0.0,2,2
12270,4,4.0,0.816496580927726,4,3
12273,4,4.5,1.0,4,2
12275,1,5.0,0.0,1,2
12284,2,5.0,0.0,2,4
12286,1,5.0,0.0,1,3
12288,1,4.0,0.0,1,2
12293,1,3.0,0.0,1,5
12294,2,4.0,0.0,1,3
12295,1,3.0,0.0,1,2
12296,4,4.5,0.5773502691896257,4,2
12300,1,4.0,0.0,1,3
12302,1,5.0,0.0,1,4
12307,3,3.6666666666666665,0.5773502691896257,3,4
12309,1,4.0,0.0,1,2
12311,1,4.0,0.0,1,3
12312,1,5.0,0.0,1,3
12317,1,5.0,0.0,1,1
12320,1,5.0,0.0,1,3
12322,1,5.0,0.0,1,2
12324,1,5.0,0.0,1,5
12325,1,4.0,0.0,1,2
12328,1,1.0,0.0,1,2
12329,2,4.5,0.7071067811865476,2,4
12333,1,4.0,0.0,1,2
12334,2,4.0,1.4142135623730951,1,2
12337,2,4.0,1.4142135623730951,1,4
12339,1,5.0,0.0,1,5
12340,3,3.6666666666666665,0.5773502691896258,3,4
12341,1,5.0,0.0,1,2
12343,3,4.333333333333333,0.5773502691896257,3,4
12347,1,5.0,0.0,1,3
12349,1,4.0,0.0,1,3
12350,2,3.0,2.8284271247461903,2,2
12351,1,4.0,0.0,1,2
12352,1,4.0,0.0,1,4
12353,2,4.0,0.0,2,3
12355,1,4.0,0.0,1,2
12361,1,4.0,0.0,1,4
12362,1,5.0,0.0,1,3
12367,4,4.25,0.5,3,3
12369,1,5.0,0.0,1,4
12373,2,4.5,0.7071067811865476,2,2
12375,4,4.25,0.4999999999999999,2,3
12378,2,4.5,0.7071067811865476,2,3
12386,1,5.0,0.0,1,3
12394,2,4.0,0.0,1,4
12396,1,4.0,0.0,1,5
12399,2,5.0,0.0,2,2
12401,1,4.0,0.0,1,4
12403,1,4.0,0.0,1,3
12404,1,3.0,0.0,1,4
12405,1,5.0,0.0,1,3
12407,1,1.0,0.0,1,3
12408,1,4.0,0.0,1,3
12410,1,4.0,0.0,1,1
12412,1,4.0,0.0,1,4
12413,2,5.0,0.0,2,3
12414,7,4.857142857142857,0.3779644730092272,1,2
12418,1,3.0,0.0,1,2
12419,1,5.0,0.0,1,3
12422,3,4.333333333333333,1.1547005383792517,3,2
12425,2,4.0,0.0,2,4
12427,1,2.0,0.0,1,2
12429,1,3.0,0.0,1,5
12430,1,5.0,0.0,1,3
12433,1,4.0,0.0,1,3
12436,1,5.0,0.0,1,2
12437,2,5.0,0.0,1,2
12440,1,5.0,0.0,1,1
12441,1,4.0,0.0,1,2
12444,2,5.0,0.0,2,4
12446,1,5.0,0.0,1,2
12447,1,4.0,0.0,1,4
12448,2,3.0,1.4142135623730951,1,5
12455,1,4.0,0.0,1,2
12457,1,4.0,0.0,1,4
12460,1,5.0,0.0,1,3
12461,1,3.0,0.0,1,3
12467,1,4.0,0.0,1,2
12472,2,4.0,0.0,1,4
12473,1,5.0,0.0,1,3
12476,1,3.0,0.0,1,5
12482,1,5.0,0.0,1,4
12483,1,4.0,0.0,1,4
12493,1,4.0,0.0,1,2
12496,1,5.0,0.0,1,3
12499,2,2.0,1.4142135623730951,2,3
12500,1,5.0,0.0,1,5
12501,1,4.0,0.0,1,4
12502,1,4.0,0.0,1,2
12506,1,4.0,0.0,1,2
12510,1,2.0,0.0,1,1
12514,5,4.4,0.8944271909999159,4,3
12517,1,5.0,0.0,1,3
12518,1,4.0,0.0,1,3
12519,1,5.0,0.0,1,2
12524,1,4.0,0.0,1,4
12526,1,2.0,0.0,1,3
12527,1,5.0,0.0,1,4
12528,1,4.0,0.0,1,2
12529,1,4.0,0.0,1,2
12532,1,5.0,0.0,1,2
12533,2,4.5,0.7071067811865476,2,2
12534,3,3.3333333333333335,2.0816659994661326,3,4
12535,1,3.0,0.0,1,2
12539,1,1.0,0.0,1,2
12545,3,3.3333333333333335,0.5773502691896258,1,3
12549,1,4.0,0.0,1,2
12550,2,4.0,0.0,2,2
12558,1,5.0,0.0,1,5
12560,1,4.0,0.0,1,2
12573,1,5.0,0.0,1,2
12575,3,5.0,0.0,3,2
12578,1,5.0,0.0,1,3
12579,1,3.0,0.0,1,3
12580,1,5.0,0.0,1,2
12581,2,5.0,0.0,2,3
12583,1,5.0,0.0,1,2
12586,1,5.0,0.0,1,3
12587,1,5.0,0.0,1,4
12590,1,5.0,0.0,1,2
12596,1,3.0,0.0,1,3
12601,1,2.0,0.0,1,5
12603,1,5.0,0.0,1,4
12605,1,5.0,0.0,1,3
12607,1,5.0,0.0,1,3
12608,2,4.0,0.0,2,4
12610,3,4.666666666666667,0.5773502691896257,3,4
12618,1,5.0,0.0,1,3
12625,2,5.0,0.0,2,3
12629,1,5.0,0.0,1,3
12630,1,4.0,0.0,1,2
12631,1,3.0,0.0,1,2
12632,2,3.0,0.0,2,3
12633,1,3.0,0.0,1,4
12634,1,5.0,0.0,1,4
12636,1,5.0,0.0,1,5
12637,1,4.0,0.0,1,5
12638,1,5.0,0.0,1,2
12639,3,3.6666666666666665,1.1547005383792515,3,2
12640,2,3.5,0.7071067811865476,1,3
12643,1,1.0,0.0,1,4
12644,1,5.0,0.0,1,2
12654,1,5.0,0.0,1,3
12655,2,3.5,0.7071067811865476,2,2
12656,6,2.5,1.6431676725154984,2,4
12657,1,5.0,0.0,1,4
12658,2,4.5,0.7071067811865476,1,2
12659,1,5.0,0.0,1,5
12660,1,5.0,0.0,1,3
12665,1,5.0,0.0,1,2
12667,1,5.0,0.0,1,3
12668,1,1.0,0.0,1,3
12669,1,5.0,0.0,1,4
12670,1,4.0,0.0,1,2
12672,1,3.0,0.0,1,2
12673,1,4.0,0.0,1,2
12674,1,3.0,0.0,1,3
12681,1,5.0,0.0,1,2
12684,1,5.0,0.0,1,3
12686,3,4.0,1.0,3,3
12692,1,4.0,0.0,1,3
12694,1,5.0,0.0,1,3
12702,1,4.0,0.0,1,5
12704,2,3.5,0.7071067811865476,1,4
12707,1,3.0,0.0,1,2
12709,1,4.0,0.0,1,3
12710,2,4.5,0.7071067811865476,2,2
12712,1,3.0,0.0,1,2
12713,1,3.0,0.0,1,2
12721,1,5.0,0.0,1,3
12722,1,3.0,0.0,1,3
12723,5,4.6,0.5477225575051663,5,2
12728,1,4.0,0.0,1,3
12729,2,4.5,0.7071067811865476,2,2
12741,1,5.0,0.0,1,2
12742,4,3.5,0.5773502691896257,4,2
12744,1,5.0,0.0,1,2
12745,1,5.0,0.0,1,2
12748,1,3.0,0.0,1,2
12749,1,5.0,0.0,1,2
12751,1,4.0,0.0,1,2
12752,2,4.5,0.7071067811865476,1,3
12754,2,3.5,0.7071067811865476,1,4
12757,1,4.0,0.0,1,4
12758,3,5.0,0.0,2,2
12759,2,3.0,0.0,2,2
12766,1,3.0,0.0,1,4
12768,1,5.0,0.0,1,5
12769,1,1.0,0.0,1,1
12771,1,4.0,0.0,1,2
12773,2,3.5,0.7071067811865476,2,2
12774,2,3.5,0.7071067811865476,2,4
12775,1,5.0,0.0,1,3
12776,2,5.0,0.0,2,2
12780,1,5.0,0.0,1,2
12782,1,5.0,0.0,1,2
12783,2,4.0,0.0,2,4
12788,1,4.0,0.0,1,3
12790,1,5.0,0.0,1,3
12791,1,5.0,0.0,1,2
12792,1,5.0,0.0,1,2
12793,1,4.0,0.0,1,3
12799,1,4.0,0.0,1,3
12803,2,3.0,1.4142135623730951,2,2
12804,1,4.0,0.0,1,4
12805,2,4.5,0.7071067811865476,2,2
12808,1,5.0,0.0,1,2
12809,1,5.0,0.0,1,4
12813,1,4.0,0.0,1,5
12814,3,5.0,0.0,3,4
12820,1,4.0,0.0,1,3
12824,1,4.0,0.0,1,3
12830,1,3.0,0.0,1,5
12835,1,5.0,0.0,1,2
12837,2,4.5,0.7071067811865476,2,3
12842,1,5.0,0.0,1,5
12843,1,4.0,0.0,1,3
12844,1,4.0,0.0,1,5
12845,3,3.3333333333333335,2.0816659994661326,3,4
12846,1,5.0,0.0,1,2
12847,2,5.0,0.0,2,2
12848,1,2.0,0.0,1,2
12850,1,3.0,0.0,1,5
12851,1,4.0,0.0,1,2
12855,1,5.0,0.0,1,2
12856,1,5.0,0.0,1,3
12861,1,5.0,0.0,1,2
12862,1,4.0,0.0,1,2
12863,1,2.0,0.0,1,4
12865,1,5.0,0.0,1,3
12869,2,4.0,1.4142135623730951,2,2
12870,2,4.0,0.0,2,3
12883,1,5.0,0.0,1,2
12884,1,4.0,0.0,1,4
12892,1,5.0,0.0,1,2
12893,1,2.0,0.0,1,4
12894,1,5.0,0.0,1,4
12901,1,4.0,0.0,1,2
12902,1,4.0,0.0,1,2
12903,1,4.0,0.0,1,3
12907,1,5.0,0.0,1,2
12909,1,4.0,0.0,1,2
12911,1,5.0,0.0,1,3
12913,1,5.0,0.0,1,2
12919,1,5.0,0.0,1,3
12924,7,4.714285714285714,0.4879500364742668,6,2
12925,7,4.571428571428571,0.5345224838248489,3,2
12929,1,5.0,0.0,1,2
12931,2,4.0,0.0,2,2
12933,1,4.0,0.0,1,3
12934,2,3.5,0.7071067811865476,1,5
12936,1,5.0,0.0,1,2
12942,1,5.0,0.0,1,3
12949,1,4.0,0.0,1,3
12951,3,4.666666666666667,0.5773502691896258,1,4
12952,1,4.0,0.0,1,2
12957,2,3.0,0.0,1,4
12960,3,4.333333333333333,1.1547005383792515,2,2
12962,3,3.3333333333333335,2.0816659994661326,2,2
12964,1,1.0,0.0,1,5
12965,1,5.0,0.0,1,4
12966,2,4.5,0.7071067811865476,2,2
12967,2,5.0,0.0,2,3
12968,4,4.5,1.0,3,4
12970,2,4.0,1.4142135623730951,2,2
12972,1,4.0,0.0,1,2
12973,1,5.0,0.0,1,4
12975,1,4.0,0.0,1,4
12976,1,4.0,0.0,1,4
12979,1,5.0,0.0,1,4
12982,3,4.0,1.0,1,3
12984,1,5.0,0.0,1,3
12987,1,5.0,0.0,1,2
12989,2,3.0,0.0,2,2
12997,5,4.0,1.0,2,4
12998,1,5.0,0.0,1,2
12999,1,5.0,0.0,1,2
13001,1,5.0,0.0,1,3
13006,1,4.0,0.0,1,2
13014,1,5.0,0.0,1,2
13016,2,4.5,0.7071067811865476,1,2
13017,1,4.0,0.0,1,3
13018,1,2.0,0.0,1,3
13021,1,4.0,0.0,1,2
13022,1,3.0,0.0,1,2
13027,1,4.0,0.0,1,5
13028,1,5.0,0.0,1,5
13029,1,5.0,0.0,1,3
13033,3,4.0,1.0,3,4
13036,1,5.0,0.0,1,4
13038,1,4.0,0.0,1,2
13042,1,3.0,0.0,1,2
13043,2,3.5,0.7071067811865476,2,4
13044,3,4.333333333333333,0.5773502691896258,3,3
13045,7,4.0,0.816496580927726,5,2
13046,1,3.0,0.0,1,2
13051,1,4.0,0.0,1,3
13052,2,5.0,0.0,2,2
13056,1,4.0,0.0,1,4
13057,1,5.0,0.0,1,2
13058,1,4.0,0.0,1,4
13059,1,5.0,0.0,1,3
13060,1,4.0,0.0,1,3
13061,1,4.0,0.0,1,2
13070,1,4.0,0.0,1,5
13073,2,4.5,0.7071067811865476,1,4
13074,1,5.0,0.0,1,2
13076,1,1.0,0.0,1,2
13079,1,4.0,0.0,1,3
13080,2,4.0,0.0,2,3
13081,1,5.0,0.0,1,3
13084,1,4.0,0.0,1,3
13085,1,3.0,0.0,1,4
13087,1,4.0,0.0,1,5
13088,1,5.0,0.0,1,3
13090,2,3.5,0.7071067811865476,1,2
13093,1,5.0,0.0,1,2
13098,1,5.0,0.0,1,3
13099,1,4.0,0.0,1,2
13100,1,4.0,0.0,1,2
13101,1,5.0,0.0,1,3
13102,1,5.0,0.0,1,3
13108,1,5.0,0.0,1,4
13114,1,3.0,0.0,1,4
13116,3,3.3333333333333335,0.5773502691896257,3,3
13117,1,1.0,0.0,1,3
13118,1,5.0,0.0,1,3
13119,1,4.0,0.0,1,4
13120,7,2.857142857142857,1.5735915849388864,1,2
13122,1,3.0,0.0,1,4
13123,1,5.0,0.0,1,3
13126,1,5.0,0.0,1,2
13127,1,4.0,0.0,1,3
13128,1,5.0,0.0,1,3
13130,1,3.0,0.0,1,4
13132,1,4.0,0.0,1,4
13133,1,4.0,0.0,1,4
13137,1,4.0,0.0,1,3
13141,1,5.0,0.0,1,5
13144,1,5.0,0.0,1,4
13146,1,5.0,0.0,1,4
13149,1,5.0,0.0,1,2
13151,2,4.5,0.7071067811865476,2,4
13152,1,4.0,0.0,1,2
13155,3,3.6666666666666665,2.3094010767585034,3,5
13158,1,5.0,0.0,1,3
13160,1,3.0,0.0,1,2
13161,2,4.5,0.7071067811865476,2,3
13163,1,4.0,0.0,1,3
13164,1,2.0,0.0,1,3
13166,1,5.0,0.0,1,4
13168,1,5.0,0.0,1,3
13171,1,5.0,0.0,1,4
13179,1,4.0,0.0,1,3
13181,2,5.0,0.0,2,3
13183,4,4.75,0.5,4,2
13185,2,3.5,0.7071067811865476,2,3
13191,2,4.0,0.0,2,2
13196,2,5.0,0.0,2,3
13197,2,4.0,0.0,2,2
13199,1,4.0,0.0,1,2
13201,1,5.0,0.0,1,3
13202,1,5.0,0.0,1,4
13210,3,4.0,1.0,1,4
13211,1,4.0,0.0,1,3
13214,1,2.0,0.0,1,5
13215,1,5.0,0.0,1,2
13216,1,5.0,0.0,1,4
13218,1,3.0,0.0,1,4
13219,3,4.0,1.0,1,2
13225,1,5.0,0.0,1,3
13226,1,4.0,0.0,1,3
13227,1,4.0,0.0,1,3
13228,1,3.0,0.0,1,3
13231,1,5.0,0.0,1,2
13232,1,5.0,0.0,1,2
13235,1,5.0,0.0,1,3
13239,4,3.75,0.5,4,4
13240,1,5.0,0.0,1,4
13241,3,5.0,0.0,3,2
13244,2,4.5,0.7071067811865476,1,2
13246,1,4.0,0.0,1,3
13248,3,3.0,1.7320508075688772,3,5
13249,4,5.0,0.0,4,3
13252,3,4.0,1.7320508075688772,2,2
13253,1,5.0,0.0,1,2
13257,1,5.0,0.0,1,2
13258,1,4.0,0.0,1,2
13259,3,4.666666666666667,0.5773502691896257,3,3
13261,1,3.0,0.0,1,3
13262,1,3.0,0.0,1,4
13264,2,4.0,0.0,2,4
13266,1,4.0,0.0,1,4
13268,1,4.0,0.0,1,5
13271,2,4.5,0.7071067811865476,2,4
13272,1,4.0,0.0,1,2
13273,1,5.0,0.0,1,3
13274,1,5.0,0.0,1,4
13278,1,3.0,0.0,1,4
13279,3,4.666666666666667,0.5773502691896257,2,4
13281,2,5.0,0.0,2,2
13288,2,4.0,1.4142135623730951,2,4
13289,1,5.0,0.0,1,4
13291,1,5.0,0.0,1,2
13292,1,4.0,0.0,1,2
13293,1,4.0,0.0,1,2
13299,1,4.0,0.0,1,4
13300,1,4.0,0.0,1,5
13306,5,4.4,0.8944271909999159,4,3
13307,1,4.0,0.0,1,4
13308,1,2.0,0.0,1,5
13309,2,5.0,0.0,1,1
13311,1,4.0,0.0,1,2
13314,4,4.25,0.4999999999999999,3,4
13316,1,4.0,0.0,1,2
13317,2,5.0,0.0,2,2
13321,1,4.0,0.0,1,4
13324,2,5.0,0.0,2,2
13325,1,5.0,0.0,1,4
13326,1,4.0,0.0,1,2
13327,2,4.0,0.0,2,2
13328,2,4.5,0.7071067811865476,2,2
13330,1,5.0,0.0,1,2
13334,2,3.5,0.7071067811865476,2,5
13335,1,2.0,0.0,1,4
13342,1,5.0,0.0,1,4
13344,1,5.0,0.0,1,3
13345,1,5.0,0.0,1,5
13348,3,4.333333333333333,0.5773502691896257,3,2
13349,2,4.0,0.0,2,3
13354,1,4.0,0.0,1,2
13356,1,5.0,0.0,1,2
13359,1,5.0,0.0,1,2
13367,1,1.0,0.0,1,2
13368,1,4.0,0.0,1,2
13369,2,3.5,0.7071067811865476,2,2
13371,1,5.0,0.0,1,4
13373,1,2.0,0.0,1,3
13377,1,5.0,0.0,1,3
13378,1,4.0,0.0,1,2
13379,3,3.6666666666666665,0.5773502691896257,3,4
13380,1,4.0,0.0,1,2
13381,1,4.0,0.0,1,2
13386,1,5.0,0.0,1,2
13387,1,5.0,0.0,1,2
13388,1,2.0,0.0,1,2
13389,2,3.5,0.7071067811865476,2,2
13390,1,5.0,0.0,1,5
13391,1,4.0,0.0,1,2
13392,1,4.0,0.0,1,3
13397,1,5.0,0.0,1,2
13398,1,4.0,0.0,1,3
13402,2,4.5,0.7071067811865476,2,3
13403,2,5.0,0.0,2,2
13405,1,5.0,0.0,1,2
13409,1,4.0,0.0,1,2
13414,1,4.0,0.0,1,5
13415,2,4.0,1.4142135623730951,2,5
13420,1,5.0,0.0,1,2
13424,3,4.0,0.0,3,3
13425,1,5.0,0.0,1,2
13426,1,5.0,0.0,1,3
13431,6,4.166666666666667,0.9831920802501751,5,3
13433,2,4.5,0.7071067811865476,1,4
13436,1,5.0,0.0,1,3
13437,1,4.0,0.0,1,4
13442,1,5.0,0.0,1,3
13448,1,2.0,0.0,1,4
13453,2,4.0,1.4142135623730951,2,3
13454,2,2.5,0.7071067811865476,2,2
13457,1,5.0,0.0,1,4
13458,1,5.0,0.0,1,3
13459,2,5.0,0.0,2,3
13461,1,1.0,0.0,1,2
13462,1,5.0,0.0,1,2
13463,1,4.0,0.0,1,4
13467,1,5.0,0.0,1,2
13468,1,4.0,0.0,1,3
13469,1,5.0,0.0,1,3
13475,1,3.0,0.0,1,2
13478,1,4.0,0.0,1,5
13485,1,5.0,0.0,1,4
13486,1,4.0,0.0,1,5
13487,1,5.0,0.0,1,2
13488,2,4.5,0.7071067811865476,2,2
13491,1,5.0,0.0,1,2
13494,2,4.0,0.0,2,3
13500,1,5.0,0.0,1,4
13501,1,3.0,0.0,1,4
13504,2,4.5,0.7071067811865476,1,4
13509,1,5.0,0.0,1,5
13510,1,5.0,0.0,1,2
13517,1,5.0,0.0,1,2
13519,2,2.5,0.7071067811865476,1,4
13520,1,4.0,0.0,1,2
13527,3,4.666666666666667,0.5773502691896257,3,3
13528,1,3.0,0.0,1,3
13529,1,3.0,0.0,1,2
13530,2,3.0,1.4142135623730951,1,5
13536,1,2.0,0.0,1,2
13538,1,5.0,0.0,1,3
13539,1,4.0,0.0,1,2
13540,1,4.0,0.0,1,4
13544,1,5.0,0.0,1,2
13548,1,3.0,0.0,1,3
13556,2,4.5,0.7071067811865476,2,3
13558,1,5.0,0.0,1,3
13559,1,5.0,0.0,1,3
13562,1,4.0,0.0,1,2
13567,1,5.0,0.0,1,3
13569,1,5.0,0.0,1,2
13570,2,4.0,0.0,1,4
13573,1,4.0,0.0,1,4
13578,1,5.0,0.0,1,3
13579,1,5.0,0.0,1,5
13583,3,4.666666666666667,0.5773502691896258,3,2
13584,2,1.5,0.7071067811865476,1,2
13586,1,4.0,0.0,1,3
13587,1,4.0,0.0,1,4
13590,2,3.5,0.7071067811865476,2,4
13591,1,4.0,0.0,1,2
13592,2,3.5,0.7071067811865476,2,2
13594,2,5.0,0.0,2,2
13596,1,5.0,0.0,1,2
13598,1,5.0,0.0,1,4
13599,1,4.0,0.0,1,2
13607,1,5.0,0.0,1,3
13608,1,5.0,0.0,1,4
13614,2,2.5,0.7071067811865476,1,4
13615,1,5.0,0.0,1,4
13616,1,5.0,0.0,1,2
13621,1,5.0,0.0,1,4
13623,2,4.5,0.7071067811865476,2,3
13632,1,1.0,0.0,1,2
13636,5,4.4,0.5477225575051662,5,2
13640,2,5.0,0.0,1,4
13646,1,3.0,0.0,1,2
13653,2,3.5,0.7071067811865476,2,2
13654,1,4.0,0.0,1,3
13656,1,5.0,0.0,1,3
13660,2,5.0,0.0,1,3
13666,1,4.0,0.0,1,2
13668,1,5.0,0.0,1,2
13670,1,5.0,0.0,1,2
13673,1,4.0,0.0,1,4
13677,3,4.666666666666667,0.5773502691896257,3,4
13678,1,5.0,0.0,1,3
13681,1,3.0,0.0,1,2
13683,1,4.0,0.0,1,2
13686,2,3.0,2.8284271247461903,1,2
13688,1,1.0,0.0,1,5
13689,1,4.0,0.0,1,2
13693,2,3.5,0.7071067811865476,2,2
13695,3,2.3333333333333335,1.5275252316519468,3,2
13698,5,3.8,0.447213595499958,4,1
13699,4,4.0,1.4142135623730951,3,2
13700,1,4.0,0.0,1,4
13704,1,3.0,0.0,1,4
13706,2,4.5,0.7071067811865476,1,3
13707,1,4.0,0.0,1,5
13708,2,4.0,0.0,2,3
13711,9,4.333333333333333,1.414213562373095,6,5
13712,1,5.0,0.0,1,2
13715,1,4.0,0.0,1,2
13719,1,4.0,0.0,1,3
13720,1,5.0,0.0,1,2
13724,1,4.0,0.0,1,3
13725,2,4.0,1.4142135623730951,2,3
13726,3,4.333333333333333,0.5773502691896258,1,3
13727,1,4.0,0.0,1,3
13731,4,4.5,0.5773502691896258,2,2
13732,2,4.5,0.7071067811865476,1,2
13734,4,4.75,0.4999999999999999,3,2
13735,1,5.0,0.0,1,2
13736,1,4.0,0.0,1,4
13737,6,3.6666666666666665,1.505545305418162,5,2
13738,1,4.0,0.0,1,2
13739,2,5.0,0.0,2,2
13740,1,5.0,0.0,1,4
13743,2,4.5,0.7071067811865476,2,2
13748,1,4.0,0.0,1,1
13754,17,4.0588235294117645,0.9663454503498036,9,3
13755,3,3.6666666666666665,1.1547005383792517,2,3
13756,2,4.5,0.7071067811865476,2,3
13757,1,3.0,0.0,1,3
13758,2,4.5,0.7071067811865476,2,3
13759,1,4.0,0.0,1,2
13760,2,5.0,0.0,2,2
13761,4,4.25,0.957427107756338,4,4
13763,1,5.0,0.0,1,3
13764,1,5.0,0.0,1,3
13766,5,4.6,0.5477225575051663,4,2
13767,2,4.0,0.0,2,4
13773,2,4.5,0.7071067811865476,2,3
13774,10,3.3,0.8232726023485646,6,2
13781,8,3.125,1.246423454758225,4,3
13782,2,4.0,0.0,2,3
13785,5,4.8,0.44721359549995804,4,4
13786,1,3.0,0.0,1,2
13787,1,5.0,0.0,1,2
13789,1,5.0,0.0,1,3
13790,3,4.0,1.0,3,4
13791,1,5.0,0.0,1,2
13793,1,3.0,0.0,1,4
13807,2,5.0,0.0,2,1
13808,1,4.0,0.0,1,4
13813,1,4.0,0.0,1,2
13815,2,4.5,0.7071067811865476,1,2
13816,1,5.0,0.0,1,4
13817,1,3.0,0.0,1,3
13818,1,4.0,0.0,1,2
13820,1,4.0,0.0,1,3
13821,1,5.0,0.0,1,2
13823,1,4.0,0.0,1,2
13830,1,3.0,0.0,1,4
13832,1,2.0,0.0,1,2
13835,1,4.0,0.0,1,2
13836,4,3.0,1.8257418583505538,1,4
13838,1,3.0,0.0,1,3
13840,1,5.0,0.0,1,3
13841,2,4.5,0.7071067811865476,2,3
13842,1,5.0,0.0,1,3
13844,1,3.0,0.0,1,2
13847,1,5.0,0.0,1,3
13848,1,5.0,0.0,1,5
13849,1,4.0,0.0,1,2
13855,3,2.3333333333333335,2.3094010767585034,3,3
13858,5,4.4,0.5477225575051662,4,5
13861,1,4.0,0.0,1,3
13862,1,4.0,0.0,1,2
13864,4,4.0,1.1547005383792515,3,3
13865,3,3.0,1.0,1,3
13866,1,5.0,0.0,1,4
13867,1,3.0,0.0,1,5
13868,1,5.0,0.0,1,2
13869,1,5.0,0.0,1,2
13870,2,4.0,1.4142135623730951,2,3
13873,2,4.0,1.4142135623730951,2,2
13875,3,4.666666666666667,0.5773502691896257,2,2
13876,2,3.5,0.7071067811865476,2,2
13877,2,3.0,1.4142135623730951,1,3
13878,1,5.0,0.0,1,3
13879,1,5.0,0.0,1,3
13887,2,4.5,0.7071067811865476,1,3
13888,2,4.0,0.0,2,2
13889,1,4.0,0.0,1,3
13892,1,4.0,0.0,1,4
13894,1,5.0,0.0,1,2
13897,1,5.0,0.0,1,5
13901,1,4.0,0.0,1,3
13903,1,5.0,0.0,1,2
13908,1,5.0,0.0,1,4
13909,1,5.0,0.0,1,3
13911,1,5.0,0.0,1,2
13915,1,5.0,0.0,1,5
13918,1,4.0,0.0,1,2
13920,1,2.0,0.0,1,2
13924,1,5.0,0.0,1,4
13925,2,4.0,0.0,1,2
13930,1,5.0,0.0,1,3
13931,1,1.0,0.0,1,5
13932,2,5.0,0.0,2,2
13936,1,4.0,0.0,1,4
13937,3,5.0,0.0,1,1
13943,1,4.0,0.0,1,2
13948,1,4.0,0.0,1,2
13949,4,4.75,0.5,3,2
13951,1,5.0,0.0,1,3
13953,1,5.0,0.0,1,2
13954,2,3.0,0.0,2,3
13956,3,3.3333333333333335,1.1547005383792517,3,3
13962,1,5.0,0.0,1,2
13964,1,5.0,0.0,1,2
13965,1,3.0,0.0,1,3
13967,2,4.5,0.7071067811865476,2,4
13971,2,4.5,0.7071067811865476,1,3
13972,1,3.0,0.0,1,4
13974,1,5.0,0.0,1,3
13982,2,4.5,0.7071067811865476,2,2
13983,1,5.0,0.0,1,3
13986,1,3.0,0.0,1,2
13989,1,5.0,0.0,1,4
13993,3,4.333333333333333,0.5773502691896257,2,2
13995,3,4.666666666666667,0.5773502691896258,2,2
13998,2,4.5,0.7071067811865476,2,2
14013,1,5.0,0.0,1,3
14014,2,4.0,0.0,2,2
14020,4,3.5,1.0,4,2
14025,1,5.0,0.0,1,2
14026,1,5.0,0.0,1,2
14027,1,4.0,0.0,1,4
14032,1,4.0,0.0,1,3
14033,2,5.0,0.0,1,5
14034,1,5.0,0.0,1,2
14035,1,4.0,0.0,1,2
14036,1,4.0,0.0,1,5
14037,1,5.0,0.0,1,2
14039,2,4.5,0.7071067811865476,2,2
14041,1,4.0,0.0,1,2
14042,1,5.0,0.0,1,4
14049,1,3.0,0.0,1,4
14051,1,2.0,0.0,1,2
14052,2,5.0,0.0,2,2
14054,1,2.0,0.0,1,3
14055,1,5.0,0.0,1,3
14058,2,4.5,0.7071067811865476,2,4
14063,2,4.0,0.0,2,2
14071,1,5.0,0.0,1,3
14073,1,5.0,0.0,1,3
14079,1,5.0,0.0,1,3
14080,1,3.0,0.0,1,3
14088,4,3.5,0.5773502691896257,1,4
14093,1,5.0,0.0,1,4
14099,1,5.0,0.0,1,3
14100,1,5.0,0.0,1,1
14101,1,4.0,0.0,1,3
14106,2,4.0,0.0,1,4
14107,1,3.0,0.0,1,3
14108,1,5.0,0.0,1,2
14109,1,5.0,0.0,1,2
14123,2,5.0,0.0,2,4
14126,4,3.0,1.4142135623730951,3,2
14132,1,5.0,0.0,1,2
14133,1,5.0,0.0,1,2
14135,1,3.0,0.0,1,2
14137,4,3.75,0.49999999999999994,3,2
14138,2,5.0,0.0,2,3
14141,1,5.0,0.0,1,4
14143,1,4.0,0.0,1,3
14150,2,3.0,1.4142135623730951,2,3
14152,1,5.0,0.0,1,3
14153,2,4.5,0.7071067811865476,1,5
14156,1,5.0,0.0,1,2
14157,1,4.0,0.0,1,4
14158,1,5.0,0.0,1,2
14160,1,5.0,0.0,1,4
14161,1,5.0,0.0,1,3
14163,1,4.0,0.0,1,2
14166,1,5.0,0.0,1,4
14169,1,4.0,0.0,1,2
14170,1,5.0,0.0,1,3
14176,3,4.666666666666667,0.5773502691896257,1,3
14177,1,5.0,0.0,1,3
14180,1,5.0,0.0,1,2
14182,1,5.0,0.0,1,3
14183,1,5.0,0.0,1,2
14186,1,4.0,0.0,1,3
14188,2,3.5,0.7071067811865476,2,2
14190,2,4.0,0.0,2,3
14192,1,2.0,0.0,1,3
14193,1,5.0,0.0,1,2
14195,1,5.0,0.0,1,3
14196,1,5.0,0.0,1,2
14199,1,3.0,0.0,1,3
14200,1,5.0,0.0,1,3
14202,3,4.0,0.0,1,2
14212,1,5.0,0.0,1,3
14213,1,3.0,0.0,1,2
14218,1,4.0,0.0,1,4
14219,1,5.0,0.0,1,2
14220,2,3.5,0.7071067811865476,2,2
14221,1,4.0,0.0,1,3
14222,1,5.0,0.0,1,2
14226,1,4.0,0.0,1,2
14227,1,5.0,0.0,1,4
14233,1,5.0,0.0,1,4
14238,1,1.0,0.0,1,3
14239,1,5.0,0.0,1,3
14240,1,5.0,0.0,1,2
14244,1,5.0,0.0,1,2
14248,3,4.333333333333333,0.5773502691896257,3,3
14249,1,4.0,0.0,1,3
14250,1,5.0,0.0,1,4
14251,3,5.0,0.0,3,2
14255,2,4.0,1.4142135623730951,2,3
14258,1,5.0,0.0,1,3
14260,3,4.0,0.0,3,2
14263,2,5.0,0.0,2,5
14266,2,5.0,0.0,1,4
14267,1,5.0,0.0,1,2
14268,3,4.666666666666667,0.5773502691896258,3,2
14275,1,4.0,0.0,1,2
14276,1,5.0,0.0,1,4
14279,1,5.0,0.0,1,5
14282,3,4.666666666666667,0.5773502691896257,1,1
14287,1,3.0,0.0,1,2
14289,1,1.0,0.0,1,3
14291,2,4.5,0.7071067811865476,2,4
14298,1,3.0,0.0,1,1
14299,1,5.0,0.0,1,3
14303,1,3.0,0.0,1,2
14304,3,4.0,1.0,3,4
14307,1,4.0,0.0,1,3
14309,1,5.0,0.0,1,2
14310,2,4.0,1.4142135623730951,2,2
14311,1,5.0,0.0,1,2
14312,1,5.0,0.0,1,2
14313,1,4.0,0.0,1,2
14315,2,3.0,0.0,2,4
14317,1,5.0,0.0,1,2
14322,1,4.0,0.0,1,2
14323,1,2.0,0.0,1,2
14325,3,4.0,1.0,3,2
14326,1,4.0,0.0,1,5
14327,1,5.0,0.0,1,3
14328,1,4.0,0.0,1,3
14333,1,5.0,0.0,1,2
14334,3,4.0,1.0,2,5
14335,1,1.0,0.0,1,3
14339,1,4.0,0.0,1,2
14340,2,2.5,0.7071067811865476,2,2
14341,2,4.0,0.0,1,3
14345,3,5.0,0.0,3,3
14346,4,3.75,1.2583057392117916,3,3
14347,1,5.0,0.0,1,3
14350,2,4.5,0.7071067811865476,2,2
14351,1,3.0,0.0,1,2
14353,3,3.3333333333333335,1.1547005383792517,3,4
14354,1,5.0,0.0,1,4
14365,1,5.0,0.0,1,3
14367,1,3.0,0.0,1,2
14370,1,4.0,0.0,1,2
14372,1,5.0,0.0,1,3
14375,1,3.0,0.0,1,4
14379,2,4.5,0.7071067811865476,2,3
14380,1,4.0,0.0,1,2
14383,1,5.0,0.0,1,4
14386,1,4.0,0.0,1,5
14388,1,2.0,0.0,1,4
14389,1,4.0,0.0,1,4
14392,1,2.0,0.0,1,4
14393,1,5.0,0.0,1,3
14395,1,5.0,0.0,1,3
14396,1,3.0,0.0,1,2
14397,1,4.0,0.0,1,2
14404,2,5.0,0.0,2,3
14405,1,5.0,0.0,1,2
14406,1,5.0,0.0,1,3
14407,1,5.0,0.0,1,5
14409,1,5.0,0.0,1,5
14414,1,4.0,0.0,1,2
14417,1,4.0,0.0,1,2
14419,1,5.0,0.0,1,5
14422,1,5.0,0.0,1,2
14431,5,5.0,0.0,4,2
14433,1,5.0,0.0,1,3
14434,1,4.0,0.0,1,2
14437,2,5.0,0.0,1,4
14438,2,4.0,1.4142135623730951,2,4
14440,2,4.0,0.0,2,4
14444,1,4.0,0.0,1,2
14447,1,5.0,0.0,1,3
14449,1,5.0,0.0,1,3
14451,7,4.285714285714286,1.2535663410560174,4,2
14453,3,4.333333333333333,0.5773502691896258,2,5
14454,1,5.0,0.0,1,2
14455,2,3.5,0.7071067811865476,2,3
14456,1,5.0,0.0,1,2
14457,4,5.0,0.0,2,4
14459,1,5.0,0.0,1,4
14461,1,4.0,0.0,1,2
14466,1,5.0,0.0,1,2
14467,1,4.0,0.0,1,4
14468,1,5.0,0.0,1,5
14472,1,5.0,0.0,1,4
14475,1,5.0,0.0,1,3
14477,2,3.5,0.7071067811865476,1,4
14480,1,3.0,0.0,1,4
14481,1,5.0,0.0,1,3
14483,1,3.0,0.0,1,3
14486,4,4.0,0.0,4,2
14489,1,2.0,0.0,1,3
14491,1,4.0,0.0,1,3
14493,3,3.3333333333333335,1.5275252316519468,2,2
14494,1,4.0,0.0,1,2
14499,2,4.5,0.7071067811865476,2,2
14502,4,4.0,0.8164965809277259,4,2
14504,5,4.4,0.8944271909999159,4,4
14515,1,4.0,0.0,1,2
14518,1,4.0,0.0,1,2
14524,3,4.666666666666667,0.5773502691896257,2,3
14528,2,3.5,0.7071067811865476,1,3
14529,1,4.0,0.0,1,2
14531,2,3.0,0.0,2,2
14532,1,4.0,0.0,1,2
14533,1,3.0,0.0,1,4
14535,1,5.0,0.0,1,4
14540,1,4.0,0.0,1,5
14541,1,3.0,0.0,1,2
14544,1,4.0,0.0,1,4
14549,1,2.0,0.0,1,4
14559,3,3.3333333333333335,2.0816659994661326,3,3
14560,5,4.8,0.4472135954999579,5,3
14561,2,3.5,0.7071067811865476,2,2
14563,1,4.0,0.0,1,2
14567,1,4.0,0.0,1,2
14568,1,3.0,0.0,1,3
14569,1,1.0,0.0,1,2
14570,1,4.0,0.0,1,4
14571,1,5.0,0.0,1,2
14572,1,4.0,0.0,1,2
14575,1,3.0,0.0,1,4
14576,1,4.0,0.0,1,2
14581,1,5.0,0.0,1,3
14585,1,5.0,0.0,1,2
14587,2,4.5,0.7071067811865476,2,4
14588,1,5.0,0.0,1,3
14589,1,5.0,0.0,1,2
14590,1,4.0,0.0,1,3
14595,1,4.0,0.0,1,2
14599,1,5.0,0.0,1,2
14600,1,3.0,0.0,1,3
14605,1,4.0,0.0,1,4
14614,1,5.0,0.0,1,3
14615,2,2.5,2.1213203435596424,2,3
14616,1,4.0,0.0,1,3
14618,1,5.0,0.0,1,3
14620,1,4.0,0.0,1,2
14623,1,3.0,0.0,1,3
14626,2,4.5,0.7071067811865476,2,3
14627,1,2.0,0.0,1,3
14630,3,3.6666666666666665,0.5773502691896258,3,2
14632,1,5.0,0.0,1,3
14633,2,4.0,1.4142135623730951,2,3
14635,1,5.0,0.0,1,3
14636,1,4.0,0.0,1,3
14637,1,5.0,0.0,1,3
14640,1,5.0,0.0,1,3
14641,2,3.0,2.8284271247461903,2,2
14642,1,5.0,0.0,1,3
14644,1,5.0,0.0,1,2
14646,2,4.0,1.4142135623730951,1,2
14649,1,3.0,0.0,1,4
14650,1,4.0,0.0,1,2
14656,1,3.0,0.0,1,2
14657,1,5.0,0.0,1,2
14660,1,5.0,0.0,1,4
14664,1,4.0,0.0,1,2
14665,1,5.0,0.0,1,4
14671,1,5.0,0.0,1,2
14676,1,5.0,0.0,1,3
14677,1,5.0,0.0,1,3
14678,1,5.0,0.0,1,3
14679,1,4.0,0.0,1,4
14680,1,4.0,0.0,1,3
14681,1,2.0,0.0,1,3
14682,1,5.0,0.0,1,2
14684,1,4.0,0.0,1,2
14685,1,5.0,0.0,1,3
14686,2,5.0,0.0,2,2
14689,2,5.0,0.0,2,2
14691,1,2.0,0.0,1,3
14694,2,4.0,1.4142135623730951,1,2
14695,4,4.75,0.4999999999999999,4,3
14698,1,4.0,0.0,1,5
14701,3,4.666666666666667,0.5773502691896257,3,4
14703,3,4.333333333333333,0.5773502691896257,1,4
14705,1,5.0,0.0,1,3
14707,3,5.0,0.0,1,5
14708,1,1.0,0.0,1,2
14709,3,4.0,1.7320508075688772,3,3
14710,2,3.5,0.7071067811865476,2,5
14713,1,5.0,0.0,1,3
14716,1,4.0,0.0,1,2
14718,1,3.0,0.0,1,3
14721,1,5.0,0.0,1,2
14722,1,5.0,0.0,1,2
14727,1,4.0,0.0,1,5
14728,1,4.0,0.0,1,2
14730,3,4.666666666666667,0.5773502691896258,3,2
14732,1,3.0,0.0,1,5
14734,1,3.0,0.0,1,2
14735,1,2.0,0.0,1,2
14743,1,1.0,0.0,1,2
14747,1,5.0,0.0,1,2
14749,2,4.5,0.7071067811865476,2,2
14753,1,5.0,0.0,1,2
14755,2,4.0,1.4142135623730951,2,2
14756,1,5.0,0.0,1,2
14757,1,4.0,0.0,1,3
14758,1,5.0,0.0,1,2
14760,1,4.0,0.0,1,3
14765,1,4.0,0.0,1,2
14770,1,5.0,0.0,1,4
14775,2,5.0,0.0,1,2
14781,1,4.0,0.0,1,3
14783,1,5.0,0.0,1,4
14790,1,5.0,0.0,1,4
14791,1,5.0,0.0,1,2
14793,1,5.0,0.0,1,2
14797,2,4.0,0.0,2,5
14798,5,4.4,0.8944271909999161,4,2
14800,1,5.0,0.0,1,4
14801,4,4.75,0.4999999999999999,3,3
14803,1,4.0,0.0,1,3
14806,2,4.5,0.7071067811865476,2,4
14810,1,5.0,0.0,1,2
14813,1,5.0,0.0,1,2
14816,1,5.0,0.0,1,3
14818,2,3.5,0.7071067811865476,1,4
14819,2,4.0,0.0,2,2
14826,1,3.0,0.0,1,5
14827,2,4.0,0.0,2,3
14833,2,5.0,0.0,2,3
14834,1,5.0,0.0,1,4
14836,2,4.0,0.0,2,2
14843,1,3.0,0.0,1,5
14845,1,5.0,0.0,1,2
14846,4,4.5,0.5773502691896257,4,2
14848,1,5.0,0.0,1,2
14851,1,4.0,0.0,1,4
14856,1,5.0,0.0,1,2
14868,2,4.0,0.0,1,2
14875,4,4.75,0.5,3,3
14879,1,5.0,0.0,1,2
14889,1,4.0,0.0,1,3
14891,1,5.0,0.0,1,3
14892,1,3.0,0.0,1,3
14897,1,5.0,0.0,1,3
14898,1,4.0,0.0,1,2
14899,2,2.0,0.0,2,3
14900,1,5.0,0.0,1,2
14902,1,5.0,0.0,1,2
14903,3,4.0,1.0,1,3
14904,1,3.0,0.0,1,4
14908,1,4.0,0.0,1,3
14909,2,3.5,0.7071067811865476,1,4
14910,1,5.0,0.0,1,2
14912,4,4.75,0.4999999999999999,4,3
14914,2,2.0,1.4142135623730951,1,2
14915,3,4.0,0.0,3,2
14916,1,3.0,0.0,1,3
14917,1,4.0,0.0,1,2
14919,1,4.0,0.0,1,3
14921,1,5.0,0.0,1,3
14922,1,5.0,0.0,1,3
14924,1,5.0,0.0,1,2
14926,1,5.0,0.0,1,3
14928,1,4.0,0.0,1,3
14929,1,3.0,0.0,1,5
14935,1,3.0,0.0,1,4
14936,1,5.0,0.0,1,2
14937,1,5.0,0.0,1,3
14939,1,4.0,0.0,1,2
14940,1,4.0,0.0,1,4
14942,2,3.5,0.7071067811865476,2,3
14943,1,4.0,0.0,1,5
14946,1,5.0,0.0,1,5
14947,1,4.0,0.0,1,4
14950,1,4.0,0.0,1,4
14952,1,5.0,0.0,1,3
14953,1,4.0,0.0,1,4
14954,1,5.0,0.0,1,4
14956,1,3.0,0.0,1,5
14960,1,5.0,0.0,1,2
14966,1,4.0,0.0,1,2
14968,1,5.0,0.0,1,2
14969,1,4.0,0.0,1,3
14972,1,5.0,0.0,1,2
14973,1,5.0,0.0,1,5
14976,1,4.0,0.0,1,2
14980,1,5.0,0.0,1,4
14982,1,5.0,0.0,1,3
14983,1,5.0,0.0,1,2
14985,1,3.0,0.0,1,4
14986,1,4.0,0.0,1,2
14987,2,4.0,0.0,2,2
14988,1,5.0,0.0,1,2
14991,1,2.0,0.0,1,4
14993,1,4.0,0.0,1,2
14995,1,5.0,0.0,1,3
14999,1,3.0,0.0,1,3
15006,2,3.5,0.7071067811865476,2,2
15014,1,4.0,0.0,1,5
15016,2,4.5,0.7071067811865476,2,4
15017,1,5.0,0.0,1,4
15024,1,3.0,0.0,1,3
15028,1,5.0,0.0,1,3
15030,2,5.0,0.0,2,5
15031,1,4.0,0.0,1,2
15034,3,4.0,1.0,3,5
15036,2,4.0,0.0,2,4
15043,2,3.0,0.0,2,2
15048,1,3.0,0.0,1,3
15049,1,2.0,0.0,1,3
15055,1,5.0,0.0,1,3
15059,1,5.0,0.0,1,2
15061,2,4.0,0.0,1,3
15062,1,5.0,0.0,1,2
15063,2,4.5,0.7071067811865476,2,2
15065,4,3.5,1.0,4,4
15066,1,4.0,0.0,1,4
15069,1,5.0,0.0,1,2
15071,1,5.0,0.0,1,4
15074,3,4.666666666666667,0.5773502691896257,1,5
15075,1,4.0,0.0,1,4
15076,1,5.0,0.0,1,3
15077,1,1.0,0.0,1,3
15079,3,4.0,1.7320508075688772,1,3
15080,4,4.0,0.816496580927726,1,1
15084,2,5.0,0.0,2,4
15085,1,4.0,0.0,1,5
15086,1,3.0,0.0,1,5
15087,1,4.0,0.0,1,3
15088,2,5.0,0.0,2,4
15090,1,4.0,0.0,1,2
15093,2,3.5,2.1213203435596424,1,3
15095,3,4.666666666666667,0.5773502691896258,3,3
15097,1,4.0,0.0,1,3
15098,1,4.0,0.0,1,3
15099,1,5.0,0.0,1,2
15101,1,5.0,0.0,1,3
15107,1,5.0,0.0,1,2
15122,1,4.0,0.0,1,2
15123,1,4.0,0.0,1,3
15126,2,4.5,0.7071067811865476,2,3
15128,1,5.0,0.0,1,2
15133,1,5.0,0.0,1,4
15142,1,2.0,0.0,1,3
15145,1,3.0,0.0,1,3
15146,1,3.0,0.0,1,3
15149,2,3.5,2.1213203435596424,2,2
15155,1,5.0,0.0,1,3
15158,1,4.0,0.0,1,4
15159,1,5.0,0.0,1,3
15161,1,5.0,0.0,1,3
15163,2,5.0,0.0,2,2
15167,1,4.0,0.0,1,3
15172,1,4.0,0.0,1,4
15178,1,5.0,0.0,1,4
15181,1,5.0,0.0,1,4
15186,3,4.333333333333333,0.5773502691896257,2,2
15187,2,4.0,0.0,2,2
15188,1,5.0,0.0,1,2
15196,2,4.5,0.7071067811865476,2,4
15209,1,5.0,0.0,1,2
15211,11,4.090909090909091,0.7006490497453708,5,4
15212,1,5.0,0.0,1,2
15223,1,5.0,0.0,1,4
15224,1,4.0,0.0,1,2
15225,1,3.0,0.0,1,3
15226,1,4.0,0.0,1,2
15230,1,3.0,0.0,1,3
15231,1,5.0,0.0,1,4
15232,1,5.0,0.0,1,4
15242,1,4.0,0.0,1,2
15248,1,5.0,0.0,1,3
15252,5,4.8,0.44721359549995787,1,4
15253,1,4.0,0.0,1,3
15254,3,4.666666666666667,0.5773502691896258,3,3
15255,1,4.0,0.0,1,3
15257,1,5.0,0.0,1,4
15260,1,5.0,0.0,1,2
15264,1,5.0,0.0,1,3
15267,1,5.0,0.0,1,4
15270,1,3.0,0.0,1,4
15271,2,4.0,0.0,2,3
15275,1,4.0,0.0,1,1
15276,1,4.0,0.0,1,2
15281,7,4.571428571428571,0.786795792469443,4,4
15285,1,5.0,0.0,1,2
15286,1,4.0,0.0,1,2
15289,1,5.0,0.0,1,3
15290,1,5.0,0.0,1,3
15293,1,5.0,0.0,1,2
15296,1,5.0,0.0,1,4
15297,1,3.0,0.0,1,3
15298,1,5.0,0.0,1,3
15302,1,4.0,0.0,1,4
15306,1,4.0,0.0,1,2
15307,1,5.0,0.0,1,3
15308,1,4.0,0.0,1,2
15310,1,5.0,0.0,1,3
15326,1,5.0,0.0,1,4
15332,1,4.0,0.0,1,2
15335,2,2.5,2.1213203435596424,2,2
15336,2,4.0,0.0,2,2
15338,1,4.0,0.0,1,3
15341,3,4.0,0.0,3,4
15342,1,5.0,0.0,1,3
15346,1,3.0,0.0,1,2
15350,1,5.0,0.0,1,2
15352,2,4.5,0.7071067811865476,2,2
15360,2,4.5,0.7071067811865476,2,5
15364,1,5.0,0.0,1,5
15366,1,5.0,0.0,1,2
15367,1,3.0,0.0,1,3
15369,1,4.0,0.0,1,3
15370,2,4.5,0.7071067811865476,2,3
15371,1,4.0,0.0,1,2
15372,2,2.0,1.4142135623730951,2,4
15376,2,4.5,0.7071067811865476,2,2
15377,1,5.0,0.0,1,3
15380,1,3.0,0.0,1,3
15384,1,1.0,0.0,1,2
15386,1,4.0,0.0,1,1
15390,1,4.0,0.0,1,2
15396,1,4.0,0.0,1,5
15398,1,4.0,0.0,1,2
15402,1,4.0,0.0,1,3
15405,2,4.0,1.4142135623730951,2,2
15409,2,4.0,0.0,2,2
15410,2,3.5,2.1213203435596424,2,4
15411,2,4.0,0.0,1,2
15415,3,4.0,1.7320508075688772,3,2
15416,2,3.5,0.7071067811865476,2,3
15417,1,5.0,0.0,1,5
15418,1,5.0,0.0,1,4
15431,1,5.0,0.0,1,3
15433,2,3.0,2.8284271247461903,1,2
15439,2,4.0,0.0,2,2
15442,1,5.0,0.0,1,2
15445,3,3.6666666666666665,0.5773502691896258,3,3
15448,1,3.0,0.0,1,2
15450,1,4.0,0.0,1,5
15451,1,3.0,0.0,1,3
15456,1,3.0,0.0,1,2
15457,1,4.0,0.0,1,2
15459,1,4.0,0.0,1,3
15463,2,5.0,0.0,2,2
15464,1,2.0,0.0,1,2
15465,1,5.0,0.0,1,3
15466,3,3.6666666666666665,0.5773502691896257,2,4
15467,1,5.0,0.0,1,2
15469,1,3.0,0.0,1,2
15472,1,5.0,0.0,1,3
15475,1,4.0,0.0,1,4
15478,2,2.5,2.1213203435596424,2,3
15481,1,5.0,0.0,1,2
15483,1,4.0,0.0,1,3
15484,1,5.0,0.0,1,3
15487,2,4.0,1.4142135623730951,2,3
15490,1,5.0,0.0,1,3
15491,1,3.0,0.0,1,2
15494,1,5.0,0.0,1,1
15495,1,4.0,0.0,1,4
15509,1,3.0,0.0,1,1
15510,1,5.0,0.0,1,3
15513,1,5.0,0.0,1,4
15515,1,5.0,0.0,1,2
15518,4,5.0,0.0,4,2
15520,1,5.0,0.0,1,3
15528,2,4.5,0.7071067811865476,2,4
15533,1,5.0,0.0,1,3
15535,2,3.5,2.1213203435596424,2,3
15536,1,5.0,0.0,1,2
15538,1,5.0,0.0,1,2
15540,2,3.5,0.7071067811865476,2,1
15545,1,3.0,0.0,1,4
15546,1,4.0,0.0,1,2
15547,1,4.0,0.0,1,3
15548,1,4.0,0.0,1,2
15549,1,5.0,0.0,1,4
15553,1,4.0,0.0,1,3
15554,1,4.0,0.0,1,3
15555,1,4.0,0.0,1,2
15556,2,3.5,0.7071067811865476,2,3
15562,1,4.0,0.0,1,3
15563,1,4.0,0.0,1,3
15564,2,4.0,0.0,2,1
15565,1,4.0,0.0,1,3
15566,1,5.0,0.0,1,2
15567,2,5.0,0.0,2,3
15568,2,3.5,0.7071067811865476,2,3
15578,1,4.0,0.0,1,3
15580,4,4.0,0.816496580927726,4,3
15583,1,5.0,0.0,1,3
15585,1,5.0,0.0,1,5
15588,1,4.0,0.0,1,3
15591,1,3.0,0.0,1,4
15593,1,5.0,0.0,1,3
15601,1,2.0,0.0,1,5
15602,1,1.0,0.0,1,4
15603,2,5.0,0.0,1,3
15615,2,4.5,0.7071067811865476,2,4
15618,1,5.0,0.0,1,2
15619,1,4.0,0.0,1,3
15621,2,4.0,1.4142135623730951,2,1
15624,1,5.0,0.0,1,3
15630,1,3.0,0.0,1,4
15631,1,5.0,0.0,1,3
15634,2,3.5,0.7071067811865476,2,2
15635,1,4.0,0.0,1,4
15638,1,5.0,0.0,1,4
15641,1,1.0,0.0,1,2
15642,2,5.0,0.0,2,2
15648,1,5.0,0.0,1,2
15657,2,5.0,0.0,2,2
15664,2,3.0,1.4142135623730951,2,2
15666,1,4.0,0.0,1,2
15669,1,5.0,0.0,1,5
15674,1,5.0,0.0,1,3
15676,1,5.0,0.0,1,2
15680,1,5.0,0.0,1,4
15681,1,4.0,0.0,1,2
15685,1,4.0,0.0,1,3
15687,1,3.0,0.0,1,2
15694,2,4.0,1.4142135623730951,2,4
15697,1,5.0,0.0,1,2
15707,1,1.0,0.0,1,3
15709,1,4.0,0.0,1,4
15710,1,5.0,0.0,1,4
15712,2,3.5,0.7071067811865476,2,2
15718,1,5.0,0.0,1,2
15719,1,3.0,0.0,1,5
15725,1,5.0,0.0,1,3
15726,1,4.0,0.0,1,2
15728,1,5.0,0.0,1,2
15729,1,5.0,0.0,1,3
15731,2,4.5,0.7071067811865476,2,4
15732,1,5.0,0.0,1,3
15733,1,4.0,0.0,1,3
15735,4,4.5,0.5773502691896257,4,3
15737,1,5.0,0.0,1,3
15740,1,5.0,0.0,1,5
15742,1,5.0,0.0,1,3
15744,1,5.0,0.0,1,3
15746,1,5.0,0.0,1,2
15747,2,4.0,0.0,2,2
15748,1,4.0,0.0,1,4
15750,1,5.0,0.0,1,2
15757,2,5.0,0.0,2,4
15762,1,4.0,0.0,1,2
15763,1,5.0,0.0,1,2
15766,1,4.0,0.0,1,2
15770,3,3.3333333333333335,2.0816659994661326,2,2
15772,2,4.5,0.7071067811865476,2,4
15773,1,1.0,0.0,1,5
15774,1,5.0,0.0,1,2
15775,1,5.0,0.0,1,4
15776,4,4.5,0.5773502691896257,2,2
15778,1,5.0,0.0,1,2
15779,3,4.0,1.0,2,2
15782,3,3.0,1.7320508075688772,2,2
15783,1,3.0,0.0,1,2
15786,1,5.0,0.0,1,3
15789,1,5.0,0.0,1,4
15791,1,4.0,0.0,1,3
15794,1,5.0,0.0,1,2
15798,1,4.0,0.0,1,2
15803,1,5.0,0.0,1,5
15804,1,5.0,0.0,1,2
15805,3,4.666666666666667,0.5773502691896258,3,4
15807,2,3.5,0.7071067811865476,2,3
15809,1,5.0,0.0,1,4
15810,1,2.0,0.0,1,5
15814,1,5.0,0.0,1,3
15815,1,3.0,0.0,1,3
15816,1,3.0,0.0,1,3
15817,1,5.0,0.0,1,1
15818,1,5.0,0.0,1,2
15820,1,4.0,0.0,1,2
15822,1,4.0,0.0,1,4
15823,1,5.0,0.0,1,3
15824,1,2.0,0.0,1,3
15826,1,3.0,0.0,1,3
15827,1,5.0,0.0,1,3
15829,1,5.0,0.0,1,2
15836,1,4.0,0.0,1,4
15838,1,5.0,0.0,1,3
15840,1,4.0,0.0,1,3
15842,2,4.0,0.0,1,2
15847,1,4.0,0.0,1,3
15848,1,1.0,0.0,1,2
15851,1,3.0,0.0,1,2
15852,2,5.0,0.0,2,3
15853,1,3.0,0.0,1,2
15854,1,5.0,0.0,1,4
15855,1,4.0,0.0,1,2
15856,2,4.0,1.4142135623730951,2,2
15862,3,4.666666666666667,0.5773502691896257,3,3
15865,2,4.0,0.0,2,3
15872,1,5.0,0.0,1,3
15873,1,5.0,0.0,1,3
15874,2,4.5,0.7071067811865476,2,2
15875,1,5.0,0.0,1,1
15878,2,3.5,0.7071067811865476,2,3
15881,1,4.0,0.0,1,2
15886,1,4.0,0.0,1,4
15887,1,5.0,0.0,1,3
15891,1,5.0,0.0,1,2
15893,3,4.0,1.0,3,3
15894,1,4.0,0.0,1,3
15897,1,4.0,0.0,1,2
15898,1,4.0,0.0,1,4
15906,1,5.0,0.0,1,4
15912,1,5.0,0.0,1,3
15922,2,5.0,0.0,2,2
15931,1,5.0,0.0,1,2
15936,1,5.0,0.0,1,4
15939,1,5.0,0.0,1,5
15945,1,5.0,0.0,1,5
15946,1,5.0,0.0,1,3
15947,1,4.0,0.0,1,3
15948,2,4.5,0.7071067811865476,2,3
15949,1,5.0,0.0,1,2
15951,2,5.0,0.0,2,3
15953,1,5.0,0.0,1,4
15954,1,5.0,0.0,1,2
15955,1,5.0,0.0,1,2
15959,1,3.0,0.0,1,2
15960,2,3.0,2.8284271247461903,2,2
15963,1,3.0,0.0,1,3
15982,1,5.0,0.0,1,3
15984,2,4.5,0.7071067811865476,2,2
15985,1,2.0,0.0,1,5
15989,1,4.0,0.0,1,2
15993,1,5.0,0.0,1,3
15994,1,5.0,0.0,1,2
15997,1,2.0,0.0,1,3
15998,6,4.0,0.8944271909999159,5,2
16003,1,4.0,0.0,1,3
16005,1,5.0,0.0,1,4
16006,2,4.5,0.7071067811865476,2,3
16007,1,5.0,0.0,1,2
16012,1,4.0,0.0,1,2
16019,1,5.0,0.0,1,2
16021,3,3.6666666666666665,0.5773502691896257,2,5
16023,1,5.0,0.0,1,2
16025,1,3.0,0.0,1,2
16028,6,4.0,0.8944271909999159,2,4
16030,1,4.0,0.0,1,2
16032,1,4.0,0.0,1,2
16035,2,5.0,0.0,2,2
16038,1,5.0,0.0,1,5
16042,2,4.0,1.4142135623730951,2,2
16043,2,4.5,0.7071067811865476,2,4
16047,2,4.0,1.4142135623730951,2,3
16050,1,3.0,0.0,1,4
16051,1,3.0,0.0,1,3
16052,1,3.0,0.0,1,3
16054,1,4.0,0.0,1,5
16058,1,4.0,0.0,1,2
16060,1,5.0,0.0,1,2
16062,1,5.0,0.0,1,3
16063,1,4.0,0.0,1,2
16067,1,2.0,0.0,1,2
16081,1,5.0,0.0,1,4
16083,1,4.0,0.0,1,4
16085,1,3.0,0.0,1,2
16093,2,4.5,0.7071067811865476,2,3
16095,1,5.0,0.0,1,4
16097,1,4.0,0.0,1,5
16100,1,1.0,0.0,1,2
16106,1,5.0,0.0,1,4
16107,1,4.0,0.0,1,3
16109,1,5.0,0.0,1,3
16111,1,4.0,0.0,1,3
16115,3,4.666666666666667,0.5773502691896258,3,2
16118,1,4.0,0.0,1,2
16127,3,3.3333333333333335,0.5773502691896257,3,3
16132,1,5.0,0.0,1,5
16136,1,4.0,0.0,1,3
16137,1,4.0,0.0,1,2
16158,1,3.0,0.0,1,4
16161,1,5.0,0.0,1,5
16166,1,5.0,0.0,1,2
16167,3,4.0,0.0,2,3
16168,1,5.0,0.0,1,3
16170,1,3.0,0.0,1,3
16171,1,5.0,0.0,1,2
16175,1,5.0,0.0,1,3
16189,1,4.0,0.0,1,4
16197,1,4.0,0.0,1,2
16198,2,5.0,0.0,2,3
16205,1,5.0,0.0,1,4
16210,1,4.0,0.0,1,2
16211,1,3.0,0.0,1,4
16216,1,5.0,0.0,1,3
16217,1,5.0,0.0,1,2
16219,1,4.0,0.0,1,5
16221,1,4.0,0.0,1,4
16223,1,2.0,0.0,1,2
16225,1,5.0,0.0,1,2
16230,1,4.0,0.0,1,2
16231,1,5.0,0.0,1,3
16232,1,5.0,0.0,1,2
16235,2,3.5,0.7071067811865476,2,2
16238,1,3.0,0.0,1,3
16239,1,4.0,0.0,1,3
16244,1,5.0,0.0,1,3
16247,1,5.0,0.0,1,3
16255,1,3.0,0.0,1,2
16256,1,3.0,0.0,1,3
16258,2,4.0,1.4142135623730951,2,3
16259,1,3.0,0.0,1,2
16260,1,4.0,0.0,1,3
16261,2,5.0,0.0,2,3
16262,1,5.0,0.0,1,2
16263,1,3.0,0.0,1,4
16265,2,4.0,0.0,2,2
16268,1,2.0,0.0,1,4
16270,1,4.0,0.0,1,4
16271,1,4.0,0.0,1,3
16275,1,4.0,0.0,1,4
16277,1,4.0,0.0,1,3
16279,4,3.5,0.5773502691896257,2,2
16282,1,4.0,0.0,1,4
16284,1,5.0,0.0,1,3
16288,2,4.5,0.7071067811865476,2,2
16290,1,4.0,0.0,1,3
16291,1,4.0,0.0,1,3
16299,1,4.0,0.0,1,2
16302,1,5.0,0.0,1,2
16304,2,5.0,0.0,2,2
16316,1,4.0,0.0,1,2
16318,1,5.0,0.0,1,3
16324,1,5.0,0.0,1,3
16325,1,5.0,0.0,1,3
16327,1,5.0,0.0,1,4
16329,1,4.0,0.0,1,2
16334,1,4.0,0.0,1,4
16335,2,5.0,0.0,2,5
16338,1,2.0,0.0,1,2
16339,1,5.0,0.0,1,2
16343,2,5.0,0.0,2,2
16344,1,4.0,0.0,1,2
16345,1,3.0,0.0,1,2
16346,1,2.0,0.0,1,2
16349,2,4.5,0.7071067811865476,2,2
16351,1,4.0,0.0,1,2
16355,1,5.0,0.0,1,4
16359,2,2.5,0.7071067811865476,2,2
16362,1,5.0,0.0,1,3
16368,1,5.0,0.0,1,4
16373,1,5.0,0.0,1,2
16376,1,5.0,0.0,1,3
16378,1,5.0,0.0,1,4
16381,2,5.0,0.0,2,2
16384,1,5.0,0.0,1,2
16388,1,5.0,0.0,1,4
16389,2,4.5,0.7071067811865476,2,4
16395,1,3.0,0.0,1,3
16396,1,5.0,0.0,1,2
16399,1,5.0,0.0,1,2
16405,2,4.0,1.4142135623730951,2,3
16407,1,4.0,0.0,1,3
16409,3,4.666666666666667,0.5773502691896257,3,2
16418,2,4.5,0.7071067811865476,2,2
16419,1,3.0,0.0,1,2
16420,3,4.333333333333333,0.5773502691896257,3,2
16426,1,5.0,0.0,1,2
16428,1,3.0,0.0,1,4
16429,1,5.0,0.0,1,4
16432,1,5.0,0.0,1,2
16434,2,4.5,0.7071067811865476,2,2
16437,1,5.0,0.0,1,2
16442,1,4.0,0.0,1,3
16443,2,4.5,0.7071067811865476,2,2
16446,1,4.0,0.0,1,5
16450,1,5.0,0.0,1,2
16452,1,5.0,0.0,1,2
16459,1,4.0,0.0,1,2
16462,1,5.0,0.0,1,1
16465,1,5.0,0.0,1,2
16468,1,3.0,0.0,1,2
16471,2,4.0,1.4142135623730951,2,4
16479,3,4.666666666666667,0.5773502691896258,3,2
16480,1,3.0,0.0,1,2
16481,2,4.0,1.4142135623730951,2,2
16482,1,5.0,0.0,1,4
16484,2,4.5,0.7071067811865476,2,1
16489,1,4.0,0.0,1,4
16491,1,1.0,0.0,1,2
16492,2,4.0,0.0,1,3
16493,1,4.0,0.0,1,4
16494,2,4.5,0.7071067811865476,2,5
16498,1,5.0,0.0,1,2
16501,2,3.5,2.1213203435596424,2,2
16504,1,4.0,0.0,1,3
16505,1,3.0,0.0,1,2
16507,1,4.0,0.0,1,4
16508,2,4.0,1.4142135623730951,2,2
16510,1,4.0,0.0,1,2
16511,1,4.0,0.0,1,3
16514,1,3.0,0.0,1,2
16515,1,3.0,0.0,1,2
16517,2,3.5,2.1213203435596424,2,2
16523,1,3.0,0.0,1,4
16527,1,5.0,0.0,1,5
16532,2,5.0,0.0,2,2
16534,1,5.0,0.0,1,4
16535,1,5.0,0.0,1,4
16536,2,4.0,0.0,2,2
16540,2,5.0,0.0,2,4
16541,1,5.0,0.0,1,2
16542,1,5.0,0.0,1,2
16544,1,3.0,0.0,1,2
16554,1,5.0,0.0,1,5
16555,1,5.0,0.0,1,3
16556,1,5.0,0.0,1,2
16557,1,5.0,0.0,1,4
16560,2,5.0,0.0,2,3
16561,1,5.0,0.0,1,2
16568,2,4.5,0.7071067811865476,2,4
16571,1,5.0,0.0,1,5
16572,3,3.3333333333333335,0.5773502691896258,3,4
16577,1,5.0,0.0,1,3
16582,1,5.0,0.0,1,2
16587,1,4.0,0.0,1,3
16590,1,4.0,0.0,1,2
16592,1,3.0,0.0,1,2
16593,1,5.0,0.0,1,4
16596,3,3.0,1.0,2,3
16612,1,4.0,0.0,1,2
16622,1,5.0,0.0,1,4
16624,1,4.0,0.0,1,2
16625,1,4.0,0.0,1,2
16627,1,5.0,0.0,1,2
16631,1,5.0,0.0,1,2
16635,1,5.0,0.0,1,2
16638,1,3.0,0.0,1,5
16642,1,4.0,0.0,1,2
16643,1,5.0,0.0,1,5
16644,2,5.0,0.0,2,3
16647,1,4.0,0.0,1,2
16655,1,4.0,0.0,1,4
16656,2,4.0,0.0,2,2
16657,6,4.166666666666667,0.7527726527090811,1,2
16661,1,3.0,0.0,1,3
16664,3,4.333333333333333,1.1547005383792515,3,2
16667,1,4.0,0.0,1,2
16669,1,4.0,0.0,1,2
16671,1,4.0,0.0,1,1
16672,2,5.0,0.0,2,4
16675,1,5.0,0.0,1,4
16676,1,4.0,0.0,1,2
16682,1,5.0,0.0,1,4
16687,1,4.0,0.0,1,3
16688,1,3.0,0.0,1,4
16691,2,4.0,0.0,1,1
16694,1,3.0,0.0,1,4
16698,1,5.0,0.0,1,2
16700,1,4.0,0.0,1,4
16710,1,5.0,0.0,1,4
16711,1,4.0,0.0,1,2
16713,3,4.333333333333333,1.1547005383792515,2,4
16714,1,5.0,0.0,1,3
16717,1,4.0,0.0,1,2
16722,1,3.0,0.0,1,2
16723,1,5.0,0.0,1,3
16726,1,2.0,0.0,1,2
16729,1,4.0,0.0,1,2
16731,1,5.0,0.0,1,2
16735,1,5.0,0.0,1,5
16740,3,4.0,1.0,2,4
16746,1,5.0,0.0,1,2
16747,2,5.0,0.0,2,2
16753,1,5.0,0.0,1,3
16760,1,5.0,0.0,1,3
16763,7,4.142857142857143,0.6900655593423543,5,2
16764,4,4.5,0.5773502691896257,2,2
16769,1,5.0,0.0,1,2
16771,3,4.333333333333333,0.5773502691896258,2,3
16776,1,2.0,0.0,1,2
16779,1,5.0,0.0,1,3
16780,2,4.5,0.7071067811865476,2,3
16782,2,3.5,0.7071067811865476,1,5
16785,1,3.0,0.0,1,4
16787,7,4.571428571428571,0.7867957924694431,5,3
16791,1,5.0,0.0,1,2
16795,3,1.6666666666666667,0.5773502691896257,2,2
16796,4,4.5,0.5773502691896258,4,2
16799,3,4.333333333333333,0.5773502691896258,3,5
16801,2,5.0,0.0,2,2
16804,3,4.666666666666667,0.5773502691896258,2,2
16805,1,4.0,0.0,1,2
16813,1,5.0,0.0,1,4
16815,1,4.0,0.0,1,5
16816,1,5.0,0.0,1,2
16817,1,5.0,0.0,1,2
16818,4,3.75,1.5,4,2
16820,5,4.0,1.0,4,3
16825,1,4.0,0.0,1,1
16828,3,5.0,0.0,1,4
16833,5,4.0,1.4142135623730951,3,4
16836,1,5.0,0.0,1,4
16840,1,5.0,0.0,1,2
16842,2,4.0,0.0,2,3
16843,1,5.0,0.0,1,3
16846,1,4.0,0.0,1,3
16849,1,4.0,0.0,1,2
16852,1,4.0,0.0,1,5
16853,3,4.333333333333333,0.5773502691896257,3,3
16856,2,4.5,0.7071067811865476,2,4
16860,1,3.0,0.0,1,3
16861,2,5.0,0.0,2,2
16862,2,5.0,0.0,2,2
16865,3,4.333333333333333,0.5773502691896257,3,2
16866,1,5.0,0.0,1,2
16867,1,5.0,0.0,1,2
16868,1,4.0,0.0,1,2
16869,1,4.0,0.0,1,4
16870,3,4.333333333333333,1.1547005383792517,3,4
16875,1,5.0,0.0,1,3
16877,1,5.0,0.0,1,2
16884,1,4.0,0.0,1,2
16886,2,2.5,2.1213203435596424,2,3
16887,1,5.0,0.0,1,4
16892,1,5.0,0.0,1,4
16893,2,4.5,0.7071067811865476,2,2
16894,1,4.0,0.0,1,4
16897,1,4.0,0.0,1,3
16899,1,3.0,0.0,1,4
16901,1,5.0,0.0,1,2
16902,2,4.5,0.7071067811865476,2,2
16903,2,4.5,0.7071067811865476,2,3
16907,1,5.0,0.0,1,2
16917,1,5.0,0.0,1,5
16922,1,2.0,0.0,1,2
16924,2,5.0,0.0,2,2
16926,1,4.0,0.0,1,5
16928,1,3.0,0.0,1,4
16937,1,4.0,0.0,1,2
16938,1,5.0,0.0,1,3
16940,1,4.0,0.0,1,3
16947,1,5.0,0.0,1,4
16950,1,5.0,0.0,1,3
16951,1,5.0,0.0,1,2
16953,1,5.0,0.0,1,3
16954,1,4.0,0.0,1,3
16958,1,4.0,0.0,1,2
16961,1,5.0,0.0,1,3
16962,1,4.0,0.0,1,3
16963,2,4.0,0.0,2,3
16965,1,4.0,0.0,1,3
16967,1,3.0,0.0,1,2
16971,1,5.0,0.0,1,2
16972,1,3.0,0.0,1,4
16974,1,4.0,0.0,1,3
16975,2,4.5,0.7071067811865476,2,2
16978,1,5.0,0.0,1,4
16981,2,4.5,0.7071067811865476,2,4
16982,1,4.0,0.0,1,5
16985,1,5.0,0.0,1,4
16986,2,3.0,1.4142135623730951,2,5
16989,2,4.0,0.0,2,2
16990,1,5.0,0.0,1,2
16995,2,4.0,0.0,2,4
16999,8,4.125,0.9910312089651149,4,2
17000,1,5.0,0.0,1,4
17003,1,4.0,0.0,1,3
17004,1,4.0,0.0,1,5
17006,1,5.0,0.0,1,2
17008,2,4.5,0.7071067811865476,2,2
17011,1,5.0,0.0,1,2
17018,1,5.0,0.0,1,3
17023,1,5.0,0.0,1,3
17028,3,4.0,1.0,3,2
17029,2,4.0,1.4142135623730951,2,5
17032,1,3.0,0.0,1,5
17033,3,5.0,0.0,3,4
17036,1,4.0,0.0,1,2
17039,1,5.0,0.0,1,5
17042,1,5.0,0.0,1,3
17044,1,4.0,0.0,1,2
17047,2,4.0,1.4142135623730951,2,4
17049,1,5.0,0.0,1,2
17050,2,4.0,1.4142135623730951,2,2
17059,1,4.0,0.0,1,3
17062,1,4.0,0.0,1,3
17063,2,4.5,0.7071067811865476,2,5
17065,3,3.6666666666666665,0.5773502691896258,2,2
17066,1,4.0,0.0,1,3
17069,5,4.0,0.7071067811865476,5,4
17072,1,4.0,0.0,1,2
17074,1,5.0,0.0,1,4
17078,1,5.0,0.0,1,5
17084,3,4.333333333333333,0.5773502691896257,3,4
17085,1,5.0,0.0,1,1
17091,1,5.0,0.0,1,3
17092,1,5.0,0.0,1,4
17093,2,4.0,1.4142135623730951,2,2
17101,1,5.0,0.0,1,4
17105,1,2.0,0.0,1,4
17110,3,5.0,0.0,3,2
17117,1,5.0,0.0,1,1
17119,1,5.0,0.0,1,2
17120,1,5.0,0.0,1,2
17122,2,4.5,0.7071067811865476,2,2
17123,1,4.0,0.0,1,4
17129,1,5.0,0.0,1,1
17137,1,5.0,0.0,1,3
17138,1,5.0,0.0,1,1
17141,1,4.0,0.0,1,1
17145,1,5.0,0.0,1,4
17146,1,3.0,0.0,1,5
17151,1,5.0,0.0,1,3
17155,1,5.0,0.0,1,3
17157,1,3.0,0.0,1,2
17160,1,5.0,0.0,1,4
17161,1,5.0,0.0,1,4
17162,1,5.0,0.0,1,3
17163,1,5.0,0.0,1,1
17164,1,5.0,0.0,1,4
17166,1,1.0,0.0,1,2
17167,1,5.0,0.0,1,1
17169,4,4.25,0.5,1,2
17177,1,5.0,0.0,1,4
17194,1,5.0,0.0,1,2
17195,3,4.666666666666667,0.5773502691896257,3,3
17201,1,1.0,0.0,1,4
17202,1,4.0,0.0,1,3
17207,3,4.333333333333333,0.5773502691896258,3,4
17210,1,4.0,0.0,1,4
17215,1,5.0,0.0,1,2
17221,1,5.0,0.0,1,3
17223,1,5.0,0.0,1,3
17224,1,4.0,0.0,1,2
17226,1,5.0,0.0,1,2
17227,1,2.0,0.0,1,2
17235,4,4.75,0.4999999999999999,4,2
17245,1,4.0,0.0,1,2
17247,3,3.0,1.7320508075688772,3,2
17253,1,4.0,0.0,1,3
17254,1,5.0,0.0,1,1
17255,1,5.0,0.0,1,3
17264,1,4.0,0.0,1,3
17272,2,4.0,0.0,2,2
17279,1,5.0,0.0,1,2
17281,1,5.0,0.0,1,5
17284,2,5.0,0.0,2,1
17285,2,5.0,0.0,2,2
17287,1,5.0,0.0,1,3
17290,1,1.0,0.0,1,3
17293,1,5.0,0.0,1,2
17294,2,4.5,0.7071067811865476,2,2
17299,1,2.0,0.0,1,2
17300,1,4.0,0.0,1,4
17302,1,4.0,0.0,1,2
17303,1,5.0,0.0,1,2
17304,1,4.0,0.0,1,3
17310,1,5.0,0.0,1,4
17313,5,5.0,0.0,3,3
17323,1,5.0,0.0,1,2
17324,1,4.0,0.0,1,3
17325,2,4.0,1.4142135623730951,2,3
17327,1,4.0,0.0,1,2
17331,2,4.0,1.4142135623730951,2,2
17332,2,5.0,0.0,2,3
17336,1,4.0,0.0,1,3
17344,1,5.0,0.0,1,2
17346,1,5.0,0.0,1,3
17352,1,4.0,0.0,1,3
17358,4,3.75,0.9574271077563381,4,2
17359,2,4.0,0.0,2,3
17360,1,5.0,0.0,1,2
17364,1,5.0,0.0,1,2
17368,1,5.0,0.0,1,4
17369,1,5.0,0.0,1,4
17370,1,3.0,0.0,1,2
17373,1,3.0,0.0,1,3
17375,1,4.0,0.0,1,4
17378,1,4.0,0.0,1,3
17379,1,4.0,0.0,1,3
17384,1,5.0,0.0,1,3
17385,1,4.0,0.0,1,2
17386,3,3.6666666666666665,0.5773502691896258,3,3
17387,1,4.0,0.0,1,2
17390,1,2.0,0.0,1,2
17392,2,4.5,0.7071067811865476,2,4
17393,2,5.0,0.0,2,2
17395,1,4.0,0.0,1,3
17401,1,5.0,0.0,1,3
17402,1,3.0,0.0,1,5
17409,2,5.0,0.0,2,4
17411,8,4.75,0.4629100498862757,7,3
17412,1,5.0,0.0,1,3
17413,1,4.0,0.0,1,2
17414,1,5.0,0.0,1,3
17417,3,4.333333333333333,0.5773502691896257,1,4
17421,1,5.0,0.0,1,2
17427,1,5.0,0.0,1,2
17429,2,4.0,0.0,2,4
17431,1,5.0,0.0,1,2
17432,1,4.0,0.0,1,2
17438,1,3.0,0.0,1,4
17442,2,4.0,0.0,2,4
17444,3,4.333333333333333,0.5773502691896257,3,2
17446,1,5.0,0.0,1,3
17447,1,5.0,0.0,1,5
17450,1,5.0,0.0,1,4
17451,2,5.0,0.0,2,2
17453,1,5.0,0.0,1,3
17455,1,4.0,0.0,1,5
17456,1,4.0,0.0,1,4
17459,1,3.0,0.0,1,2
17460,1,5.0,0.0,1,2
17462,1,5.0,0.0,1,3
17464,2,4.0,0.0,2,3
17467,4,4.5,0.5773502691896258,4,2
17468,1,5.0,0.0,1,3
17469,2,5.0,0.0,2,2
17471,1,5.0,0.0,1,4
17472,1,4.0,0.0,1,2
17473,1,5.0,0.0,1,3
17474,1,5.0,0.0,1,2
17480,1,5.0,0.0,1,2
17483,1,3.0,0.0,1,5
17484,1,4.0,0.0,1,4
17487,2,4.0,0.0,2,3
17489,5,4.0,1.0,4,2
17491,1,4.0,0.0,1,3
17492,1,5.0,0.0,1,4
17493,1,4.0,0.0,1,2
17496,1,5.0,0.0,1,2
17499,1,4.0,0.0,1,3
17500,1,2.0,0.0,1,2
17504,1,5.0,0.0,1,3
17505,1,4.0,0.0,1,3
17506,1,5.0,0.0,1,3
17507,3,2.0,1.7320508075688772,2,2
17508,2,4.5,0.7071067811865476,2,3
17509,1,5.0,0.0,1,4
17510,1,4.0,0.0,1,5
17511,2,5.0,0.0,2,2
17516,1,4.0,0.0,1,5
17526,1,5.0,0.0,1,3
17536,1,4.0,0.0,1,2
17537,1,5.0,0.0,1,3
17538,1,5.0,0.0,1,4
17543,1,3.0,0.0,1,3
17544,1,4.0,0.0,1,3
17545,1,5.0,0.0,1,2
17547,1,5.0,0.0,1,3
17562,1,4.0,0.0,1,2
17563,1,4.0,0.0,1,2
17569,2,4.5,0.7071067811865476,2,3
17571,1,4.0,0.0,1,4
17575,1,3.0,0.0,1,3
17576,1,5.0,0.0,1,5
17577,1,5.0,0.0,1,2
17582,1,5.0,0.0,1,4
17585,2,3.5,0.7071067811865476,2,2
17586,1,5.0,0.0,1,4
17587,1,4.0,0.0,1,2
17589,1,4.0,0.0,1,3
17593,3,4.666666666666667,0.5773502691896258,3,2
17595,2,4.5,0.7071067811865476,2,3
17596,1,5.0,0.0,1,2
17597,2,3.5,0.7071067811865476,2,3
17598,1,4.0,0.0,1,3
17602,3,4.666666666666667,0.5773502691896257,3,4
17603,1,4.0,0.0,1,3
17609,1,4.0,0.0,1,5
17612,1,5.0,0.0,1,3
17614,1,4.0,0.0,1,3
17616,1,3.0,0.0,1,2
17617,1,5.0,0.0,1,1
17618,1,4.0,0.0,1,4
17620,1,4.0,0.0,1,4
17624,4,4.25,0.4999999999999999,4,3
17625,1,1.0,0.0,1,5
17626,2,2.0,1.4142135623730951,2,5
17628,1,5.0,0.0,1,2
17629,1,4.0,0.0,1,4
17631,1,5.0,0.0,1,3
17632,2,4.0,0.0,2,2
17641,2,4.5,0.7071067811865476,2,4
17643,1,4.0,0.0,1,2
17652,2,5.0,0.0,2,4
17657,5,3.8,0.8366600265340756,1,5
17662,1,4.0,0.0,1,3
17663,1,3.0,0.0,1,4
17664,2,3.0,2.8284271247461903,2,2
17665,1,3.0,0.0,1,2
17666,1,4.0,0.0,1,2
17672,2,4.0,1.4142135623730951,2,2
17677,1,3.0,0.0,1,4
17678,1,5.0,0.0,1,4
17679,3,5.0,0.0,3,2
17687,1,5.0,0.0,1,3
17688,1,4.0,0.0,1,3
17690,1,1.0,0.0,1,4
17694,1,5.0,0.0,1,3
17697,1,5.0,0.0,1,3
17699,1,3.0,0.0,1,3
17707,1,4.0,0.0,1,3
17708,1,5.0,0.0,1,4
17711,2,2.0,1.4142135623730951,2,4
17713,1,5.0,0.0,1,2
17716,1,4.0,0.0,1,2
17726,1,5.0,0.0,1,3
17727,1,4.0,0.0,1,3
17731,1,5.0,0.0,1,2
17734,1,5.0,0.0,1,4
17737,1,3.0,0.0,1,2
17738,3,3.6666666666666665,1.5275252316519465,3,5
17740,1,5.0,0.0,1,3
17745,1,5.0,0.0,1,2
17746,1,5.0,0.0,1,3
17747,1,4.0,0.0,1,1
17749,1,5.0,0.0,1,5
17752,1,5.0,0.0,1,2
17755,1,4.0,0.0,1,4
17759,3,4.0,0.0,3,2
17760,1,3.0,0.0,1,4
17762,1,1.0,0.0,1,3
17763,2,4.5,0.7071067811865476,2,2
17767,1,3.0,0.0,1,3
17768,1,2.0,0.0,1,2
17771,2,4.5,0.7071067811865476,2,3
17772,3,4.666666666666667,0.5773502691896257,3,5
17773,1,5.0,0.0,1,2
17778,2,3.0,0.0,2,5
17779,1,5.0,0.0,1,3
17782,1,4.0,0.0,1,5
17783,1,5.0,0.0,1,4
17784,1,5.0,0.0,1,3
17785,1,3.0,0.0,1,2
17788,1,5.0,0.0,1,2
17789,1,5.0,0.0,1,3
17791,1,5.0,0.0,1,3
17792,1,5.0,0.0,1,3
17793,2,4.0,0.0,2,4
17804,1,4.0,0.0,1,3
17805,1,4.0,0.0,1,2
17810,1,4.0,0.0,1,3
17811,1,5.0,0.0,1,5
17812,1,5.0,0.0,1,3
17813,1,4.0,0.0,1,4
17819,1,3.0,0.0,1,2
17820,1,5.0,0.0,1,4
17824,1,5.0,0.0,1,4
17829,1,5.0,0.0,1,4
17831,1,5.0,0.0,1,4
17832,1,4.0,0.0,1,3
17834,1,2.0,0.0,1,4
17837,2,3.5,0.7071067811865476,2,5
17841,1,4.0,0.0,1,2
17843,2,4.0,1.4142135623730951,2,4
17846,1,5.0,0.0,1,2
17850,3,3.6666666666666665,1.5275252316519468,2,4
17852,1,4.0,0.0,1,1
17853,1,3.0,0.0,1,1
17854,1,4.0,0.0,1,2
17855,1,5.0,0.0,1,2
17858,1,4.0,0.0,1,3
17859,1,4.0,0.0,1,3
17864,1,4.0,0.0,1,2
17869,1,5.0,0.0,1,3
17877,3,4.0,1.0,3,2
17878,1,4.0,0.0,1,2
17884,1,5.0,0.0,1,4
17885,1,5.0,0.0,1,4
17886,3,3.6666666666666665,2.3094010767585034,1,4
17887,1,5.0,0.0,1,2
17889,1,4.0,0.0,1,2
17892,2,4.5,0.7071067811865476,2,3
17893,2,4.5,0.7071067811865476,2,5
17899,1,5.0,0.0,1,4
17902,1,3.0,0.0,1,2
17903,1,4.0,0.0,1,4
17905,1,5.0,0.0,1,3
17912,2,4.0,0.0,2,3
17915,1,3.0,0.0,1,2
17916,1,4.0,0.0,1,4
17922,1,5.0,0.0,1,3
17925,3,5.0,0.0,3,3
17929,1,2.0,0.0,1,5
17930,4,4.5,0.5773502691896258,3,3
17933,1,4.0,0.0,1,2
17934,1,2.0,0.0,1,4
17938,1,5.0,0.0,1,4
17940,4,4.5,0.5773502691896258,4,3
17943,1,5.0,0.0,1,3
17945,1,4.0,0.0,1,1
17947,1,5.0,0.0,1,2
17948,1,5.0,0.0,1,2
17949,2,4.0,0.0,1,2
17952,2,4.0,0.0,2,2
17953,1,5.0,0.0,1,3
17954,2,4.0,1.4142135623730951,1,2
17955,1,5.0,0.0,1,4
17956,2,4.0,0.0,2,4
17958,3,4.0,1.0,1,2
17960,2,4.5,0.7071067811865476,2,2
17962,1,5.0,0.0,1,3
17964,1,4.0,0.0,1,3
17968,1,4.0,0.0,1,3
17976,1,2.0,0.0,1,3
17977,1,5.0,0.0,1,2
17981,1,5.0,0.0,1,3
17984,1,5.0,0.0,1,3
17985,2,5.0,0.0,2,3
17988,1,2.0,0.0,1,2
17990,1,5.0,0.0,1,2
17991,2,4.0,0.0,2,2
17997,3,5.0,0.0,3,3
17999,1,3.0,0.0,1,2
18001,1,4.0,0.0,1,4
18002,4,5.0,0.0,3,4
18004,2,4.0,0.0,2,2
18011,1,5.0,0.0,1,3
18014,1,1.0,0.0,1,5
18015,1,5.0,0.0,1,2
18016,2,3.5,2.1213203435596424,2,2
18017,3,4.666666666666667,0.5773502691896258,3,5
18018,2,5.0,0.0,2,4
18020,1,5.0,0.0,1,2
18022,2,4.5,0.7071067811865476,2,4
18023,2,3.0,1.4142135623730951,1,3
18026,1,5.0,0.0,1,2
18027,3,4.333333333333333,1.1547005383792515,3,2
18029,1,4.0,0.0,1,5
18032,2,4.5,0.7071067811865476,2,2
18034,1,4.0,0.0,1,4
18040,4,4.75,0.5,3,2
18042,1,5.0,0.0,1,4
18043,1,3.0,0.0,1,2
18047,1,5.0,0.0,1,4
18051,1,4.0,0.0,1,2
18052,1,5.0,0.0,1,3
18054,1,5.0,0.0,1,2
18055,1,5.0,0.0,1,3
18056,1,5.0,0.0,1,3
18059,1,5.0,0.0,1,4
18067,1,4.0,0.0,1,3
18068,1,4.0,0.0,1,2
18074,1,4.0,0.0,1,2
18077,1,5.0,0.0,1,3
18078,1,4.0,0.0,1,2
18083,1,5.0,0.0,1,2
18085,1,5.0,0.0,1,3
18088,4,4.5,1.0,1,3
18089,1,5.0,0.0,1,3
18092,1,5.0,0.0,1,2
18100,1,5.0,0.0,1,3
18105,2,4.0,1.4142135623730951,2,3
18106,3,4.666666666666667,0.5773502691896258,3,2
18107,1,4.0,0.0,1,3
18108,1,1.0,0.0,1,4
18112,2,5.0,0.0,2,2
18116,3,4.333333333333333,1.1547005383792517,3,2
18119,1,4.0,0.0,1,3
18120,1,4.0,0.0,1,4
18121,3,3.6666666666666665,1.5275252316519468,3,3
18122,1,5.0,0.0,1,3
18124,1,4.0,0.0,1,2
18127,1,3.0,0.0,1,2
18128,2,4.5,0.7071067811865476,2,2
18134,1,5.0,0.0,1,2
18135,2,5.0,0.0,2,5
18137,1,1.0,0.0,1,2
18138,1,4.0,0.0,1,2
18140,1,4.0,0.0,1,2
18142,1,4.0,0.0,1,4
18149,1,5.0,0.0,1,4
18153,2,4.0,0.0,2,2
18154,1,5.0,0.0,1,2
18156,1,4.0,0.0,1,2
18157,1,5.0,0.0,1,2
18158,1,4.0,0.0,1,4
18160,1,5.0,0.0,1,2
18166,1,5.0,0.0,1,2
18168,1,3.0,0.0,1,2
18170,1,1.0,0.0,1,5
18175,1,5.0,0.0,1,4
18178,1,5.0,0.0,1,3
18181,1,1.0,0.0,1,2
18182,2,4.0,1.4142135623730951,2,2
18186,1,5.0,0.0,1,3
18187,1,4.0,0.0,1,2
18191,1,5.0,0.0,1,2
18193,1,4.0,0.0,1,2
18194,1,5.0,0.0,1,3
18197,1,5.0,0.0,1,2
18198,1,2.0,0.0,1,2
18200,1,4.0,0.0,1,4
18202,1,5.0,0.0,1,3
18206,1,2.0,0.0,1,2
18208,1,5.0,0.0,1,3
18213,1,5.0,0.0,1,4
18215,1,4.0,0.0,1,3
18216,2,4.0,1.4142135623730951,2,2
18217,2,4.5,0.7071067811865476,1,3
18218,1,5.0,0.0,1,3
18221,1,1.0,0.0,1,3
18228,2,5.0,0.0,2,5
18231,1,5.0,0.0,1,2
18232,1,3.0,0.0,1,2
18233,1,3.0,0.0,1,5
18234,1,3.0,0.0,1,2
18237,1,3.0,0.0,1,2
18238,1,5.0,0.0,1,3
18240,1,5.0,0.0,1,4
18242,1,3.0,0.0,1,3
18243,1,4.0,0.0,1,2
18244,1,4.0,0.0,1,5
18246,2,5.0,0.0,1,3
18250,1,5.0,0.0,1,2
18253,1,4.0,0.0,1,3
18258,1,4.0,0.0,1,2
18264,3,4.333333333333333,0.5773502691896257,3,2
18266,1,4.0,0.0,1,4
18267,1,5.0,0.0,1,2
18269,1,3.0,0.0,1,5
18270,1,5.0,0.0,1,2
18271,1,1.0,0.0,1,3
18275,2,4.0,0.0,2,2
18276,1,3.0,0.0,1,3
18277,2,4.5,0.7071067811865476,2,4
18278,1,5.0,0.0,1,2
18281,1,4.0,0.0,1,2
18286,1,3.0,0.0,1,3
18287,1,5.0,0.0,1,3
18288,1,4.0,0.0,1,3
18289,1,5.0,0.0,1,2
18290,1,3.0,0.0,1,3
18291,1,2.0,0.0,1,2
18295,1,4.0,0.0,1,4
18296,2,4.5,0.7071067811865476,2,4
18297,1,5.0,0.0,1,2
18298,2,5.0,0.0,2,4
18303,1,5.0,0.0,1,2
18306,1,4.0,0.0,1,3
18307,7,4.571428571428571,0.5345224838248489,5,3
18313,2,4.5,0.7071067811865476,2,2
18315,1,4.0,0.0,1,3
18316,1,5.0,0.0,1,3
18317,1,3.0,0.0,1,2
18318,8,3.875,0.6408699444616557,2,5
18320,1,4.0,0.0,1,3
18321,1,5.0,0.0,1,2
18325,3,1.3333333333333333,0.5773502691896257,3,4
18327,2,4.0,1.4142135623730951,2,2
18328,1,5.0,0.0,1,4
18331,1,2.0,0.0,1,3
18334,1,5.0,0.0,1,2
18335,1,3.0,0.0,1,2
18336,1,4.0,0.0,1,4
18340,1,4.0,0.0,1,2
18341,1,4.0,0.0,1,2
18342,1,3.0,0.0,1,2
18343,1,3.0,0.0,1,4
18344,1,4.0,0.0,1,2
18347,1,5.0,0.0,1,2
18348,2,4.5,0.7071067811865476,2,2
18349,1,5.0,0.0,1,4
18350,1,4.0,0.0,1,4
18352,1,5.0,0.0,1,2
18358,1,5.0,0.0,1,4
18361,1,3.0,0.0,1,2
18362,2,3.5,2.1213203435596424,2,4
18365,1,4.0,0.0,1,2
18366,1,5.0,0.0,1,4
18369,1,5.0,0.0,1,2
18371,1,5.0,0.0,1,3
18372,1,4.0,0.0,1,4
18374,1,5.0,0.0,1,3
18376,1,5.0,0.0,1,2
18381,1,4.0,0.0,1,2
18383,1,4.0,0.0,1,2
18386,2,5.0,0.0,2,4
18387,1,4.0,0.0,1,4
18389,1,3.0,0.0,1,3
18394,1,5.0,0.0,1,2
18395,3,4.333333333333333,0.5773502691896258,3,3
18396,1,5.0,0.0,1,2
18402,1,4.0,0.0,1,3
18403,2,3.5,0.7071067811865476,2,5
18404,2,4.0,0.0,2,3
18405,1,5.0,0.0,1,5
18407,1,3.0,0.0,1,3
18410,1,4.0,0.0,1,2
18411,4,4.0,0.816496580927726,2,1
18412,1,4.0,0.0,1,3
18413,1,4.0,0.0,1,5
18414,6,4.0,0.6324555320336759,4,2
18418,1,3.0,0.0,1,4
18419,1,4.0,0.0,1,4
18420,1,4.0,0.0,1,2
18426,1,4.0,0.0,1,4
18427,2,1.5,0.7071067811865476,2,3
18430,1,4.0,0.0,1,5
18431,3,3.6666666666666665,0.5773502691896258,3,2
18432,1,5.0,0.0,1,4
18433,1,4.0,0.0,1,2
18438,1,4.0,0.0,1,2
18441,1,3.0,0.0,1,2
18442,1,5.0,0.0,1,2
18444,1,5.0,0.0,1,2
18445,2,3.0,1.4142135623730951,2,4
18450,1,4.0,0.0,1,3
18452,1,2.0,0.0,1,5
18453,1,4.0,0.0,1,2
18458,1,5.0,0.0,1,3
18459,1,3.0,0.0,1,3
18460,1,4.0,0.0,1,4
18461,2,3.0,2.8284271247461903,2,3
18462,1,4.0,0.0,1,2
18465,1,5.0,0.0,1,2
18467,1,3.0,0.0,1,4
18474,2,3.0,2.8284271247461903,2,3
18475,1,5.0,0.0,1,3
18486,1,4.0,0.0,1,5
18487,2,2.5,0.7071067811865476,2,3
18489,1,5.0,0.0,1,3
18492,1,5.0,0.0,1,5
18493,2,4.5,0.7071067811865476,2,2
18494,1,5.0,0.0,1,2
18496,1,5.0,0.0,1,2
18498,2,5.0,0.0,2,2
18500,2,4.0,1.4142135623730951,2,2
18501,1,4.0,0.0,1,2
18503,3,4.0,1.0,3,1
18505,3,4.666666666666667,0.5773502691896257,3,2
18508,1,4.0,0.0,1,2
18514,2,4.0,0.0,2,4
18515,2,3.5,0.7071067811865476,2,3
18516,1,5.0,0.0,1,3
18517,3,4.333333333333333,0.5773502691896258,2,3
18519,1,4.0,0.0,1,5
18521,1,4.0,0.0,1,3
18525,1,5.0,0.0,1,2
18529,1,5.0,0.0,1,2
18535,1,2.0,0.0,1,2
18537,1,4.0,0.0,1,3
18538,1,4.0,0.0,1,2
18539,2,5.0,0.0,2,2
18540,1,5.0,0.0,1,3
18543,1,5.0,0.0,1,4
18551,2,4.5,0.7071067811865476,1,2
18552,1,4.0,0.0,1,2
18553,1,4.0,0.0,1,4
18556,2,4.5,0.7071067811865476,2,2
18558,1,5.0,0.0,1,2
18560,1,4.0,0.0,1,4
18563,1,4.0,0.0,1,2
18566,2,3.5,2.1213203435596424,2,3
18567,1,4.0,0.0,1,4
18570,2,4.0,0.0,2,2
18572,2,4.5,0.7071067811865476,2,2
18573,2,5.0,0.0,2,2
18579,1,4.0,0.0,1,3
18580,1,4.0,0.0,1,3
18581,1,5.0,0.0,1,3
18587,1,5.0,0.0,1,2
18589,1,5.0,0.0,1,2
18590,1,4.0,0.0,1,4
18592,6,4.333333333333333,0.8164965809277259,2,3
18593,1,3.0,0.0,1,4
18595,2,4.5,0.7071067811865476,2,2
18600,1,4.0,0.0,1,4
18602,1,5.0,0.0,1,3
18604,1,4.0,0.0,1,3
18605,1,5.0,0.0,1,2
18616,3,4.0,1.0,1,4
18617,2,4.0,0.0,2,3
18618,1,5.0,0.0,1,2
18620,1,5.0,0.0,1,2
18621,2,4.5,0.7071067811865476,2,3
18626,1,5.0,0.0,1,3
18628,3,4.666666666666667,0.5773502691896257,3,3
18633,1,5.0,0.0,1,2
18636,1,5.0,0.0,1,3
18637,1,4.0,0.0,1,3
18638,1,4.0,0.0,1,4
18644,1,2.0,0.0,1,2
18645,1,4.0,0.0,1,2
18646,1,4.0,0.0,1,2
18647,1,4.0,0.0,1,2
18648,1,5.0,0.0,1,3
18649,1,5.0,0.0,1,2
18651,2,5.0,0.0,2,5
18653,1,4.0,0.0,1,5
18654,1,3.0,0.0,1,2
18655,1,3.0,0.0,1,2
18657,1,4.0,0.0,1,2
18660,1,5.0,0.0,1,3
18667,1,1.0,0.0,1,3
18669,2,5.0,0.0,2,2
18671,2,4.5,0.7071067811865476,2,2
18672,2,4.0,0.0,2,2
18676,1,4.0,0.0,1,2
18679,1,5.0,0.0,1,4
18680,1,5.0,0.0,1,2
18681,2,5.0,0.0,2,3
18685,1,3.0,0.0,1,4
18688,1,2.0,0.0,1,5
18695,1,4.0,0.0,1,3
18701,1,4.0,0.0,1,2
18704,1,4.0,0.0,1,2
18707,3,3.0,1.0,3,3
18713,1,4.0,0.0,1,3
18715,1,3.0,0.0,1,5
18721,1,5.0,0.0,1,2
18724,2,5.0,0.0,2,4
18727,1,5.0,0.0,1,5
18728,1,3.0,0.0,1,4
18729,1,5.0,0.0,1,2
18731,1,5.0,0.0,1,3
18734,1,4.0,0.0,1,2
18739,1,4.0,0.0,1,2
18740,1,4.0,0.0,1,3
18745,1,4.0,0.0,1,3
18749,1,5.0,0.0,1,2
18752,1,5.0,0.0,1,3
18761,1,5.0,0.0,1,3
18763,1,4.0,0.0,1,2
18766,1,3.0,0.0,1,2
18767,1,4.0,0.0,1,2
18770,1,4.0,0.0,1,3
18771,2,4.0,1.4142135623730951,1,2
18774,2,3.5,0.7071067811865476,2,3
18777,1,4.0,0.0,1,2
18778,1,5.0,0.0,1,2
18783,1,3.0,0.0,1,2
18785,1,4.0,0.0,1,3
18786,1,2.0,0.0,1,3
18788,1,4.0,0.0,1,3
18793,1,5.0,0.0,1,2
18794,1,5.0,0.0,1,2
18796,1,4.0,0.0,1,2
18797,1,3.0,0.0,1,2
18798,1,4.0,0.0,1,3
18799,1,5.0,0.0,1,2
18807,1,5.0,0.0,1,2
18808,5,4.8,0.44721359549995804,5,2
18810,2,4.5,0.7071067811865476,2,2
18812,3,5.0,0.0,3,4
18813,1,4.0,0.0,1,3
18816,1,3.0,0.0,1,2
18818,1,4.0,0.0,1,3
18822,1,3.0,0.0,1,3
18825,4,4.0,0.816496580927726,4,5
18837,1,5.0,0.0,1,4
18838,1,4.0,0.0,1,2
18840,1,4.0,0.0,1,2
18841,1,4.0,0.0,1,2
18846,1,3.0,0.0,1,3
18853,1,5.0,0.0,1,3
18857,1,5.0,0.0,1,3
18858,2,5.0,0.0,2,2
18863,2,3.5,0.7071067811865476,2,5
18868,1,3.0,0.0,1,2
18870,1,5.0,0.0,1,3
18874,1,5.0,0.0,1,3
18877,1,4.0,0.0,1,2
18879,4,3.25,0.5,4,4
18884,1,4.0,0.0,1,2
18885,1,4.0,0.0,1,2
18887,1,5.0,0.0,1,2
18890,1,4.0,0.0,1,4
18892,1,4.0,0.0,1,2
18897,1,5.0,0.0,1,5
18899,1,5.0,0.0,1,2
18902,1,5.0,0.0,1,4
18903,2,3.5,0.7071067811865476,2,4
18905,4,4.75,0.5,3,2
18909,2,3.5,0.7071067811865476,2,2
18919,1,1.0,0.0,1,4
18927,3,3.3333333333333335,1.1547005383792517,3,4
18928,1,3.0,0.0,1,4
18931,1,5.0,0.0,1,3
18935,1,5.0,0.0,1,2
18940,1,4.0,0.0,1,3
18942,1,4.0,0.0,1,2
18946,4,4.75,0.4999999999999999,1,2
18948,1,3.0,0.0,1,4
18950,1,4.0,0.0,1,3
18954,1,4.0,0.0,1,4
18956,1,5.0,0.0,1,2
18957,1,5.0,0.0,1,4
18963,1,5.0,0.0,1,4
18969,2,3.0,0.0,2,2
18978,2,4.0,1.4142135623730951,2,4
18983,1,4.0,0.0,1,2
18984,1,2.0,0.0,1,3
18988,1,4.0,0.0,1,2
18997,3,4.333333333333333,0.5773502691896257,3,4
18999,1,2.0,0.0,1,4
19000,1,4.0,0.0,1,2
19002,1,3.0,0.0,1,3
19004,1,3.0,0.0,1,3
19005,1,5.0,0.0,1,3
19007,1,5.0,0.0,1,2
19011,1,5.0,0.0,1,2
19013,2,4.0,0.0,2,2
19017,1,5.0,0.0,1,4
19019,1,3.0,0.0,1,4
19021,1,5.0,0.0,1,2
19023,1,4.0,0.0,1,3
19025,1,4.0,0.0,1,4
19030,2,3.0,0.0,1,4
19031,1,5.0,0.0,1,3
19034,1,5.0,0.0,1,3
19036,2,5.0,0.0,1,3
19039,1,4.0,0.0,1,3
19040,1,1.0,0.0,1,4
19045,1,5.0,0.0,1,3
19046,1,3.0,0.0,1,3
19055,1,5.0,0.0,1,2
19059,1,5.0,0.0,1,2
19063,1,5.0,0.0,1,3
19072,2,5.0,0.0,2,2
19073,1,4.0,0.0,1,3
19076,3,2.3333333333333335,1.1547005383792517,3,2
19078,1,5.0,0.0,1,2
19079,1,5.0,0.0,1,2
19080,1,4.0,0.0,1,3
19081,4,3.5,0.5773502691896257,3,5
19082,1,5.0,0.0,1,5
19083,2,4.5,0.7071067811865476,2,3
19084,1,5.0,0.0,1,2
19085,1,4.0,0.0,1,4
19088,1,5.0,0.0,1,4
19091,1,4.0,0.0,1,2
19092,1,4.0,0.0,1,2
19094,1,5.0,0.0,1,4
19095,1,5.0,0.0,1,2
19096,1,4.0,0.0,1,4
19098,1,3.0,0.0,1,5
19099,1,4.0,0.0,1,4
19104,1,4.0,0.0,1,2
19111,2,4.5,0.7071067811865476,2,2
19113,1,4.0,0.0,1,5
19116,3,4.333333333333333,0.5773502691896258,3,4
19117,1,3.0,0.0,1,4
19118,1,1.0,0.0,1,2
19121,1,4.0,0.0,1,2
19124,1,4.0,0.0,1,3
19135,1,5.0,0.0,1,2
19136,3,4.0,0.0,3,3
19138,1,5.0,0.0,1,2
19146,1,3.0,0.0,1,4
19149,1,5.0,0.0,1,2
19150,1,3.0,0.0,1,2
19151,1,1.0,0.0,1,3
19156,2,5.0,0.0,2,4
19157,1,3.0,0.0,1,2
19159,1,5.0,0.0,1,2
19164,1,5.0,0.0,1,2
19166,1,5.0,0.0,1,3
19171,1,5.0,0.0,1,2
19175,1,3.0,0.0,1,2
19181,1,5.0,0.0,1,2
19183,1,4.0,0.0,1,3
19189,1,4.0,0.0,1,5
19190,1,5.0,0.0,1,4
19194,3,4.666666666666667,0.5773502691896257,3,3
19200,3,5.0,0.0,2,2
19206,4,4.0,0.8164965809277259,3,5
19207,1,4.0,0.0,1,5
19208,1,5.0,0.0,1,2
19209,1,4.0,0.0,1,3
19210,2,4.5,0.7071067811865476,2,4
19214,1,4.0,0.0,1,3
19215,2,4.5,0.7071067811865476,2,2
19218,1,5.0,0.0,1,2
19219,1,4.0,0.0,1,3
19220,1,4.0,0.0,1,2
19221,2,4.5,0.7071067811865476,2,3
19222,2,4.0,0.0,2,2
19228,1,4.0,0.0,1,2
19229,1,4.0,0.0,1,2
19237,6,3.6666666666666665,1.505545305418162,3,3
19239,2,5.0,0.0,1,2
19241,1,5.0,0.0,1,3
19245,1,5.0,0.0,1,2
19247,1,3.0,0.0,1,3
19253,1,5.0,0.0,1,4
19255,1,5.0,0.0,1,2
19256,1,4.0,0.0,1,4
19258,1,5.0,0.0,1,2
19260,1,4.0,0.0,1,2
19262,1,4.0,0.0,1,5
19263,1,5.0,0.0,1,2
19264,1,5.0,0.0,1,4
19266,1,5.0,0.0,1,4
19271,1,3.0,0.0,1,3
19279,1,5.0,0.0,1,5
19281,1,5.0,0.0,1,4
19284,1,4.0,0.0,1,3
19285,1,4.0,0.0,1,2
19289,2,4.5,0.7071067811865476,2,2
19291,5,4.8,0.4472135954999579,5,2
19293,1,5.0,0.0,1,2
19294,1,5.0,0.0,1,4
19297,1,5.0,0.0,1,4
19299,1,4.0,0.0,1,4
19302,1,4.0,0.0,1,5
19304,2,4.5,0.7071067811865476,2,3
19309,2,5.0,0.0,2,3
19310,1,5.0,0.0,1,3
19313,1,1.0,0.0,1,2
19315,5,3.4,0.5477225575051661,4,3
19316,1,4.0,0.0,1,2
19321,1,3.0,0.0,1,4
19329,1,4.0,0.0,1,3
19332,1,4.0,0.0,1,3
19341,1,5.0,0.0,1,3
19345,1,4.0,0.0,1,2
19350,2,3.5,0.7071067811865476,2,2
19353,1,5.0,0.0,1,3
19357,1,4.0,0.0,1,2
19359,1,4.0,0.0,1,2
19367,1,4.0,0.0,1,3
19368,1,5.0,0.0,1,2
19372,1,5.0,0.0,1,3
19374,2,4.0,0.0,2,3
19378,1,5.0,0.0,1,2
19379,1,5.0,0.0,1,3
19381,1,4.0,0.0,1,3
19383,1,3.0,0.0,1,3
19384,1,5.0,0.0,1,5
19388,1,5.0,0.0,1,4
19389,1,5.0,0.0,1,2
19395,4,4.75,0.4999999999999999,3,3
19406,1,4.0,0.0,1,2
19407,2,3.0,0.0,2,2
19414,1,5.0,0.0,1,1
19417,1,5.0,0.0,1,4
19418,1,3.0,0.0,1,3
19423,1,4.0,0.0,1,2
19424,2,4.0,0.0,2,4
19425,1,4.0,0.0,1,3
19428,1,5.0,0.0,1,2
19429,2,4.5,0.7071067811865476,2,2
19430,1,4.0,0.0,1,3
19431,1,5.0,0.0,1,3
19432,1,5.0,0.0,1,3
19434,2,4.0,0.0,2,2
19438,1,5.0,0.0,1,2
19453,2,4.0,0.0,2,2
19454,1,5.0,0.0,1,2
19456,1,5.0,0.0,1,2
19458,1,3.0,0.0,1,2
19460,1,3.0,0.0,1,4
19463,2,4.5,0.7071067811865476,2,2
19466,3,4.666666666666667,0.5773502691896257,2,2
19467,2,4.0,0.0,2,2
19470,1,3.0,0.0,1,2
19471,1,4.0,0.0,1,3
19474,1,5.0,0.0,1,3
19479,1,5.0,0.0,1,2
19480,2,2.5,2.1213203435596424,2,2
19482,1,5.0,0.0,1,4
19488,2,4.0,0.0,2,2
19494,1,4.0,0.0,1,3
19499,1,5.0,0.0,1,4
19501,2,4.5,0.7071067811865476,2,3
19502,1,5.0,0.0,1,2
19504,2,5.0,0.0,2,1
19507,1,4.0,0.0,1,3
19508,1,5.0,0.0,1,2
19509,1,3.0,0.0,1,3
19510,1,4.0,0.0,1,2
19513,1,5.0,0.0,1,5
19517,1,5.0,0.0,1,3
19520,1,4.0,0.0,1,4
19521,2,4.5,0.7071067811865476,2,3
19524,1,5.0,0.0,1,3
19526,1,5.0,0.0,1,2
19527,1,4.0,0.0,1,2
19531,1,3.0,0.0,1,2
19535,1,4.0,0.0,1,2
19536,3,3.6666666666666665,1.1547005383792515,3,4
19538,1,5.0,0.0,1,2
19540,1,5.0,0.0,1,3
19547,1,5.0,0.0,1,3
19551,1,5.0,0.0,1,2
19553,2,3.5,0.7071067811865476,1,5
19555,1,5.0,0.0,1,4
19557,2,3.5,0.7071067811865476,2,2
19561,1,2.0,0.0,1,2
19562,1,5.0,0.0,1,3
19564,1,1.0,0.0,1,2
19567,1,4.0,0.0,1,2
19572,1,4.0,0.0,1,4
19574,1,4.0,0.0,1,3
19576,1,3.0,0.0,1,4
19577,1,3.0,0.0,1,2
19581,1,5.0,0.0,1,4
19585,2,2.5,0.7071067811865476,2,2
19587,2,4.5,0.7071067811865476,2,2
19592,1,4.0,0.0,1,1
19595,1,4.0,0.0,1,2
19596,1,2.0,0.0,1,2
19598,1,5.0,0.0,1,3
19605,1,5.0,0.0,1,5
19608,1,4.0,0.0,1,2
19609,2,5.0,0.0,1,3
19610,1,5.0,0.0,1,2
19612,1,5.0,0.0,1,2
19615,1,5.0,0.0,1,4
19618,1,5.0,0.0,1,2
19621,2,5.0,0.0,1,1
19625,1,5.0,0.0,1,2
19628,2,3.5,0.7071067811865476,2,2
19632,1,5.0,0.0,1,4
19633,1,5.0,0.0,1,3
19635,1,5.0,0.0,1,3
19636,4,4.0,0.8164965809277259,4,2
19643,1,5.0,0.0,1,2
19649,1,4.0,0.0,1,3
19654,2,4.5,0.7071067811865476,2,2
19657,1,4.0,0.0,1,4
19658,1,3.0,0.0,1,3
19662,1,5.0,0.0,1,2
19666,1,4.0,0.0,1,2
19667,1,5.0,0.0,1,4
19668,1,5.0,0.0,1,3
19669,1,2.0,0.0,1,3
19670,1,4.0,0.0,1,2
19671,1,3.0,0.0,1,2
19673,1,4.0,0.0,1,4
19675,2,4.0,0.0,2,3
19676,1,4.0,0.0,1,4
19679,1,5.0,0.0,1,4
19680,2,3.5,0.7071067811865476,2,4
19681,1,3.0,0.0,1,3
19682,1,3.0,0.0,1,3
19683,2,3.5,0.7071067811865476,2,4
19687,1,5.0,0.0,1,4
19689,3,4.0,0.0,2,4
19694,2,4.5,0.7071067811865476,2,3
19700,2,3.0,2.8284271247461903,2,2
19701,7,4.571428571428571,0.7867957924694431,4,3
19702,2,4.0,0.0,2,2
19707,1,4.0,0.0,1,2
19709,3,4.0,1.7320508075688772,3,4
19714,1,5.0,0.0,1,2
19722,1,3.0,0.0,1,2
19724,1,2.0,0.0,1,3
19727,2,4.0,1.4142135623730951,2,2
19728,1,5.0,0.0,1,5
19730,1,4.0,0.0,1,4
19739,1,5.0,0.0,1,3
19748,2,3.5,0.7071067811865476,2,3
19750,1,5.0,0.0,1,3
19754,1,4.0,0.0,1,4
19755,1,5.0,0.0,1,2
19757,1,5.0,0.0,1,2
19763,2,4.0,1.4142135623730951,2,2
19765,2,3.5,0.7071067811865476,2,2
19766,1,5.0,0.0,1,2
19771,1,4.0,0.0,1,3
19774,1,3.0,0.0,1,2
19778,1,2.0,0.0,1,3
19781,1,5.0,0.0,1,4
19782,1,4.0,0.0,1,3
19784,1,5.0,0.0,1,3
19785,1,4.0,0.0,1,3
19788,1,5.0,0.0,1,4
19789,1,5.0,0.0,1,2
19791,2,5.0,0.0,2,2
19792,1,4.0,0.0,1,3
19795,2,4.0,0.0,2,2
19810,1,5.0,0.0,1,4
19811,2,3.5,0.7071067811865476,2,3
19813,3,4.333333333333333,0.5773502691896257,2,3
19815,1,2.0,0.0,1,5
19820,1,4.0,0.0,1,2
19821,1,4.0,0.0,1,3
19822,1,5.0,0.0,1,3
19823,1,5.0,0.0,1,2
19825,2,3.5,0.7071067811865476,1,3
19828,1,4.0,0.0,1,4
19829,2,4.5,0.7071067811865476,2,3
19837,1,4.0,0.0,1,2
19838,2,5.0,0.0,2,2
19843,1,4.0,0.0,1,3
19844,4,3.5,0.5773502691896257,3,2
19845,2,4.0,0.0,2,3
19848,6,4.166666666666667,0.9831920802501751,5,2
19852,1,4.0,0.0,1,2
19857,1,5.0,0.0,1,2
19858,3,3.6666666666666665,1.5275252316519468,3,2
19860,1,5.0,0.0,1,2
19862,1,4.0,0.0,1,3
19863,2,4.5,0.7071067811865476,2,3
19866,1,4.0,0.0,1,3
19869,1,4.0,0.0,1,3
19871,2,4.0,0.0,2,2
19873,1,5.0,0.0,1,2
19877,2,4.0,0.0,2,5
19879,1,5.0,0.0,1,2
19880,1,5.0,0.0,1,3
19882,1,4.0,0.0,1,2
19883,1,4.0,0.0,1,3
19884,1,4.0,0.0,1,2
19887,1,4.0,0.0,1,2
19888,1,5.0,0.0,1,3
19891,1,5.0,0.0,1,4
19892,1,4.0,0.0,1,4
19894,1,5.0,0.0,1,4
19896,2,4.5,0.7071067811865476,2,3
19899,1,4.0,0.0,1,3
19901,1,4.0,0.0,1,2
19902,1,3.0,0.0,1,2
19907,1,1.0,0.0,1,3
19908,1,5.0,0.0,1,4
19909,3,5.0,0.0,2,2
19914,2,4.0,1.4142135623730951,2,5
19917,1,4.0,0.0,1,2
19919,1,4.0,0.0,1,2
19920,1,4.0,0.0,1,4
19921,1,5.0,0.0,1,3
19924,1,4.0,0.0,1,4
19929,2,4.5,0.7071067811865476,2,3
19932,6,4.833333333333333,0.40824829046386296,4,4
19933,1,3.0,0.0,1,2
19934,1,4.0,0.0,1,3
19936,4,4.5,0.5773502691896258,4,2
19939,2,5.0,0.0,1,2
19942,1,4.0,0.0,1,4
19944,1,1.0,0.0,1,2
19945,3,4.666666666666667,0.5773502691896258,3,2
19947,1,5.0,0.0,1,2
19948,4,5.0,0.0,3,2
19949,3,3.0,0.0,2,4
19952,1,5.0,0.0,1,2
19958,1,5.0,0.0,1,2
19961,5,4.0,1.0,3,2
19972,1,4.0,0.0,1,3
19976,1,5.0,0.0,1,3
19978,3,3.6666666666666665,0.5773502691896257,3,3
19981,1,4.0,0.0,1,2
19983,1,5.0,0.0,1,3
19986,1,5.0,0.0,1,3
19987,2,3.0,2.8284271247461903,2,3
19988,1,5.0,0.0,1,4
19993,1,5.0,0.0,1,5
19997,1,4.0,0.0,1,2
19999,1,5.0,0.0,1,2
20000,1,3.0,0.0,1,3
20001,1,4.0,0.0,1,2
20006,1,4.0,0.0,1,2
20007,1,5.0,0.0,1,2
20008,1,3.0,0.0,1,5
20010,2,5.0,0.0,2,4
20012,1,4.0,0.0,1,5
20015,1,4.0,0.0,1,3
20017,1,5.0,0.0,1,5
20018,1,3.0,0.0,1,2
20019,1,2.0,0.0,1,4
20020,1,3.0,0.0,1,2
20023,1,5.0,0.0,1,3
20024,1,5.0,0.0,1,3
20026,2,4.0,0.0,2,4
20029,1,5.0,0.0,1,2
20030,1,4.0,0.0,1,3
20032,1,4.0,0.0,1,2
20035,1,4.0,0.0,1,2
20037,2,5.0,0.0,2,3
20043,3,3.3333333333333335,0.5773502691896258,3,3
20047,1,3.0,0.0,1,5
20049,1,4.0,0.0,1,4
20050,1,3.0,0.0,1,2
20051,3,4.333333333333333,0.5773502691896257,3,2
20053,1,2.0,0.0,1,3
20054,3,2.3333333333333335,0.5773502691896257,1,3
20055,1,3.0,0.0,1,2
20056,1,4.0,0.0,1,2
20057,1,5.0,0.0,1,5
20058,1,1.0,0.0,1,4
20061,2,4.0,1.4142135623730951,2,2
20063,1,3.0,0.0,1,5
20064,1,5.0,0.0,1,2
20065,1,5.0,0.0,1,2
20071,1,4.0,0.0,1,4
20072,2,3.0,1.4142135623730951,2,2
20075,1,4.0,0.0,1,2
20076,1,3.0,0.0,1,2
20077,1,5.0,0.0,1,2
20080,1,3.0,0.0,1,3
20081,1,5.0,0.0,1,3
20082,2,5.0,0.0,2,2
20084,5,4.4,0.8944271909999159,3,3
20088,1,5.0,0.0,1,2
20092,1,4.0,0.0,1,3
20094,1,3.0,0.0,1,4
20096,1,2.0,0.0,1,2
20097,1,5.0,0.0,1,2
20098,1,4.0,0.0,1,4
20100,2,3.5,0.7071067811865476,2,2
20101,7,4.714285714285714,0.4879500364742666,4,3
20108,1,5.0,0.0,1,4
20109,1,5.0,0.0,1,4
20112,1,5.0,0.0,1,1
20114,1,4.0,0.0,1,2
20118,3,4.333333333333333,0.5773502691896257,3,2
20119,1,5.0,0.0,1,2
20123,2,5.0,0.0,2,2
20130,1,4.0,0.0,1,2
20135,1,5.0,0.0,1,2
20145,2,3.5,0.7071067811865476,2,5
20153,1,3.0,0.0,1,2
20155,1,3.0,0.0,1,2
20157,2,4.0,1.4142135623730951,2,2
20164,1,5.0,0.0,1,2
20166,1,5.0,0.0,1,3
20171,1,4.0,0.0,1,4
20173,1,3.0,0.0,1,2
20175,1,4.0,0.0,1,5
20176,1,1.0,0.0,1,2
20178,1,5.0,0.0,1,3
20180,1,4.0,0.0,1,2
20183,1,5.0,0.0,1,4
20184,3,4.333333333333333,0.5773502691896257,3,2
20186,2,4.0,0.0,2,2
20191,1,5.0,0.0,1,2
20192,1,4.0,0.0,1,2
20199,4,4.75,0.4999999999999999,4,4
20200,1,5.0,0.0,1,3
20201,1,3.0,0.0,1,3
20204,2,3.0,2.8284271247461903,2,2
20210,2,3.5,0.7071067811865476,2,5
20211,1,5.0,0.0,1,4
20212,1,5.0,0.0,1,3
20213,1,5.0,0.0,1,4
20214,1,4.0,0.0,1,3
20217,1,5.0,0.0,1,3
20218,2,4.5,0.7071067811865476,2,2
20220,1,3.0,0.0,1,2
20222,2,4.0,1.4142135623730951,2,2
20223,1,3.0,0.0,1,2
20233,1,3.0,0.0,1,4
20234,1,3.0,0.0,1,4
20235,3,3.0,1.0,3,2
20238,2,4.5,0.7071067811865476,2,4
20239,2,3.0,0.0,2,2
20242,2,5.0,0.0,2,5
20249,1,5.0,0.0,1,2
20253,5,4.4,0.5477225575051661,3,3
20256,1,4.0,0.0,1,5
20258,6,4.5,0.8366600265340753,4,2
20259,1,4.0,0.0,1,2
20260,1,4.0,0.0,1,4
20262,1,5.0,0.0,1,2
20265,1,5.0,0.0,1,4
20269,1,4.0,0.0,1,2
20272,1,5.0,0.0,1,3
20276,1,5.0,0.0,1,4
20278,6,3.1666666666666665,1.1690451944500122,3,2
20283,1,5.0,0.0,1,5
20284,1,4.0,0.0,1,3
20288,1,4.0,0.0,1,2
20300,1,5.0,0.0,1,2
20302,1,5.0,0.0,1,3
20303,1,5.0,0.0,1,2
20305,1,4.0,0.0,1,4
20308,1,5.0,0.0,1,4
20313,2,5.0,0.0,2,3
20315,3,5.0,0.0,2,3
20317,2,5.0,0.0,2,2
20320,1,4.0,0.0,1,3
20321,2,5.0,0.0,2,2
20323,1,4.0,0.0,1,2
20324,4,3.75,0.49999999999999994,3,5
20327,1,4.0,0.0,1,4
20329,1,4.0,0.0,1,5
20332,1,5.0,0.0,1,2
20333,1,4.0,0.0,1,2
20335,1,4.0,0.0,1,3
20337,1,5.0,0.0,1,4
20342,2,5.0,0.0,2,3
20343,1,4.0,0.0,1,4
20345,1,5.0,0.0,1,2
20349,1,5.0,0.0,1,2
20350,1,4.0,0.0,1,2
20353,1,5.0,0.0,1,2
20355,1,1.0,0.0,1,3
20356,1,4.0,0.0,1,4
20357,1,5.0,0.0,1,2
20361,1,5.0,0.0,1,2
20362,2,3.5,2.1213203435596424,1,2
20363,1,5.0,0.0,1,4
20366,1,3.0,0.0,1,2
20367,1,5.0,0.0,1,2
20370,2,3.5,0.7071067811865476,2,3
20372,1,5.0,0.0,1,2
20375,1,4.0,0.0,1,4
20380,1,2.0,0.0,1,2
20385,3,4.333333333333333,1.1547005383792517,3,2
20386,2,3.0,2.8284271247461903,1,2
20397,1,5.0,0.0,1,2
20399,1,4.0,0.0,1,3
20400,1,5.0,0.0,1,1
20405,1,5.0,0.0,1,3
20406,1,5.0,0.0,1,3
20413,2,4.5,0.7071067811865476,2,2
20415,1,5.0,0.0,1,3
20416,1,4.0,0.0,1,3
20420,1,5.0,0.0,1,2
20428,1,5.0,0.0,1,3
20431,1,5.0,0.0,1,2
20445,1,2.0,0.0,1,3
20446,2,4.0,0.0,2,3
20449,1,5.0,0.0,1,2
20451,3,4.0,1.0,3,3
20457,2,3.5,0.7071067811865476,2,2
20458,1,5.0,0.0,1,3
20460,1,4.0,0.0,1,3
20465,1,4.0,0.0,1,4
20466,2,4.0,1.4142135623730951,2,3
20472,2,2.0,0.0,2,3
20475,2,5.0,0.0,2,3
20477,1,4.0,0.0,1,3
20480,2,5.0,0.0,2,2
20482,1,4.0,0.0,1,3
20484,2,4.5,0.7071067811865476,2,2
20485,1,4.0,0.0,1,2
20489,1,4.0,0.0,1,2
20490,1,5.0,0.0,1,4
20491,1,5.0,0.0,1,2
20496,3,4.666666666666667,0.5773502691896257,2,4
20497,1,5.0,0.0,1,4
20502,5,4.8,0.44721359549995787,3,3
20503,2,4.5,0.7071067811865476,2,2
20504,12,4.416666666666667,0.5149286505444373,7,2
20514,1,4.0,0.0,1,3
20523,1,4.0,0.0,1,3
20529,1,4.0,0.0,1,4
20532,4,4.25,1.5,4,5
20533,1,5.0,0.0,1,5
20538,1,5.0,0.0,1,5
20543,1,4.0,0.0,1,3
20549,1,5.0,0.0,1,2
20550,2,3.5,0.7071067811865476,2,2
20551,4,5.0,0.0,4,3
20552,1,5.0,0.0,1,2
20553,1,4.0,0.0,1,4
20554,1,4.0,0.0,1,2
20555,1,5.0,0.0,1,2
20556,1,4.0,0.0,1,4
20558,1,5.0,0.0,1,2
20567,1,4.0,0.0,1,2
20568,2,2.0,1.4142135623730951,2,3
20569,1,4.0,0.0,1,2
20574,1,1.0,0.0,1,2
20575,1,5.0,0.0,1,3
20577,1,4.0,0.0,1,3
20583,1,5.0,0.0,1,4
20586,1,5.0,0.0,1,3
20588,1,1.0,0.0,1,2
20592,1,4.0,0.0,1,3
20593,1,5.0,0.0,1,2
20594,1,5.0,0.0,1,2
20595,1,5.0,0.0,1,3
20596,1,5.0,0.0,1,3
20600,1,2.0,0.0,1,2
20601,1,3.0,0.0,1,3
20602,1,5.0,0.0,1,2
20607,1,4.0,0.0,1,4
20608,2,3.0,2.8284271247461903,2,2
20615,1,5.0,0.0,1,4
20616,1,4.0,0.0,1,3
20617,1,4.0,0.0,1,5
20618,1,4.0,0.0,1,5
20626,2,3.5,2.1213203435596424,2,2
20627,3,3.3333333333333335,0.5773502691896258,3,3
20631,1,5.0,0.0,1,2
20632,1,5.0,0.0,1,3
20639,2,3.0,1.4142135623730951,2,3
20641,1,5.0,0.0,1,3
20642,1,5.0,0.0,1,3
20643,1,4.0,0.0,1,3
20645,1,4.0,0.0,1,3
20646,2,4.0,1.4142135623730951,2,3
20649,2,3.0,2.8284271247461903,2,3
20650,4,4.25,0.4999999999999999,2,3
20652,1,5.0,0.0,1,4
20654,1,4.0,0.0,1,3
20655,5,4.4,0.5477225575051662,3,4
20657,1,3.0,0.0,1,2
20661,1,5.0,0.0,1,2
20662,2,3.5,0.7071067811865476,1,4
20663,1,5.0,0.0,1,4
20665,1,4.0,0.0,1,3
20666,2,5.0,0.0,1,2
20671,2,4.5,0.7071067811865476,1,2
20674,2,4.5,0.7071067811865476,2,4
20675,1,5.0,0.0,1,3
20677,1,4.0,0.0,1,4
20678,1,5.0,0.0,1,4
20680,3,3.6666666666666665,0.5773502691896257,2,4
20685,2,3.0,0.0,2,3
20688,5,4.0,1.0,5,2
20693,1,5.0,0.0,1,2
20694,2,1.5,0.7071067811865476,2,3
20695,1,4.0,0.0,1,3
20696,1,5.0,0.0,1,4
20705,1,5.0,0.0,1,2
20706,1,5.0,0.0,1,3
20709,1,5.0,0.0,1,2
20710,4,4.5,0.5773502691896257,3,3
20711,2,2.5,2.1213203435596424,2,2
20712,2,5.0,0.0,1,2
20713,8,4.125,0.640869944461656,5,4
20716,2,4.0,0.0,2,3
20722,2,4.5,0.7071067811865476,2,2
20725,1,3.0,0.0,1,3
20727,1,5.0,0.0,1,2
20728,1,3.0,0.0,1,5
20730,2,4.5,0.7071067811865476,2,2
20731,1,3.0,0.0,1,2
20734,1,5.0,0.0,1,2
20739,1,3.0,0.0,1,2
20743,2,5.0,0.0,2,2
20746,1,5.0,0.0,1,3
20750,1,5.0,0.0,1,5
20761,1,3.0,0.0,1,2
20762,4,4.25,0.5,4,2
20769,7,4.142857142857143,0.6900655593423541,1,4
20770,1,3.0,0.0,1,4
20771,1,3.0,0.0,1,4
20775,1,3.0,0.0,1,4
20776,1,5.0,0.0,1,4
20777,1,3.0,0.0,1,2
20778,1,5.0,0.0,1,5
20779,1,5.0,0.0,1,2
20781,1,4.0,0.0,1,1
20784,1,5.0,0.0,1,4
20785,2,4.0,0.0,1,3
20790,1,5.0,0.0,1,5
20795,1,5.0,0.0,1,2
20798,3,4.333333333333333,0.5773502691896257,3,3
20799,1,5.0,0.0,1,3
20802,1,4.0,0.0,1,4
20810,1,5.0,0.0,1,3
20814,1,4.0,0.0,1,2
20817,1,5.0,0.0,1,4
20821,1,4.0,0.0,1,3
20824,1,4.0,0.0,1,2
20826,2,3.0,0.0,2,4
20827,1,5.0,0.0,1,4
20833,1,4.0,0.0,1,3
20841,3,5.0,0.0,2,2
20848,1,4.0,0.0,1,3
20851,1,5.0,0.0,1,2
20852,1,3.0,0.0,1,2
20863,2,3.5,0.7071067811865476,2,2
20864,1,4.0,0.0,1,5
20867,1,5.0,0.0,1,3
20870,1,4.0,0.0,1,4
20871,1,5.0,0.0,1,3
20873,3,4.0,1.0,1,3
20875,1,5.0,0.0,1,5
20879,1,5.0,0.0,1,5
20882,1,5.0,0.0,1,3
20887,2,4.0,1.4142135623730951,1,3
20889,1,5.0,0.0,1,2
20892,1,5.0,0.0,1,2
20894,1,3.0,0.0,1,2
20898,1,5.0,0.0,1,5
20899,1,5.0,0.0,1,3
20902,1,3.0,0.0,1,2
20904,2,4.5,0.7071067811865476,2,2
20906,2,4.0,1.4142135623730951,2,2
20907,3,4.0,1.0,3,4
20909,1,4.0,0.0,1,2
20911,1,4.0,0.0,1,3
20916,1,5.0,0.0,1,2
20917,1,4.0,0.0,1,3
20918,1,3.0,0.0,1,2
20920,1,5.0,0.0,1,2
20921,1,3.0,0.0,1,2
20924,1,2.0,0.0,1,2
20925,1,3.0,0.0,1,2
20927,1,5.0,0.0,1,3
20930,1,5.0,0.0,1,2
20935,2,3.0,0.0,2,2
20940,2,5.0,0.0,2,3
20945,1,5.0,0.0,1,2
20946,2,5.0,0.0,2,2
20948,1,5.0,0.0,1,2
20949,3,4.666666666666667,0.5773502691896258,3,3
20952,2,5.0,0.0,1,3
20954,1,4.0,0.0,1,4
20957,1,4.0,0.0,1,2
20960,1,5.0,0.0,1,5
20961,1,5.0,0.0,1,4
20962,1,5.0,0.0,1,4
20965,1,5.0,0.0,1,3
20970,1,5.0,0.0,1,4
20973,1,4.0,0.0,1,3
20974,1,5.0,0.0,1,2
20977,1,5.0,0.0,1,4
20986,1,4.0,0.0,1,2
20987,1,5.0,0.0,1,3
20990,2,5.0,0.0,2,2
20993,1,5.0,0.0,1,4
20996,1,4.0,0.0,1,2
20999,4,3.75,0.5,3,4
21002,1,4.0,0.0,1,5
21007,1,4.0,0.0,1,2
21009,1,4.0,0.0,1,4
21011,2,3.0,0.0,2,2
21012,1,5.0,0.0,1,2
21014,1,2.0,0.0,1,3
21015,1,3.0,0.0,1,4
21018,2,3.5,0.7071067811865476,2,3
21021,1,5.0,0.0,1,3
21028,1,5.0,0.0,1,2
21032,2,5.0,0.0,2,2
21038,1,5.0,0.0,1,1
21040,2,3.5,0.7071067811865476,2,2
21042,1,4.0,0.0,1,2
21043,2,4.0,1.4142135623730951,2,3
21048,2,4.0,0.0,2,2
21052,2,4.0,0.0,2,3
21053,3,3.6666666666666665,0.5773502691896258,3,2
21056,1,1.0,0.0,1,2
21058,2,4.0,0.0,2,4
21059,1,5.0,0.0,1,3
21060,1,5.0,0.0,1,2
21064,1,5.0,0.0,1,2
21066,1,3.0,0.0,1,4
21067,2,3.5,0.7071067811865476,2,3
21068,1,5.0,0.0,1,5
21074,1,4.0,0.0,1,2
21076,3,3.0,1.0,3,2
21077,1,4.0,0.0,1,2
21078,1,4.0,0.0,1,2
21081,1,5.0,0.0,1,3
21082,1,3.0,0.0,1,2
21088,2,4.0,1.4142135623730951,2,5
21089,5,3.2,0.8366600265340756,5,3
21092,1,5.0,0.0,1,2
21093,1,4.0,0.0,1,2
21096,1,4.0,0.0,1,4
21097,1,5.0,0.0,1,4
21098,1,3.0,0.0,1,5
21099,4,4.5,0.5773502691896258,3,5
21101,1,4.0,0.0,1,2
21103,2,3.0,0.0,2,2
21106,1,3.0,0.0,1,2
21110,1,4.0,0.0,1,2
21112,1,3.0,0.0,1,2
21114,2,4.5,0.7071067811865476,2,2
21118,2,5.0,0.0,2,2
21119,1,3.0,0.0,1,3
21120,5,4.0,1.0,4,2
21121,2,4.5,0.7071067811865476,2,3
21122,1,4.0,0.0,1,2
21127,4,4.5,1.0,4,2
21128,8,3.875,0.6408699444616557,2,4
21129,1,3.0,0.0,1,3
21132,1,4.0,0.0,1,2
21134,2,4.0,0.0,2,2
21138,1,2.0,0.0,1,2
21139,1,3.0,0.0,1,2
21142,1,5.0,0.0,1,2
21143,1,4.0,0.0,1,3
21144,1,3.0,0.0,1,2
21145,1,5.0,0.0,1,2
21149,1,4.0,0.0,1,4
21150,1,3.0,0.0,1,2
21151,1,5.0,0.0,1,4
21156,1,4.0,0.0,1,5
21158,1,4.0,0.0,1,3
21168,1,4.0,0.0,1,2
21170,1,4.0,0.0,1,3
21171,1,5.0,0.0,1,4
21174,1,4.0,0.0,1,2
21176,1,5.0,0.0,1,3
21177,1,5.0,0.0,1,2
21180,3,4.0,1.0,3,2
21183,2,5.0,0.0,2,2
21184,2,5.0,0.0,2,4
21186,1,5.0,0.0,1,5
21187,1,3.0,0.0,1,2
21188,3,5.0,0.0,3,2
21191,2,4.0,1.4142135623730951,2,2
21192,1,4.0,0.0,1,4
21193,3,2.6666666666666665,1.1547005383792517,2,2
21194,1,5.0,0.0,1,4
21196,1,5.0,0.0,1,3
21199,1,5.0,0.0,1,5
21200,1,5.0,0.0,1,2
21202,1,5.0,0.0,1,5
21203,1,2.0,0.0,1,4
21204,1,5.0,0.0,1,3
21205,1,4.0,0.0,1,3
21206,3,4.666666666666667,0.5773502691896257,3,4
21207,2,3.0,0.0,2,4
21209,1,2.0,0.0,1,4
21211,1,4.0,0.0,1,5
21216,1,2.0,0.0,1,4
21217,2,3.5,0.7071067811865476,2,2
21219,1,5.0,0.0,1,3
21222,1,5.0,0.0,1,3
21225,1,5.0,0.0,1,5
21226,3,4.0,0.0,2,3
21228,1,4.0,0.0,1,2
21230,1,4.0,0.0,1,2
21231,1,5.0,0.0,1,2
21233,1,5.0,0.0,1,2
21235,2,4.0,1.4142135623730951,2,4
21236,1,5.0,0.0,1,2
21242,1,3.0,0.0,1,3
21246,1,5.0,0.0,1,4
21249,2,5.0,0.0,2,2
21252,1,5.0,0.0,1,2
21255,1,5.0,0.0,1,2
21256,1,5.0,0.0,1,2
21257,1,3.0,0.0,1,2
21258,1,2.0,0.0,1,4
21259,1,5.0,0.0,1,4
21266,2,4.0,0.0,2,2
21267,1,3.0,0.0,1,4
21273,3,4.0,1.0,3,2
21274,1,4.0,0.0,1,2
21275,2,4.0,0.0,2,2
21276,1,5.0,0.0,1,5
21280,1,4.0,0.0,1,2
21283,2,4.0,0.0,2,1
21286,2,4.5,0.7071067811865476,2,2
21290,1,5.0,0.0,1,2
21292,1,1.0,0.0,1,4
21293,2,4.0,1.4142135623730951,1,3
21294,2,5.0,0.0,1,3
21297,1,5.0,0.0,1,2
21300,2,3.5,2.1213203435596424,2,4
21303,1,5.0,0.0,1,2
21306,2,4.0,0.0,2,2
21307,1,5.0,0.0,1,4
21309,1,4.0,0.0,1,2
21324,1,4.0,0.0,1,2
21325,2,3.5,2.1213203435596424,2,2
21331,1,4.0,0.0,1,4
21333,1,4.0,0.0,1,5
21337,3,4.666666666666667,0.5773502691896257,3,2
21340,1,5.0,0.0,1,2
21342,1,5.0,0.0,1,3
21347,1,4.0,0.0,1,2
21357,1,3.0,0.0,1,3
21358,1,4.0,0.0,1,3
21359,1,5.0,0.0,1,2
21361,3,3.3333333333333335,2.0816659994661326,2,4
21365,1,5.0,0.0,1,4
21366,1,5.0,0.0,1,4
21368,1,5.0,0.0,1,3
21369,1,4.0,0.0,1,2
21372,1,5.0,0.0,1,2
21374,1,4.0,0.0,1,3
21375,1,5.0,0.0,1,3
21385,1,4.0,0.0,1,3
21387,3,4.333333333333333,1.1547005383792517,2,4
21388,1,5.0,0.0,1,2
21390,1,4.0,0.0,1,2
21394,1,5.0,0.0,1,3
21395,1,5.0,0.0,1,3
21397,1,3.0,0.0,1,3
21400,1,4.0,0.0,1,5
21401,1,5.0,0.0,1,5
21404,1,4.0,0.0,1,2
21405,2,4.5,0.7071067811865476,2,2
21406,1,4.0,0.0,1,2
21411,2,4.5,0.7071067811865476,2,4
21415,1,5.0,0.0,1,2
21419,1,4.0,0.0,1,5
21420,1,5.0,0.0,1,4
21422,2,3.5,0.7071067811865476,2,5
21423,1,4.0,0.0,1,3
21426,1,5.0,0.0,1,2
21427,1,4.0,0.0,1,4
21430,3,5.0,0.0,3,2
21433,2,3.5,0.7071067811865476,2,3
21434,2,4.0,0.0,2,3
21437,4,4.25,0.9574271077563382,3,2
21440,1,5.0,0.0,1,3
21442,1,5.0,0.0,1,2
21443,4,4.75,0.5,3,4
21445,1,5.0,0.0,1,2
21446,1,5.0,0.0,1,5
21447,1,4.0,0.0,1,4
21449,1,5.0,0.0,1,3
21450,2,5.0,0.0,1,3
21454,1,4.0,0.0,1,2
21456,1,5.0,0.0,1,5
21457,2,5.0,0.0,2,2
21459,1,4.0,0.0,1,4
21460,1,5.0,0.0,1,3
21461,1,5.0,0.0,1,2
21463,3,4.0,1.0,3,3
21465,1,5.0,0.0,1,2
21468,2,3.5,2.1213203435596424,2,2
21469,1,5.0,0.0,1,2
21474,1,4.0,0.0,1,2
21475,1,4.0,0.0,1,2
21477,1,3.0,0.0,1,3
21479,1,4.0,0.0,1,4
21480,1,5.0,0.0,1,3
21484,1,5.0,0.0,1,3
21486,1,2.0,0.0,1,5
21488,1,5.0,0.0,1,3
21490,3,4.333333333333333,1.1547005383792515,3,4
21492,1,4.0,0.0,1,4
21494,1,5.0,0.0,1,2
21499,1,5.0,0.0,1,3
21501,1,4.0,0.0,1,3
21503,1,1.0,0.0,1,3
21504,2,4.0,0.0,2,2
21505,2,4.5,0.7071067811865476,2,3
21506,1,3.0,0.0,1,3
21510,1,2.0,0.0,1,2
21513,1,3.0,0.0,1,2
21514,1,4.0,0.0,1,2
21516,1,5.0,0.0,1,3
21520,1,4.0,0.0,1,4
21522,1,4.0,0.0,1,2
21523,1,5.0,0.0,1,2
21524,1,4.0,0.0,1,3
21526,1,4.0,0.0,1,3
21527,1,5.0,0.0,1,2
21529,1,5.0,0.0,1,4
21532,2,4.0,0.0,1,2
21536,1,5.0,0.0,1,2
21537,1,4.0,0.0,1,3
21538,2,5.0,0.0,1,2
21539,1,5.0,0.0,1,3
21541,1,3.0,0.0,1,2
21543,1,1.0,0.0,1,2
21546,1,4.0,0.0,1,3
21552,1,4.0,0.0,1,3
21554,1,5.0,0.0,1,2
21559,1,3.0,0.0,1,2
21560,1,5.0,0.0,1,4
21562,3,3.6666666666666665,1.5275252316519468,2,3
21565,1,5.0,0.0,1,3
21567,1,4.0,0.0,1,3
21568,1,3.0,0.0,1,2
21569,1,3.0,0.0,1,2
21572,2,4.0,1.4142135623730951,2,3
21575,1,3.0,0.0,1,2
21577,1,5.0,0.0,1,2
21579,1,5.0,0.0,1,3
21586,1,4.0,0.0,1,2
21588,1,4.0,0.0,1,2
21589,2,5.0,0.0,2,2
21591,3,4.666666666666667,0.5773502691896258,3,3
21592,1,4.0,0.0,1,2
21593,1,1.0,0.0,1,4
21596,1,5.0,0.0,1,2
21599,2,5.0,0.0,2,1
21601,1,5.0,0.0,1,2
21604,2,4.5,0.7071067811865476,2,2
21606,1,3.0,0.0,1,3
21609,1,4.0,0.0,1,3
21611,1,5.0,0.0,1,4
21612,1,2.0,0.0,1,3
21614,2,5.0,0.0,2,3
21615,1,4.0,0.0,1,2
21616,1,4.0,0.0,1,3
21617,1,5.0,0.0,1,4
21621,1,5.0,0.0,1,3
21622,1,5.0,0.0,1,3
21626,1,5.0,0.0,1,5
21627,1,5.0,0.0,1,2
21628,1,1.0,0.0,1,3
21637,1,3.0,0.0,1,5
21639,1,4.0,0.0,1,4
21640,3,3.6666666666666665,0.5773502691896258,3,2
21642,1,5.0,0.0,1,4
21644,1,5.0,0.0,1,4
21645,1,4.0,0.0,1,2
21646,1,5.0,0.0,1,2
21647,1,4.0,0.0,1,4
21655,1,4.0,0.0,1,2
21663,1,5.0,0.0,1,2
21665,1,5.0,0.0,1,3
21668,1,5.0,0.0,1,3
21669,1,3.0,0.0,1,5
21673,1,4.0,0.0,1,4
21677,1,4.0,0.0,1,2
21680,2,5.0,0.0,2,2
21685,1,5.0,0.0,1,2
21687,1,4.0,0.0,1,4
21688,1,2.0,0.0,1,3
21689,1,5.0,0.0,1,2
21690,1,5.0,0.0,1,2
21691,1,4.0,0.0,1,2
21692,1,5.0,0.0,1,3
21694,1,5.0,0.0,1,2
21695,1,5.0,0.0,1,4
21697,2,5.0,0.0,2,3
21698,3,4.0,1.0,3,2
21699,2,3.0,2.8284271247461903,2,2
21705,2,4.5,0.7071067811865476,2,4
21713,1,5.0,0.0,1,3
21714,1,5.0,0.0,1,2
21720,1,4.0,0.0,1,2
21724,1,3.0,0.0,1,3
21727,1,5.0,0.0,1,4
21731,1,5.0,0.0,1,2
21732,1,4.0,0.0,1,3
21733,1,3.0,0.0,1,2
21736,1,5.0,0.0,1,3
21737,1,3.0,0.0,1,2
21743,1,5.0,0.0,1,3
21745,1,2.0,0.0,1,2
21746,1,5.0,0.0,1,3
21748,1,5.0,0.0,1,2
21749,1,4.0,0.0,1,3
21751,1,3.0,0.0,1,4
21756,3,5.0,0.0,3,2
21759,2,5.0,0.0,2,2
21760,1,4.0,0.0,1,3
21763,1,4.0,0.0,1,3
21764,2,4.5,0.7071067811865476,2,3
21770,2,4.0,1.4142135623730951,2,2
21771,1,4.0,0.0,1,4
21772,2,5.0,0.0,2,2
21773,1,4.0,0.0,1,4
21779,2,4.5,0.7071067811865476,2,3
21780,1,3.0,0.0,1,2
21781,1,3.0,0.0,1,2
21786,1,5.0,0.0,1,4
21795,2,4.0,0.0,2,4
21796,1,2.0,0.0,1,2
21800,1,5.0,0.0,1,2
21801,1,5.0,0.0,1,3
21803,1,4.0,0.0,1,5
21806,1,5.0,0.0,1,4
21808,1,5.0,0.0,1,2
21811,1,1.0,0.0,1,2
21812,1,5.0,0.0,1,3
21820,2,4.5,0.7071067811865476,2,3
21822,1,5.0,0.0,1,3
21826,1,3.0,0.0,1,2
21827,1,5.0,0.0,1,5
21829,1,5.0,0.0,1,2
21830,1,5.0,0.0,1,5
21833,1,5.0,0.0,1,3
21834,1,1.0,0.0,1,2
21836,1,2.0,0.0,1,2
21838,1,3.0,0.0,1,5
21839,2,3.5,2.1213203435596424,2,2
21841,1,5.0,0.0,1,4
21842,1,4.0,0.0,1,2
21843,2,5.0,0.0,2,2
21845,1,5.0,0.0,1,5
21847,2,3.5,2.1213203435596424,2,2
21850,1,3.0,0.0,1,5
21856,1,4.0,0.0,1,5
21857,1,5.0,0.0,1,2
21859,1,5.0,0.0,1,3
21861,1,5.0,0.0,1,3
21864,3,3.6666666666666665,0.5773502691896257,3,3
21867,1,5.0,0.0,1,3
21868,1,4.0,0.0,1,2
21871,1,5.0,0.0,1,3
21872,1,5.0,0.0,1,2
21874,1,4.0,0.0,1,4
21876,1,3.0,0.0,1,2
21877,2,5.0,0.0,1,3
21878,2,4.0,0.0,1,3
21879,1,5.0,0.0,1,2
21883,2,3.0,0.0,2,2
21885,1,3.0,0.0,1,3
21886,1,5.0,0.0,1,3
21887,1,5.0,0.0,1,2
21889,1,4.0,0.0,1,5
21895,1,5.0,0.0,1,2
21898,1,5.0,0.0,1,2
21899,1,5.0,0.0,1,4
21901,1,5.0,0.0,1,4
21902,2,5.0,0.0,1,3
21906,1,4.0,0.0,1,2
21907,2,5.0,0.0,2,5
21913,1,4.0,0.0,1,4
21916,1,3.0,0.0,1,2
21928,1,5.0,0.0,1,3
21930,1,2.0,0.0,1,4
21933,2,4.0,0.0,2,3
21934,2,4.5,0.7071067811865476,2,4
21936,1,4.0,0.0,1,2
21937,2,3.5,0.7071067811865476,2,2
21938,1,5.0,0.0,1,2
21940,1,5.0,0.0,1,2
21942,2,4.5,0.7071067811865476,2,2
21943,1,3.0,0.0,1,5
21946,1,5.0,0.0,1,3
21947,1,4.0,0.0,1,4
21948,1,4.0,0.0,1,3
21951,1,3.0,0.0,1,2
21954,1,5.0,0.0,1,2
21956,3,4.0,0.0,3,4
21959,1,3.0,0.0,1,2
21962,1,4.0,0.0,1,4
21963,1,3.0,0.0,1,4
21965,1,5.0,0.0,1,2
21966,1,3.0,0.0,1,2
21968,1,4.0,0.0,1,5
21970,2,5.0,0.0,2,3
21972,1,4.0,0.0,1,3
21976,2,4.0,0.0,2,2
21978,2,3.5,2.1213203435596424,2,2
21980,1,5.0,0.0,1,2
21981,1,4.0,0.0,1,3
21985,2,4.5,0.7071067811865476,2,2
21987,1,5.0,0.0,1,3
21988,1,4.0,0.0,1,4
21991,1,5.0,0.0,1,4
21995,1,3.0,0.0,1,4
21998,1,5.0,0.0,1,3
22000,2,4.0,0.0,2,4
22001,1,4.0,0.0,1,2
22003,1,4.0,0.0,1,2
22004,3,4.333333333333333,0.5773502691896258,3,2
22007,1,4.0,0.0,1,3
22018,1,4.0,0.0,1,3
22021,2,3.5,2.1213203435596424,2,2
22022,2,4.5,0.7071067811865476,2,4
22024,1,4.0,0.0,1,4
22025,1,4.0,0.0,1,2
22030,2,3.0,1.4142135623730951,2,2
22032,2,4.0,1.4142135623730951,2,2
22033,1,3.0,0.0,1,2
22034,2,4.5,0.7071067811865476,2,3
22035,2,3.0,0.0,2,2
22037,1,4.0,0.0,1,4
22041,1,3.0,0.0,1,4
22042,1,3.0,0.0,1,3
22046,1,3.0,0.0,1,4
22047,2,4.0,0.0,2,2
22048,1,5.0,0.0,1,4
22049,1,4.0,0.0,1,2
22050,1,5.0,0.0,1,3
22052,1,5.0,0.0,1,2
22054,2,4.5,0.7071067811865476,2,2
22059,1,4.0,0.0,1,3
22060,1,2.0,0.0,1,2
22064,1,5.0,0.0,1,4
22065,1,5.0,0.0,1,3
22068,1,4.0,0.0,1,2
22069,3,2.3333333333333335,0.5773502691896257,2,3
22070,3,3.3333333333333335,0.5773502691896257,2,3
22077,1,4.0,0.0,1,2
22080,1,4.0,0.0,1,3
22081,1,5.0,0.0,1,2
22082,1,4.0,0.0,1,4
22083,1,5.0,0.0,1,3
22087,1,4.0,0.0,1,4
22093,2,4.0,0.0,2,2
22095,1,5.0,0.0,1,2
22099,17,4.705882352941177,0.5878675320972555,9,3
22101,2,3.0,1.4142135623730951,2,3
22104,1,4.0,0.0,1,5
22106,1,5.0,0.0,1,2
22108,1,5.0,0.0,1,4
22111,1,1.0,0.0,1,2
22114,1,5.0,0.0,1,2
22115,3,4.666666666666667,0.5773502691896257,3,2
22116,1,5.0,0.0,1,2
22117,2,4.5,0.7071067811865476,2,3
22118,1,4.0,0.0,1,3
22125,1,3.0,0.0,1,2
22126,1,4.0,0.0,1,2
22128,1,4.0,0.0,1,2
22129,2,5.0,0.0,2,3
22134,1,4.0,0.0,1,2
22137,1,4.0,0.0,1,2
22140,1,3.0,0.0,1,2
22144,1,3.0,0.0,1,2
22146,1,5.0,0.0,1,3
22151,1,3.0,0.0,1,3
22156,1,5.0,0.0,1,2
22161,1,4.0,0.0,1,3
22163,1,5.0,0.0,1,3
22167,1,5.0,0.0,1,4
22171,1,4.0,0.0,1,3
22173,1,4.0,0.0,1,3
22179,1,5.0,0.0,1,3
22182,1,5.0,0.0,1,2
22183,1,4.0,0.0,1,4
22185,1,5.0,0.0,1,3
22189,1,5.0,0.0,1,2
22190,2,3.5,0.7071067811865476,2,2
22195,2,4.0,0.0,2,2
22196,1,4.0,0.0,1,2
22197,1,3.0,0.0,1,2
22200,1,3.0,0.0,1,3
22201,1,5.0,0.0,1,3
22202,1,5.0,0.0,1,3
22203,1,4.0,0.0,1,3
22204,1,4.0,0.0,1,2
22206,2,4.5,0.7071067811865476,2,2
22209,2,4.0,0.0,2,2
22215,4,4.0,0.8164965809277259,4,3
22217,1,5.0,0.0,1,4
22218,1,1.0,0.0,1,3
22220,1,4.0,0.0,1,2
22222,3,4.0,1.0,3,2
22223,1,5.0,0.0,1,2
22225,1,5.0,0.0,1,2
22226,3,4.666666666666667,0.5773502691896258,3,4
22228,1,5.0,0.0,1,3
22229,3,4.666666666666667,0.5773502691896257,2,2
22238,1,5.0,0.0,1,4
22242,3,3.0,1.0,3,3
22243,1,4.0,0.0,1,2
22245,1,5.0,0.0,1,3
22247,2,4.0,0.0,2,4
22249,1,5.0,0.0,1,2
22255,11,4.090909090909091,0.9438798074485388,2,4
22257,1,4.0,0.0,1,3
22258,2,3.5,0.7071067811865476,2,2
22261,2,5.0,0.0,1,4
22263,2,5.0,0.0,2,3
22264,1,5.0,0.0,1,4
22265,1,5.0,0.0,1,3
22266,1,5.0,0.0,1,5
22267,1,3.0,0.0,1,2
22268,3,4.0,0.0,3,2
22270,2,3.5,0.7071067811865476,2,2
22275,2,4.5,0.7071067811865476,2,3
22277,1,5.0,0.0,1,2
22280,1,4.0,0.0,1,4
22286,1,3.0,0.0,1,2
22287,2,5.0,0.0,2,4
22289,1,4.0,0.0,1,2
22291,1,4.0,0.0,1,1
22292,1,5.0,0.0,1,5
22295,2,5.0,0.0,2,2
22299,1,4.0,0.0,1,4
22309,1,4.0,0.0,1,4
22310,2,3.5,0.7071067811865476,2,4
22312,2,4.5,0.7071067811865476,2,4
22317,1,5.0,0.0,1,2
22324,1,5.0,0.0,1,3
22325,1,2.0,0.0,1,2
22327,2,4.5,0.7071067811865476,2,2
22330,1,4.0,0.0,1,2
22332,1,5.0,0.0,1,3
22335,1,1.0,0.0,1,5
22336,1,5.0,0.0,1,2
22339,1,3.0,0.0,1,3
22340,2,3.0,0.0,2,2
22346,1,3.0,0.0,1,4
22350,1,5.0,0.0,1,4
22352,1,5.0,0.0,1,2
22356,1,2.0,0.0,1,3
22358,1,3.0,0.0,1,2
22359,2,4.5,0.7071067811865476,1,3
22365,1,5.0,0.0,1,2
22367,8,4.875,0.3535533905932738,6,2
22369,1,4.0,0.0,1,3
22370,1,5.0,0.0,1,2
22375,1,2.0,0.0,1,2
22378,3,4.666666666666667,0.5773502691896257,3,2
22380,7,3.0,1.6329931618554518,5,5
22387,1,3.0,0.0,1,3
22388,1,3.0,0.0,1,2
22389,1,5.0,0.0,1,2
22390,1,5.0,0.0,1,2
22392,1,5.0,0.0,1,2
22396,1,4.0,0.0,1,3
22398,2,4.5,0.7071067811865476,2,2
22400,1,5.0,0.0,1,4
22401,1,5.0,0.0,1,3
22406,4,4.75,0.4999999999999999,3,2
22409,2,4.0,0.0,2,2
22410,1,4.0,0.0,1,5
22411,1,5.0,0.0,1,3
22412,1,4.0,0.0,1,2
22413,1,3.0,0.0,1,2
22414,1,5.0,0.0,1,2
22415,1,5.0,0.0,1,2
22417,2,4.0,0.0,1,3
22419,2,3.5,0.7071067811865476,2,3
22420,2,4.5,0.7071067811865476,2,2
22424,3,4.0,1.7320508075688772,2,2
22425,1,5.0,0.0,1,2
22428,2,4.5,0.7071067811865476,2,4
22429,1,5.0,0.0,1,5
22430,1,5.0,0.0,1,2
22431,5,4.4,0.5477225575051662,5,2
22432,1,5.0,0.0,1,3
22434,1,5.0,0.0,1,2
22438,1,5.0,0.0,1,3
22443,1,5.0,0.0,1,3
22444,1,5.0,0.0,1,4
22446,1,5.0,0.0,1,4
22448,1,3.0,0.0,1,5
22453,1,5.0,0.0,1,3
22454,1,3.0,0.0,1,5
22463,1,4.0,0.0,1,3
22464,3,3.6666666666666665,0.5773502691896257,3,2
22466,3,4.0,1.0,2,2
22470,1,5.0,0.0,1,3
22473,1,5.0,0.0,1,3
22474,1,5.0,0.0,1,3
22475,1,4.0,0.0,1,4
22477,2,4.5,0.7071067811865476,2,2
22478,1,4.0,0.0,1,2
22479,2,5.0,0.0,2,2
22484,1,5.0,0.0,1,3
22489,3,5.0,0.0,3,2
22494,1,4.0,0.0,1,2
22496,3,3.3333333333333335,2.0816659994661326,3,2
22497,1,4.0,0.0,1,4
22498,1,4.0,0.0,1,4
22499,1,5.0,0.0,1,4
22500,1,3.0,0.0,1,2
22501,2,4.0,0.0,2,2
22502,2,5.0,0.0,2,3
22505,1,3.0,0.0,1,3
22507,1,5.0,0.0,1,2
22508,1,5.0,0.0,1,2
22510,2,4.5,0.7071067811865476,2,3
22514,2,4.0,0.0,2,2
22517,1,4.0,0.0,1,2
22518,2,4.0,0.0,2,2
22522,2,4.5,0.7071067811865476,2,3
22523,1,5.0,0.0,1,5
22526,1,5.0,0.0,1,4
22528,3,4.0,1.0,3,2
22530,4,4.25,0.957427107756338,3,2
22531,3,4.333333333333333,0.5773502691896258,2,4
22532,1,5.0,0.0,1,2
22534,1,3.0,0.0,1,4
22535,1,3.0,0.0,1,4
22536,1,5.0,0.0,1,4
22537,2,5.0,0.0,2,2
22539,2,4.5,0.7071067811865476,2,4
22544,1,5.0,0.0,1,3
22545,1,3.0,0.0,1,3
22547,1,3.0,0.0,1,2
22552,2,4.5,0.7071067811865476,2,3
22554,2,5.0,0.0,2,2
22557,1,5.0,0.0,1,3
22562,2,5.0,0.0,2,2
22564,1,5.0,0.0,1,3
22565,1,5.0,0.0,1,4
22567,1,3.0,0.0,1,3
22581,2,4.0,0.0,2,2
22587,1,2.0,0.0,1,3
22589,1,1.0,0.0,1,2
22593,2,4.5,0.7071067811865476,2,2
22594,1,4.0,0.0,1,2
22599,2,4.0,0.0,2,2
22601,1,4.0,0.0,1,2
22603,1,4.0,0.0,1,2
22605,1,4.0,0.0,1,3
22608,1,5.0,0.0,1,4
22609,1,5.0,0.0,1,5
22610,3,4.333333333333333,0.5773502691896257,1,2
22611,1,5.0,0.0,1,2
22622,1,4.0,0.0,1,5
22627,1,3.0,0.0,1,5
22628,1,2.0,0.0,1,4
22629,1,5.0,0.0,1,2
22630,1,5.0,0.0,1,2
22631,7,4.0,1.1547005383792515,4,2
22636,1,4.0,0.0,1,2
22645,1,4.0,0.0,1,2
22650,1,5.0,0.0,1,2
22652,3,3.6666666666666665,0.5773502691896258,3,3
22661,3,4.0,0.0,3,3
22666,2,5.0,0.0,2,2
22670,1,5.0,0.0,1,3
22672,2,4.0,0.0,2,4
22674,1,5.0,0.0,1,2
22676,1,5.0,0.0,1,2
22679,1,5.0,0.0,1,2
22682,1,5.0,0.0,1,4
22687,1,4.0,0.0,1,3
22690,2,5.0,0.0,1,2
22691,1,4.0,0.0,1,4
22695,1,3.0,0.0,1,2
22697,1,5.0,0.0,1,5
22698,1,5.0,0.0,1,3
22699,1,5.0,0.0,1,3
22700,1,3.0,0.0,1,4
22703,1,4.0,0.0,1,2
22709,1,3.0,0.0,1,2
22711,1,5.0,0.0,1,4
22712,1,5.0,0.0,1,3
22713,2,5.0,0.0,1,2
22715,1,5.0,0.0,1,4
22716,1,5.0,0.0,1,3
22717,1,4.0,0.0,1,4
22720,1,5.0,0.0,1,4
22723,3,4.0,0.0,3,2
22724,1,5.0,0.0,1,2
22726,2,4.0,0.0,2,2
22727,1,4.0,0.0,1,4
22732,1,4.0,0.0,1,3
22735,1,5.0,0.0,1,4
22737,1,5.0,0.0,1,2
22738,1,5.0,0.0,1,2
22739,1,4.0,0.0,1,4
22740,4,4.0,0.8164965809277259,3,2
22741,2,4.0,1.4142135623730951,2,1
22742,1,4.0,0.0,1,4
22744,1,5.0,0.0,1,4
22746,1,3.0,0.0,1,4
22750,1,3.0,0.0,1,2
22753,1,2.0,0.0,1,4
22758,1,4.0,0.0,1,2
22762,1,5.0,0.0,1,3
22765,1,4.0,0.0,1,2
22767,1,3.0,0.0,1,2
22769,1,5.0,0.0,1,2
22772,1,4.0,0.0,1,5
22774,1,3.0,0.0,1,2
22775,2,3.5,2.1213203435596424,2,2
22776,1,4.0,0.0,1,5
22780,1,5.0,0.0,1,4
22782,1,5.0,0.0,1,2
22785,1,4.0,0.0,1,2
22786,2,5.0,0.0,2,2
22790,1,5.0,0.0,1,4
22792,1,5.0,0.0,1,2
22798,1,3.0,0.0,1,3
22801,1,4.0,0.0,1,3
22806,4,4.25,0.9574271077563381,4,2
22809,1,4.0,0.0,1,2
22811,1,5.0,0.0,1,2
22812,1,4.0,0.0,1,2
22813,1,4.0,0.0,1,4
22821,2,4.0,0.0,2,2
22822,1,3.0,0.0,1,4
22823,1,5.0,0.0,1,2
22825,1,5.0,0.0,1,4
22826,1,5.0,0.0,1,2
22827,2,5.0,0.0,2,2
22833,1,5.0,0.0,1,4
22835,1,4.0,0.0,1,2
22836,1,5.0,0.0,1,3
22839,2,4.0,0.0,2,3
22840,1,4.0,0.0,1,3
22844,1,2.0,0.0,1,2
22845,1,5.0,0.0,1,4
22848,1,4.0,0.0,1,2
22849,2,4.0,0.0,2,2
22857,2,3.5,0.7071067811865476,2,4
22859,1,5.0,0.0,1,2
22862,1,3.0,0.0,1,2
22869,2,4.0,0.0,2,2
22870,3,3.3333333333333335,1.5275252316519468,3,2
22871,1,5.0,0.0,1,2
22873,1,3.0,0.0,1,2
22874,1,5.0,0.0,1,2
22876,1,5.0,0.0,1,2
22878,1,5.0,0.0,1,3
22879,2,4.5,0.7071067811865476,2,2
22881,1,1.0,0.0,1,2
22884,1,5.0,0.0,1,3
22888,1,4.0,0.0,1,3
22889,2,5.0,0.0,2,3
22897,2,4.0,0.0,2,2
22899,3,3.6666666666666665,1.1547005383792515,3,2
22906,1,5.0,0.0,1,2
22907,1,5.0,0.0,1,4
22908,1,4.0,0.0,1,2
22910,1,5.0,0.0,1,3
22912,1,3.0,0.0,1,2
22913,2,4.5,0.7071067811865476,2,2
22926,1,3.0,0.0,1,2
22927,1,5.0,0.0,1,2
22931,1,3.0,0.0,1,3
22936,1,3.0,0.0,1,2
22937,1,5.0,0.0,1,2
22938,3,4.666666666666667,0.5773502691896258,3,2
22942,1,3.0,0.0,1,4
22945,1,4.0,0.0,1,2
22946,1,5.0,0.0,1,3
22949,1,5.0,0.0,1,2
22953,2,3.5,0.7071067811865476,2,4
22955,1,4.0,0.0,1,4
22956,5,2.6,1.3416407864998738,4,3
22960,2,3.5,0.7071067811865476,2,3
22962,2,3.0,0.0,2,2
22963,2,4.5,0.7071067811865476,2,2
22965,1,5.0,0.0,1,4
22968,1,4.0,0.0,1,4
22971,1,5.0,0.0,1,3
22974,2,5.0,0.0,2,4
22981,1,5.0,0.0,1,4
22984,1,4.0,0.0,1,3
22985,1,5.0,0.0,1,2
22986,2,5.0,0.0,2,3
22994,1,4.0,0.0,1,4
23002,3,4.333333333333333,1.1547005383792515,3,2
23005,1,2.0,0.0,1,2
23007,2,4.5,0.7071067811865476,2,3
23011,1,5.0,0.0,1,3
23012,1,5.0,0.0,1,4
23013,1,4.0,0.0,1,4
23017,1,2.0,0.0,1,3
23023,2,5.0,0.0,2,2
23025,1,3.0,0.0,1,4
23038,1,4.0,0.0,1,4
23039,1,3.0,0.0,1,4
23040,1,3.0,0.0,1,3
23044,2,4.0,0.0,2,5
23045,2,4.0,0.0,1,3
23047,1,4.0,0.0,1,2
23050,1,3.0,0.0,1,5
23051,3,4.666666666666667,0.5773502691896258,3,3
23053,1,4.0,0.0,1,2
23057,2,5.0,0.0,2,2
23059,1,5.0,0.0,1,3
23060,2,5.0,0.0,2,2
23061,1,5.0,0.0,1,3
23063,2,3.0,0.0,2,3
23069,1,5.0,0.0,1,2
23070,2,4.5,0.7071067811865476,2,2
23073,4,3.25,0.5,4,3
23079,1,4.0,0.0,1,2
23080,1,4.0,0.0,1,4
23082,1,4.0,0.0,1,2
23087,3,5.0,0.0,3,2
23090,1,5.0,0.0,1,3
23094,2,2.5,0.7071067811865476,2,2
23102,1,4.0,0.0,1,3
23103,1,3.0,0.0,1,2
23109,1,4.0,0.0,1,2
23111,1,4.0,0.0,1,5
23119,1,4.0,0.0,1,2
23121,2,3.5,0.7071067811865476,2,5
23123,2,1.5,0.7071067811865476,2,2
23128,4,4.25,0.9574271077563382,4,2
23131,1,5.0,0.0,1,4
23132,1,4.0,0.0,1,2
23133,1,4.0,0.0,1,3
23134,3,3.3333333333333335,1.1547005383792515,3,5
23136,1,5.0,0.0,1,2
23137,1,2.0,0.0,1,2
23138,2,4.0,1.4142135623730951,2,2
23139,2,3.5,0.7071067811865476,1,2
23141,4,4.5,0.9999999999999999,4,3
23142,12,4.25,0.8660254037844386,7,2
23143,1,2.0,0.0,1,2
23144,1,4.0,0.0,1,3
23149,1,4.0,0.0,1,3
23151,2,5.0,0.0,2,2
23153,2,2.5,2.1213203435596424,2,2
23154,3,3.0,0.0,3,5
23156,2,4.5,0.7071067811865476,1,4
23157,1,5.0,0.0,1,2
23160,1,5.0,0.0,1,2
23165,1,5.0,0.0,1,3
23167,1,5.0,0.0,1,5
23169,1,2.0,0.0,1,2
23172,1,4.0,0.0,1,2
23173,1,3.0,0.0,1,2
23174,3,4.0,0.0,3,3
23176,2,4.5,0.7071067811865476,2,2
23178,1,4.0,0.0,1,2
23179,1,4.0,0.0,1,2
23181,7,3.857142857142857,0.8997354108424375,5,3
23182,8,4.75,0.4629100498862757,5,2
23185,1,4.0,0.0,1,2
23186,3,4.666666666666667,0.5773502691896257,3,2
23189,1,5.0,0.0,1,3
23193,7,4.285714285714286,0.7559289460184544,3,3
23194,1,4.0,0.0,1,2
23198,2,4.5,0.7071067811865476,2,2
23205,1,5.0,0.0,1,4
23207,1,4.0,0.0,1,4
23209,1,4.0,0.0,1,4
23211,2,4.0,1.4142135623730951,2,2
23213,4,4.75,0.5,3,2
23215,1,3.0,0.0,1,3
23224,1,5.0,0.0,1,4
23228,1,4.0,0.0,1,3
23229,1,4.0,0.0,1,5
23233,1,4.0,0.0,1,2
23238,2,3.5,0.7071067811865476,1,2
23240,1,3.0,0.0,1,3
23245,2,5.0,0.0,2,2
23246,1,5.0,0.0,1,2
23249,1,5.0,0.0,1,2
23253,1,5.0,0.0,1,3
23259,1,5.0,0.0,1,4
23260,1,4.0,0.0,1,2
23264,1,3.0,0.0,1,2
23265,5,3.4,0.8944271909999159,5,2
23267,1,5.0,0.0,1,1
23275,1,5.0,0.0,1,2
23278,3,4.333333333333333,1.1547005383792515,3,2
23280,1,5.0,0.0,1,3
23283,1,4.0,0.0,1,2
23284,1,4.0,0.0,1,2
23286,1,2.0,0.0,1,2
23290,1,5.0,0.0,1,2
23293,4,4.0,0.816496580927726,2,4
23296,1,5.0,0.0,1,2
23299,1,5.0,0.0,1,4
23302,1,3.0,0.0,1,4
23305,2,5.0,0.0,2,2
23306,1,3.0,0.0,1,2
23308,1,5.0,0.0,1,4
23309,4,4.25,0.9574271077563381,2,2
23310,1,5.0,0.0,1,2
23311,1,5.0,0.0,1,2
23312,1,5.0,0.0,1,2
23313,1,5.0,0.0,1,3
23315,4,4.75,0.5,4,4
23317,1,1.0,0.0,1,2
23320,1,5.0,0.0,1,3
23321,1,4.0,0.0,1,2
23322,3,4.333333333333333,0.5773502691896257,2,2
23323,5,4.0,1.0,5,3
23324,1,1.0,0.0,1,3
23325,2,3.5,0.7071067811865476,1,4
23326,1,5.0,0.0,1,3
23329,2,3.5,0.7071067811865476,2,5
23331,3,3.3333333333333335,0.5773502691896258,3,4
23332,1,3.0,0.0,1,2
23336,1,3.0,0.0,1,2
23338,5,3.8,0.44721359549995787,4,2
23339,1,3.0,0.0,1,2
23340,3,4.666666666666667,0.5773502691896258,2,3
23344,1,4.0,0.0,1,2
23349,2,5.0,0.0,2,3
23352,1,5.0,0.0,1,4
23353,1,5.0,0.0,1,2
23355,11,3.909090909090909,1.044465935734187,7,4
23356,1,3.0,0.0,1,5
23357,1,4.0,0.0,1,3
23359,1,5.0,0.0,1,4
23361,5,4.6,0.5477225575051663,4,2
23362,1,5.0,0.0,1,2
23369,1,5.0,0.0,1,4
23373,1,5.0,0.0,1,2
23376,2,4.5,0.7071067811865476,2,2
23378,2,3.5,0.7071067811865476,2,2
23384,1,4.0,0.0,1,3
23385,1,5.0,0.0,1,4
23386,1,5.0,0.0,1,3
23387,1,5.0,0.0,1,3
23389,1,5.0,0.0,1,3
23393,1,4.0,0.0,1,3
23397,1,3.0,0.0,1,2
23399,2,4.0,0.0,2,2
23400,5,3.8,0.8366600265340756,3,2
23401,1,5.0,0.0,1,4
23408,1,5.0,0.0,1,2
23410,1,5.0,0.0,1,2
23418,1,5.0,0.0,1,3
23419,1,5.0,0.0,1,4
23422,2,5.0,0.0,2,2
23424,3,5.0,0.0,3,4
23427,1,4.0,0.0,1,2
23429,3,3.6666666666666665,0.5773502691896258,2,3
23441,2,4.0,1.4142135623730951,2,4
23442,1,4.0,0.0,1,3
23445,1,5.0,0.0,1,3
23448,2,4.0,0.0,2,2
23450,1,3.0,0.0,1,4
23451,1,3.0,0.0,1,2
23452,1,4.0,0.0,1,4
23453,1,2.0,0.0,1,2
23456,2,4.0,0.0,2,4
23458,1,5.0,0.0,1,3
23470,9,4.333333333333333,0.8660254037844386,6,2
23471,1,1.0,0.0,1,3
23472,1,4.0,0.0,1,3
23476,1,4.0,0.0,1,2
23480,1,5.0,0.0,1,2
23482,1,5.0,0.0,1,3
23487,1,4.0,0.0,1,2
23489,1,5.0,0.0,1,5
23490,1,5.0,0.0,1,2
23493,3,5.0,0.0,3,2
23494,1,5.0,0.0,1,2
23502,1,5.0,0.0,1,3
23505,2,4.0,0.0,2,3
23506,1,3.0,0.0,1,4
23512,3,3.3333333333333335,0.5773502691896257,3,2
23514,2,3.5,2.1213203435596424,1,4
23517,1,5.0,0.0,1,3
23519,3,3.0,1.0,1,2
23523,1,4.0,0.0,1,3
23526,1,5.0,0.0,1,3
23529,1,5.0,0.0,1,4
23532,1,5.0,0.0,1,2
23536,1,3.0,0.0,1,2
23542,1,5.0,0.0,1,3
23545,1,5.0,0.0,1,3
23546,3,4.0,1.0,2,3
23552,2,4.5,0.7071067811865476,2,5
23553,2,5.0,0.0,1,3
23555,1,5.0,0.0,1,3
23556,1,3.0,0.0,1,4
23559,1,5.0,0.0,1,3
23562,1,5.0,0.0,1,3
23563,1,4.0,0.0,1,3
23565,1,4.0,0.0,1,4
23566,1,5.0,0.0,1,4
23570,1,4.0,0.0,1,2
23571,1,4.0,0.0,1,3
23573,1,5.0,0.0,1,3
23574,1,4.0,0.0,1,2
23575,1,4.0,0.0,1,3
23579,2,5.0,0.0,2,2
23586,1,5.0,0.0,1,4
23587,1,5.0,0.0,1,2
23588,1,4.0,0.0,1,2
23590,2,4.5,0.7071067811865476,2,2
23597,1,4.0,0.0,1,3
23598,1,5.0,0.0,1,2
23599,1,5.0,0.0,1,4
23601,1,5.0,0.0,1,4
23602,1,5.0,0.0,1,2
23603,1,3.0,0.0,1,2
23611,1,5.0,0.0,1,4
23613,1,4.0,0.0,1,3
23615,2,3.5,0.7071067811865476,2,2
23621,3,3.3333333333333335,0.5773502691896258,3,3
23622,1,4.0,0.0,1,3
23625,1,4.0,0.0,1,3
23627,1,4.0,0.0,1,2
23628,1,5.0,0.0,1,3
23629,1,4.0,0.0,1,3
23634,1,5.0,0.0,1,2
23636,1,4.0,0.0,1,3
23639,1,5.0,0.0,1,2
23643,1,5.0,0.0,1,3
23646,1,5.0,0.0,1,2
23647,1,4.0,0.0,1,3
23649,1,5.0,0.0,1,4
23653,1,4.0,0.0,1,2
23656,1,5.0,0.0,1,2
23659,2,5.0,0.0,2,4
23667,1,4.0,0.0,1,3
23669,2,5.0,0.0,2,2
23670,2,3.5,0.7071067811865476,2,2
23671,1,4.0,0.0,1,5
23674,1,4.0,0.0,1,3
23678,1,5.0,0.0,1,3
23681,1,4.0,0.0,1,4
23687,1,3.0,0.0,1,3
23689,1,5.0,0.0,1,2
23691,1,4.0,0.0,1,3
23697,2,4.0,0.0,2,4
23698,1,3.0,0.0,1,3
23699,1,3.0,0.0,1,2
23701,1,3.0,0.0,1,3
23703,1,4.0,0.0,1,4
23705,1,5.0,0.0,1,3
23706,1,5.0,0.0,1,2
23707,1,4.0,0.0,1,2
23709,1,5.0,0.0,1,3
23710,1,4.0,0.0,1,5
23711,1,1.0,0.0,1,2
23713,1,5.0,0.0,1,4
23714,3,4.666666666666667,0.5773502691896257,3,2
23717,1,4.0,0.0,1,3
23719,1,5.0,0.0,1,5
23721,1,5.0,0.0,1,2
23722,1,1.0,0.0,1,3
23726,1,5.0,0.0,1,3
23729,3,4.0,1.0,3,2
23732,1,4.0,0.0,1,2
23733,1,1.0,0.0,1,2
23734,1,5.0,0.0,1,3
23736,1,5.0,0.0,1,2
23739,2,3.5,0.7071067811865476,2,2
23740,2,4.5,0.7071067811865476,2,2
23741,1,4.0,0.0,1,3
23743,1,3.0,0.0,1,2
23746,1,5.0,0.0,1,2
23747,1,3.0,0.0,1,5
23748,1,5.0,0.0,1,2
23749,1,3.0,0.0,1,2
23752,4,4.25,0.4999999999999999,4,2
23753,1,2.0,0.0,1,2
23754,1,5.0,0.0,1,2
23755,1,5.0,0.0,1,3
23758,4,4.0,0.816496580927726,2,4
23762,1,3.0,0.0,1,5
23765,1,5.0,0.0,1,4
23766,4,4.0,0.8164965809277259,2,3
23767,1,1.0,0.0,1,3
23770,1,5.0,0.0,1,2
23772,1,4.0,0.0,1,2
23773,1,1.0,0.0,1,3
23776,1,5.0,0.0,1,5
23780,1,5.0,0.0,1,2
23782,3,3.6666666666666665,1.5275252316519465,3,2
23785,1,4.0,0.0,1,4
23787,1,5.0,0.0,1,2
23788,1,4.0,0.0,1,2
23789,1,5.0,0.0,1,3
23792,1,5.0,0.0,1,2
23801,1,4.0,0.0,1,3
23804,1,5.0,0.0,1,5
23805,1,5.0,0.0,1,3
23806,3,4.0,1.0,3,5
23808,1,3.0,0.0,1,2
23810,1,4.0,0.0,1,5
23817,1,4.0,0.0,1,4
23818,1,3.0,0.0,1,4
23821,1,5.0,0.0,1,2
23824,1,5.0,0.0,1,2
23825,1,5.0,0.0,1,3
23826,1,4.0,0.0,1,5
23827,1,5.0,0.0,1,2
23828,1,4.0,0.0,1,3
23830,1,4.0,0.0,1,2
23832,1,4.0,0.0,1,4
23833,1,4.0,0.0,1,2
23834,2,4.5,0.7071067811865476,2,4
23840,1,5.0,0.0,1,5
23841,2,5.0,0.0,2,2
23842,2,5.0,0.0,2,3
23843,1,5.0,0.0,1,4
23850,1,4.0,0.0,1,5
23851,2,4.5,0.7071067811865476,2,4
23862,1,4.0,0.0,1,3
23864,1,4.0,0.0,1,3
23867,1,5.0,0.0,1,3
23868,1,5.0,0.0,1,4
23869,1,5.0,0.0,1,2
23873,2,4.0,1.4142135623730951,2,4
23874,1,3.0,0.0,1,4
23875,1,3.0,0.0,1,5
23879,5,5.0,0.0,5,2
23886,1,4.0,0.0,1,4
23888,2,3.5,0.7071067811865476,2,3
23890,1,3.0,0.0,1,3
23894,2,4.0,0.0,2,2
23895,1,5.0,0.0,1,4
23900,1,5.0,0.0,1,3
23902,1,5.0,0.0,1,2
23903,1,4.0,0.0,1,4
23908,1,5.0,0.0,1,2
23909,2,3.5,2.1213203435596424,2,3
23913,1,4.0,0.0,1,3
23915,1,3.0,0.0,1,3
23919,1,4.0,0.0,1,3
23920,1,4.0,0.0,1,4
23923,2,4.5,0.7071067811865476,2,4
23925,1,5.0,0.0,1,2
23926,2,4.5,0.7071067811865476,2,4
23927,1,4.0,0.0,1,3
23929,1,5.0,0.0,1,2
23930,2,4.0,0.0,2,4
23936,1,5.0,0.0,1,3
23937,1,5.0,0.0,1,4
23938,1,3.0,0.0,1,4
23940,1,5.0,0.0,1,2
23943,1,5.0,0.0,1,3
23948,1,4.0,0.0,1,2
23949,1,4.0,0.0,1,5
23950,2,4.0,0.0,2,2
23951,2,4.5,0.7071067811865476,2,2
23957,1,5.0,0.0,1,3
23959,1,5.0,0.0,1,3
23961,1,3.0,0.0,1,4
23962,1,4.0,0.0,1,2
23975,1,4.0,0.0,1,4
23977,1,5.0,0.0,1,4
23982,2,3.0,1.4142135623730951,2,3
23984,1,5.0,0.0,1,3
23989,1,4.0,0.0,1,4
23991,1,4.0,0.0,1,3
23994,1,2.0,0.0,1,2
23995,1,3.0,0.0,1,4
23997,1,2.0,0.0,1,2
24000,1,4.0,0.0,1,3
24002,1,4.0,0.0,1,2
24004,1,3.0,0.0,1,3
24005,2,4.5,0.7071067811865476,2,2
24007,1,5.0,0.0,1,3
24019,1,4.0,0.0,1,5
24024,1,1.0,0.0,1,5
24025,1,5.0,0.0,1,2
24029,1,5.0,0.0,1,3
24030,1,3.0,0.0,1,4
24032,2,3.5,2.1213203435596424,2,3
24033,1,4.0,0.0,1,3
24035,1,4.0,0.0,1,2
24036,1,5.0,0.0,1,2
24037,1,5.0,0.0,1,4
24039,1,3.0,0.0,1,2
24040,1,5.0,0.0,1,2
24042,1,5.0,0.0,1,2
24047,1,4.0,0.0,1,2
24050,1,5.0,0.0,1,3
24054,1,4.0,0.0,1,2
24057,1,5.0,0.0,1,3
24058,1,3.0,0.0,1,2
24059,1,5.0,0.0,1,4
24060,1,4.0,0.0,1,3
24066,1,4.0,0.0,1,2
24067,1,4.0,0.0,1,4
24068,1,5.0,0.0,1,5
24069,1,4.0,0.0,1,4
24071,1,5.0,0.0,1,2
24072,1,4.0,0.0,1,3
24073,1,3.0,0.0,1,3
24077,1,5.0,0.0,1,3
24082,1,4.0,0.0,1,2
24086,1,4.0,0.0,1,2
24088,1,2.0,0.0,1,4
24091,2,2.0,0.0,2,2
24092,1,5.0,0.0,1,3
24093,1,5.0,0.0,1,4
24095,1,5.0,0.0,1,3
24096,1,3.0,0.0,1,4
24097,1,5.0,0.0,1,4
24098,1,5.0,0.0,1,4
24105,1,4.0,0.0,1,3
24106,1,4.0,0.0,1,2
24113,1,3.0,0.0,1,2
24114,1,5.0,0.0,1,5
24121,2,4.5,0.7071067811865476,2,2
24122,1,3.0,0.0,1,5
24123,1,3.0,0.0,1,4
24124,1,5.0,0.0,1,3
24127,1,5.0,0.0,1,1
24129,2,4.0,0.0,2,5
24131,1,4.0,0.0,1,1
24132,1,4.0,0.0,1,3
24133,1,5.0,0.0,1,2
24137,1,5.0,0.0,1,3
24146,2,3.5,0.7071067811865476,2,2
24158,2,5.0,0.0,2,2
24160,1,5.0,0.0,1,2
24161,1,5.0,0.0,1,3
24162,1,5.0,0.0,1,5
24165,1,4.0,0.0,1,3
24167,1,4.0,0.0,1,3
24174,6,4.166666666666667,0.9831920802501751,5,3
24179,2,5.0,0.0,2,3
24181,1,5.0,0.0,1,4
24183,1,4.0,0.0,1,4
24186,1,5.0,0.0,1,2
24187,1,3.0,0.0,1,3
24189,1,5.0,0.0,1,2
24190,1,2.0,0.0,1,2
24197,1,4.0,0.0,1,3
24200,1,5.0,0.0,1,2
24201,1,5.0,0.0,1,2
24205,1,5.0,0.0,1,3
24207,1,5.0,0.0,1,3
24209,3,4.0,0.0,3,3
24216,2,3.0,0.0,2,2
24223,2,4.0,0.0,2,2
24225,1,5.0,0.0,1,3
24228,1,5.0,0.0,1,2
24229,1,5.0,0.0,1,4
24230,1,5.0,0.0,1,3
24232,2,4.5,0.7071067811865476,2,3
24234,1,5.0,0.0,1,4
24235,1,5.0,0.0,1,2
24237,1,5.0,0.0,1,2
24242,1,5.0,0.0,1,3
24245,1,3.0,0.0,1,2
24248,3,4.666666666666667,0.5773502691896258,3,2
24249,1,4.0,0.0,1,2
24250,5,4.6,0.894427190999916,5,4
24251,2,4.0,1.4142135623730951,2,2
24252,2,3.0,1.4142135623730951,2,3
24253,1,4.0,0.0,1,2
24255,2,3.0,1.4142135623730951,2,2
24256,2,4.0,0.0,2,2
24257,2,4.0,0.0,1,2
24258,1,5.0,0.0,1,2
24260,3,4.0,1.0,3,2
24262,1,5.0,0.0,1,3
24263,1,5.0,0.0,1,3
24268,2,5.0,0.0,2,4
24271,1,5.0,0.0,1,3
24273,1,3.0,0.0,1,3
24274,1,2.0,0.0,1,3
24275,1,4.0,0.0,1,4
24276,1,5.0,0.0,1,4
24277,1,5.0,0.0,1,3
24278,1,5.0,0.0,1,2
24280,1,5.0,0.0,1,2
24282,1,4.0,0.0,1,2
24283,1,4.0,0.0,1,4
24290,1,5.0,0.0,1,2
24292,1,3.0,0.0,1,5
24294,1,3.0,0.0,1,2
24295,1,5.0,0.0,1,4
24299,3,4.0,0.0,3,2
24300,1,4.0,0.0,1,2
24311,1,2.0,0.0,1,3
24315,1,5.0,0.0,1,5
24316,1,5.0,0.0,1,3
24329,1,3.0,0.0,1,3
24330,1,4.0,0.0,1,2
24332,1,2.0,0.0,1,3
24342,1,4.0,0.0,1,2
24344,1,4.0,0.0,1,3
24345,2,5.0,0.0,2,5
24346,1,5.0,0.0,1,4
24347,1,5.0,0.0,1,2
24349,1,5.0,0.0,1,3
24350,2,4.0,0.0,2,2
24352,1,4.0,0.0,1,2
24353,2,4.0,0.0,2,2
24354,1,4.0,0.0,1,2
24356,1,3.0,0.0,1,3
24361,2,4.5,0.7071067811865476,2,2
24362,1,4.0,0.0,1,4
24371,1,5.0,0.0,1,5
24373,1,5.0,0.0,1,2
24380,2,5.0,0.0,2,2
24381,1,5.0,0.0,1,2
24386,1,5.0,0.0,1,2
24389,1,4.0,0.0,1,2
24392,1,5.0,0.0,1,3
24393,1,5.0,0.0,1,2
24399,2,5.0,0.0,2,3
24401,1,5.0,0.0,1,2
24403,2,3.5,0.7071067811865476,2,3
24405,1,5.0,0.0,1,5
24408,1,5.0,0.0,1,2
24410,2,2.0,0.0,2,3
24412,1,4.0,0.0,1,4
24414,1,5.0,0.0,1,3
24415,1,4.0,0.0,1,3
24417,1,2.0,0.0,1,2
24419,1,5.0,0.0,1,2
24421,1,5.0,0.0,1,2
24423,2,4.5,0.7071067811865476,2,3
24426,1,4.0,0.0,1,2
24428,1,3.0,0.0,1,2
24432,1,5.0,0.0,1,3
24433,3,4.0,1.7320508075688772,3,3
24434,1,5.0,0.0,1,2
24435,2,5.0,0.0,2,2
24436,1,5.0,0.0,1,3
24437,1,5.0,0.0,1,2
24439,1,5.0,0.0,1,2
24447,1,5.0,0.0,1,3
24449,1,5.0,0.0,1,4
24453,1,4.0,0.0,1,3
24457,2,3.5,0.7071067811865476,2,2
24459,1,5.0,0.0,1,2
24462,1,5.0,0.0,1,3
24465,1,5.0,0.0,1,5
24468,2,3.5,0.7071067811865476,2,5
24470,1,5.0,0.0,1,2
24474,3,4.333333333333333,0.5773502691896257,3,5
24476,1,5.0,0.0,1,3
24478,1,4.0,0.0,1,4
24479,1,4.0,0.0,1,4
24482,1,5.0,0.0,1,3
24483,1,5.0,0.0,1,3
24485,1,5.0,0.0,1,2
24487,1,5.0,0.0,1,2
24489,2,4.0,0.0,2,2
24491,1,5.0,0.0,1,3
24492,1,4.0,0.0,1,2
24493,2,3.5,0.7071067811865476,2,4
24501,1,5.0,0.0,1,3
24502,1,5.0,0.0,1,2
24504,1,4.0,0.0,1,2
24506,1,5.0,0.0,1,2
24507,1,4.0,0.0,1,3
24510,1,4.0,0.0,1,4
24512,1,5.0,0.0,1,3
24513,2,2.5,2.1213203435596424,1,2
24514,1,5.0,0.0,1,4
24515,1,5.0,0.0,1,5
24520,1,5.0,0.0,1,4
24521,1,3.0,0.0,1,4
24532,1,4.0,0.0,1,5
24533,1,4.0,0.0,1,2
24534,2,3.5,0.7071067811865476,2,2
24536,1,3.0,0.0,1,4
24541,1,2.0,0.0,1,3
24543,2,4.0,0.0,2,2
24545,2,4.5,0.7071067811865476,2,2
24546,1,4.0,0.0,1,4
24547,1,4.0,0.0,1,2
24548,1,3.0,0.0,1,4
24550,1,5.0,0.0,1,3
24551,1,4.0,0.0,1,3
24558,1,2.0,0.0,1,5
24560,1,5.0,0.0,1,2
24562,1,5.0,0.0,1,5
24563,2,4.5,0.7071067811865476,2,2
24569,1,5.0,0.0,1,2
24576,1,5.0,0.0,1,2
24577,1,5.0,0.0,1,3
24584,1,3.0,0.0,1,3
24592,1,2.0,0.0,1,2
24593,1,4.0,0.0,1,2
24595,1,4.0,0.0,1,5
24597,1,5.0,0.0,1,2
24603,1,3.0,0.0,1,3
24606,7,4.285714285714286,0.7559289460184545,4,2
24607,3,4.0,0.0,3,2
24608,1,5.0,0.0,1,4
24609,1,5.0,0.0,1,3
24612,2,5.0,0.0,1,2
24613,1,4.0,0.0,1,2
24622,1,5.0,0.0,1,2
24625,1,4.0,0.0,1,3
24627,2,5.0,0.0,2,2
24630,1,5.0,0.0,1,2
24636,1,4.0,0.0,1,2
24637,1,3.0,0.0,1,2
24638,1,3.0,0.0,1,2
24640,1,5.0,0.0,1,3
24641,1,5.0,0.0,1,3
24642,1,5.0,0.0,1,2
24643,1,2.0,0.0,1,2
24645,1,5.0,0.0,1,2
24648,1,5.0,0.0,1,3
24649,1,5.0,0.0,1,3
24650,1,4.0,0.0,1,2
24651,1,4.0,0.0,1,2
24653,1,5.0,0.0,1,3
24657,1,4.0,0.0,1,2
24659,1,4.0,0.0,1,2
24661,1,5.0,0.0,1,2
24664,1,5.0,0.0,1,2
24665,5,4.2,1.7888543819998317,4,2
24672,1,3.0,0.0,1,5
24673,1,4.0,0.0,1,2
24675,1,5.0,0.0,1,4
24677,1,5.0,0.0,1,2
24680,1,4.0,0.0,1,5
24683,1,5.0,0.0,1,3
24684,1,4.0,0.0,1,3
24685,1,3.0,0.0,1,2
24686,1,5.0,0.0,1,3
24689,1,3.0,0.0,1,3
24690,4,3.5,1.2909944487358056,3,4
24691,1,5.0,0.0,1,2
24693,4,4.5,0.5773502691896257,4,2
24696,1,5.0,0.0,1,2
24699,1,4.0,0.0,1,5
24700,1,2.0,0.0,1,4
24702,1,5.0,0.0,1,3
24705,1,4.0,0.0,1,2
24706,2,5.0,0.0,2,2
24707,1,3.0,0.0,1,2
24709,2,4.5,0.7071067811865476,2,3
24710,1,4.0,0.0,1,3
24712,1,5.0,0.0,1,3
24713,7,4.285714285714286,0.9511897312113418,5,2
24715,1,4.0,0.0,1,3
24718,1,5.0,0.0,1,3
24719,1,5.0,0.0,1,4
24721,1,5.0,0.0,1,2
24731,1,1.0,0.0,1,5
24735,1,4.0,0.0,1,4
24736,2,4.5,0.7071067811865476,2,4
24737,1,4.0,0.0,1,4
24742,1,4.0,0.0,1,4
24743,1,4.0,0.0,1,4
24747,1,5.0,0.0,1,3
24749,2,5.0,0.0,2,5
24750,2,3.5,0.7071067811865476,2,2
24754,2,4.0,0.0,1,2
24755,3,4.333333333333333,0.5773502691896257,3,3
24756,1,5.0,0.0,1,4
24759,1,4.0,0.0,1,2
24761,1,4.0,0.0,1,2
24762,1,4.0,0.0,1,3
24764,1,5.0,0.0,1,3
24766,1,4.0,0.0,1,2
24769,2,5.0,0.0,2,4
24778,4,5.0,0.0,4,3
24779,1,5.0,0.0,1,4
24781,2,3.0,0.0,2,2
24782,1,5.0,0.0,1,2
24783,2,4.5,0.7071067811865476,2,2
24785,1,5.0,0.0,1,3
24786,1,3.0,0.0,1,2
24788,2,4.0,0.0,2,3
24791,1,5.0,0.0,1,2
24792,2,4.5,0.7071067811865476,2,3
24794,1,5.0,0.0,1,3
24795,2,3.0,1.4142135623730951,2,4
24799,2,3.0,2.8284271247461903,2,2
24800,1,5.0,0.0,1,2
24802,1,4.0,0.0,1,4
24807,1,5.0,0.0,1,2
24808,2,4.5,0.7071067811865476,2,2
24809,3,5.0,0.0,3,2
24811,1,4.0,0.0,1,3
24815,1,1.0,0.0,1,3
24816,1,5.0,0.0,1,5
24817,1,5.0,0.0,1,2
24818,1,5.0,0.0,1,2
24823,1,5.0,0.0,1,2
24824,1,2.0,0.0,1,5
24826,1,4.0,0.0,1,2
24827,1,4.0,0.0,1,2
24828,1,3.0,0.0,1,2
24829,1,5.0,0.0,1,2
24833,3,4.0,1.0,3,3
24838,1,4.0,0.0,1,3
24840,2,3.0,0.0,2,2
24841,1,5.0,0.0,1,4
24842,1,4.0,0.0,1,3
24843,2,4.5,0.7071067811865476,2,2
24855,1,5.0,0.0,1,2
24856,1,4.0,0.0,1,3
24861,2,4.5,0.7071067811865476,2,2
24862,1,5.0,0.0,1,2
24867,2,4.0,0.0,2,2
24868,2,4.0,1.4142135623730951,2,3
24869,1,5.0,0.0,1,2
24877,1,3.0,0.0,1,4
24878,2,3.0,1.4142135623730951,1,2
24881,1,3.0,0.0,1,4
24882,1,5.0,0.0,1,3
24883,1,3.0,0.0,1,2
24887,1,5.0,0.0,1,2
24888,1,5.0,0.0,1,3
24893,3,3.6666666666666665,1.1547005383792517,2,2
24897,1,5.0,0.0,1,2
24909,1,4.0,0.0,1,3
24910,2,3.5,0.7071067811865476,2,2
24916,2,3.0,1.4142135623730951,2,2
24919,1,5.0,0.0,1,3
24920,3,4.0,1.0,3,3
24925,2,4.0,1.4142135623730951,2,2
24929,1,5.0,0.0,1,3
24930,1,5.0,0.0,1,2
24940,2,4.0,0.0,2,3
24941,1,3.0,0.0,1,2
24943,1,5.0,0.0,1,4
24944,2,4.0,0.0,2,4
24945,1,5.0,0.0,1,2
24948,1,5.0,0.0,1,2
24950,2,4.0,0.0,2,2
24952,1,5.0,0.0,1,2
24955,1,4.0,0.0,1,4
24957,1,4.0,0.0,1,2
24958,1,4.0,0.0,1,5
24959,1,5.0,0.0,1,2
24961,1,5.0,0.0,1,2
24962,2,4.5,0.7071067811865476,2,2
24965,1,5.0,0.0,1,5
24966,3,5.0,0.0,3,2
24967,1,5.0,0.0,1,3
24968,1,5.0,0.0,1,2
24969,2,4.0,0.0,2,2
24973,1,3.0,0.0,1,2
24978,1,3.0,0.0,1,4
24979,1,5.0,0.0,1,2
24981,7,4.285714285714286,0.7559289460184544,6,2
24983,1,2.0,0.0,1,3
24984,1,5.0,0.0,1,2
24987,1,4.0,0.0,1,4
24991,1,5.0,0.0,1,3
24993,2,4.0,0.0,2,4
24996,1,4.0,0.0,1,2
25001,1,5.0,0.0,1,3
25007,1,4.0,0.0,1,2
25008,2,4.0,0.0,1,3
25009,1,4.0,0.0,1,2
25011,1,3.0,0.0,1,3
25012,1,5.0,0.0,1,2
25017,1,4.0,0.0,1,3
25018,1,5.0,0.0,1,4
25019,3,4.333333333333333,1.1547005383792517,3,4
25020,1,5.0,0.0,1,2
25022,1,5.0,0.0,1,3
25023,1,5.0,0.0,1,2
25029,1,5.0,0.0,1,3
25030,1,4.0,0.0,1,2
25033,1,4.0,0.0,1,2
25035,2,4.0,1.4142135623730951,2,2
25039,1,4.0,0.0,1,3
25040,1,4.0,0.0,1,3
25048,1,4.0,0.0,1,2
25053,1,5.0,0.0,1,2
25054,1,4.0,0.0,1,2
25056,4,3.5,1.0,3,2
25067,1,5.0,0.0,1,2
25070,1,4.0,0.0,1,4
25071,1,1.0,0.0,1,4
25076,1,1.0,0.0,1,3
25079,1,4.0,0.0,1,2
25081,2,2.5,0.7071067811865476,2,2
25082,1,5.0,0.0,1,2
25083,1,4.0,0.0,1,4
25093,4,3.5,1.2909944487358054,4,2
25099,1,5.0,0.0,1,2
25101,1,4.0,0.0,1,4
25116,1,5.0,0.0,1,2
25120,1,3.0,0.0,1,2
25124,1,4.0,0.0,1,3
25127,2,4.0,1.4142135623730951,2,2
25130,1,5.0,0.0,1,4
25138,1,4.0,0.0,1,2
25142,1,4.0,0.0,1,4
25151,1,2.0,0.0,1,2
25152,6,3.5,0.8366600265340756,6,3
25153,1,5.0,0.0,1,4
25154,1,5.0,0.0,1,2
25156,1,4.0,0.0,1,4
25159,1,4.0,0.0,1,2
25161,1,4.0,0.0,1,3
25162,1,3.0,0.0,1,4
25164,2,4.5,0.7071067811865476,2,3
25165,2,4.0,0.0,2,3
25166,1,5.0,0.0,1,2
25167,2,5.0,0.0,2,3
25171,1,4.0,0.0,1,3
25172,1,5.0,0.0,1,3
25176,4,4.25,0.9574271077563382,3,2
25178,1,4.0,0.0,1,5
25181,1,4.0,0.0,1,2
25186,1,3.0,0.0,1,2
25187,1,5.0,0.0,1,3
25188,1,5.0,0.0,1,4
25191,1,5.0,0.0,1,4
25198,1,5.0,0.0,1,2
25200,2,4.0,1.4142135623730951,2,2
25201,3,4.666666666666667,0.5773502691896257,3,3
25204,4,4.0,0.8164965809277259,3,3
25206,1,5.0,0.0,1,3
25215,2,4.0,0.0,2,5
25223,1,5.0,0.0,1,3
25224,1,2.0,0.0,1,2
25228,1,4.0,0.0,1,2
25230,1,3.0,0.0,1,2
25233,2,3.5,0.7071067811865476,2,2
25234,1,3.0,0.0,1,4
25239,3,4.0,1.0,2,3
25246,1,4.0,0.0,1,2
25247,3,4.333333333333333,0.5773502691896257,2,2
25250,2,3.0,0.0,2,2
25252,2,4.5,0.7071067811865476,2,2
25254,1,4.0,0.0,1,2
25259,2,4.5,0.7071067811865476,2,4
25262,1,4.0,0.0,1,2
25264,2,4.5,0.7071067811865476,1,2
25268,1,5.0,0.0,1,3
25273,3,4.0,1.0,3,4
25274,2,4.5,0.7071067811865476,2,2
25277,2,4.5,0.7071067811865476,2,3
25278,4,4.0,1.4142135623730951,3,2
25279,1,3.0,0.0,1,3
25280,1,4.0,0.0,1,3
25284,1,2.0,0.0,1,5
25285,9,4.555555555555555,0.7264831572567788,5,3
25292,6,4.333333333333333,0.816496580927726,5,3
25293,3,5.0,0.0,2,4
25294,2,3.0,1.4142135623730951,2,3
25299,1,3.0,0.0,1,1
25306,1,5.0,0.0,1,4
25309,1,2.0,0.0,1,2
25326,1,4.0,0.0,1,2
25329,1,4.0,0.0,1,2
25331,1,5.0,0.0,1,2
25334,4,4.0,1.1547005383792515,4,2
25338,1,2.0,0.0,1,3
25343,2,3.5,0.7071067811865476,2,3
25346,1,5.0,0.0,1,2
25349,4,3.5,1.2909944487358056,3,5
25350,1,5.0,0.0,1,2
25355,1,5.0,0.0,1,3
25356,1,4.0,0.0,1,3
25363,1,3.0,0.0,1,4
25368,1,3.0,0.0,1,2
25371,1,5.0,0.0,1,3
25372,2,4.0,1.4142135623730951,2,4
25373,1,3.0,0.0,1,2
25377,2,4.5,0.7071067811865476,2,4
25378,1,2.0,0.0,1,3
25379,1,5.0,0.0,1,4
25384,1,4.0,0.0,1,2
25385,3,4.0,1.0,1,5
25386,1,5.0,0.0,1,3
25394,3,5.0,0.0,3,4
25396,1,5.0,0.0,1,2
25399,1,5.0,0.0,1,3
25405,1,2.0,0.0,1,4
25412,1,5.0,0.0,1,3
25414,1,5.0,0.0,1,4
25423,1,2.0,0.0,1,3
25424,1,5.0,0.0,1,4
25425,1,4.0,0.0,1,3
25426,1,1.0,0.0,1,2
25428,4,4.5,0.5773502691896257,4,3
25431,3,3.6666666666666665,0.5773502691896257,2,2
25432,1,5.0,0.0,1,3
25436,1,3.0,0.0,1,4
25441,1,4.0,0.0,1,3
25443,2,5.0,0.0,2,2
25444,4,4.5,0.9999999999999999,3,2
25449,1,4.0,0.0,1,3
25451,2,3.0,2.8284271247461903,2,3
25454,2,5.0,0.0,2,5
25458,1,5.0,0.0,1,3
25460,1,2.0,0.0,1,3
25463,2,4.5,0.7071067811865476,2,2
25465,1,5.0,0.0,1,4
25469,1,5.0,0.0,1,2
25472,1,5.0,0.0,1,3
25473,3,4.666666666666667,0.5773502691896257,3,2
25477,1,5.0,0.0,1,2
25478,2,4.0,0.0,1,3
25481,1,5.0,0.0,1,3
25483,1,5.0,0.0,1,2
25485,1,4.0,0.0,1,2
25489,2,3.0,2.8284271247461903,2,2
25490,1,5.0,0.0,1,3
25493,1,4.0,0.0,1,2
25494,1,1.0,0.0,1,4
25495,1,5.0,0.0,1,4
25496,2,4.0,0.0,2,4
25498,1,5.0,0.0,1,3
25499,1,4.0,0.0,1,2
25503,2,5.0,0.0,2,3
25505,2,5.0,0.0,2,3
25508,2,5.0,0.0,1,2
25509,1,5.0,0.0,1,5
25510,1,3.0,0.0,1,3
25517,2,3.5,0.7071067811865476,2,3
25520,1,3.0,0.0,1,2
25526,1,5.0,0.0,1,2
25529,3,4.666666666666667,0.5773502691896257,3,2
25532,1,3.0,0.0,1,4
25536,1,3.0,0.0,1,3
25537,1,5.0,0.0,1,2
25539,1,5.0,0.0,1,3
25543,1,3.0,0.0,1,2
25544,1,5.0,0.0,1,3
25546,1,4.0,0.0,1,3
25551,1,3.0,0.0,1,3
25561,1,5.0,0.0,1,2
25563,3,4.0,1.0,2,2
25564,1,4.0,0.0,1,2
25565,1,5.0,0.0,1,5
25566,1,4.0,0.0,1,3
25568,1,4.0,0.0,1,3
25569,1,1.0,0.0,1,2
25571,3,4.0,1.0,3,2
25578,2,5.0,0.0,2,3
25580,1,1.0,0.0,1,4
25586,2,4.0,1.4142135623730951,2,2
25590,1,5.0,0.0,1,5
25592,2,5.0,0.0,1,3
25595,1,4.0,0.0,1,3
25596,1,4.0,0.0,1,4
25600,1,4.0,0.0,1,2
25601,1,5.0,0.0,1,4
25605,1,4.0,0.0,1,5
25607,2,3.0,0.0,2,3
25608,2,3.5,2.1213203435596424,2,2
25609,1,4.0,0.0,1,2
25614,1,4.0,0.0,1,5
25618,2,4.5,0.7071067811865476,2,3
25621,1,5.0,0.0,1,4
25624,1,5.0,0.0,1,2
25628,1,4.0,0.0,1,3
25631,2,4.5,0.7071067811865476,2,2
25632,1,5.0,0.0,1,3
25633,1,5.0,0.0,1,4
25634,1,5.0,0.0,1,2
25635,2,5.0,0.0,2,2
25638,1,3.0,0.0,1,4
25639,4,4.25,1.5,4,2
25641,1,4.0,0.0,1,3
25643,1,5.0,0.0,1,2
25644,1,5.0,0.0,1,3
25645,1,5.0,0.0,1,2
25646,1,4.0,0.0,1,2
25647,3,3.6666666666666665,0.5773502691896258,3,2
25654,1,3.0,0.0,1,3
25655,3,3.3333333333333335,1.5275252316519468,2,4
25658,1,4.0,0.0,1,3
25659,1,4.0,0.0,1,2
25669,1,5.0,0.0,1,4
25670,3,4.333333333333333,1.1547005383792515,3,4
25674,2,3.0,2.8284271247461903,2,4
25675,1,3.0,0.0,1,4
25676,1,4.0,0.0,1,2
25677,1,4.0,0.0,1,2
25680,1,4.0,0.0,1,2
25682,2,4.5,0.7071067811865476,2,2
25683,1,4.0,0.0,1,4
25684,1,4.0,0.0,1,3
25685,2,4.5,0.7071067811865476,2,4
25686,1,5.0,0.0,1,5
25688,1,5.0,0.0,1,4
25690,1,5.0,0.0,1,2
25691,1,3.0,0.0,1,4
25700,1,5.0,0.0,1,3
25701,1,5.0,0.0,1,2
25702,2,3.0,1.4142135623730951,2,4
25705,1,4.0,0.0,1,2
25707,1,5.0,0.0,1,2
25708,1,5.0,0.0,1,3
25714,4,4.75,0.4999999999999999,2,2
25717,9,3.6666666666666665,1.5,7,2
25725,1,3.0,0.0,1,4
25730,2,5.0,0.0,2,2
25747,1,5.0,0.0,1,2
25750,1,5.0,0.0,1,4
25751,1,5.0,0.0,1,3
25754,1,4.0,0.0,1,2
25755,2,4.0,0.0,2,4
25756,2,5.0,0.0,2,3
25759,1,4.0,0.0,1,4
25762,5,4.4,0.5477225575051662,5,3
25763,1,4.0,0.0,1,3
25765,4,3.75,0.9574271077563381,4,2
25766,2,4.0,0.0,2,2
25768,1,5.0,0.0,1,2
25770,1,3.0,0.0,1,3
25771,1,5.0,0.0,1,3
25772,1,5.0,0.0,1,2
25773,1,5.0,0.0,1,2
25775,2,4.5,0.7071067811865476,2,2
25781,1,3.0,0.0,1,3
25782,2,4.0,0.0,2,3
25783,1,4.0,0.0,1,4
25785,1,4.0,0.0,1,3
25788,1,3.0,0.0,1,2
25796,2,5.0,0.0,2,2
25798,1,4.0,0.0,1,3
25804,3,4.0,1.0,3,2
25807,1,3.0,0.0,1,5
25808,2,5.0,0.0,2,3
25810,1,5.0,0.0,1,2
25811,1,4.0,0.0,1,2
25814,1,5.0,0.0,1,3
25816,3,4.0,1.0,3,3
25819,1,5.0,0.0,1,3
25820,1,5.0,0.0,1,3
25823,1,4.0,0.0,1,2
25824,1,5.0,0.0,1,4
25826,1,5.0,0.0,1,1
25832,1,5.0,0.0,1,4
25834,5,3.6,1.3416407864998738,4,2
25837,3,3.6666666666666665,0.5773502691896258,3,2
25841,1,4.0,0.0,1,5
25843,1,4.0,0.0,1,2
25845,1,2.0,0.0,1,3
25849,1,5.0,0.0,1,3
25852,1,4.0,0.0,1,4
25854,1,4.0,0.0,1,3
25856,1,5.0,0.0,1,2
25861,1,4.0,0.0,1,3
25863,1,5.0,0.0,1,3
25869,1,3.0,0.0,1,5
25875,1,2.0,0.0,1,3
25881,1,5.0,0.0,1,2
25882,1,3.0,0.0,1,2
25885,1,5.0,0.0,1,2
25887,9,4.555555555555555,1.3333333333333333,7,2
25889,2,3.0,0.0,2,2
25895,3,4.0,1.0,3,3
25906,1,4.0,0.0,1,3
25909,2,4.5,0.7071067811865476,2,2
25910,1,2.0,0.0,1,4
25911,1,5.0,0.0,1,2
25913,1,3.0,0.0,1,2
25915,1,5.0,0.0,1,2
25917,2,3.0,2.8284271247461903,2,3
25920,2,3.0,2.8284271247461903,2,3
25925,3,2.6666666666666665,1.5275252316519468,3,2
25927,1,4.0,0.0,1,2
25932,2,3.0,0.0,2,2
25933,1,4.0,0.0,1,4
25936,1,2.0,0.0,1,3
25938,1,5.0,0.0,1,2
25941,1,5.0,0.0,1,2
25942,3,3.3333333333333335,2.0816659994661326,3,2
25943,1,3.0,0.0,1,4
25948,1,5.0,0.0,1,2
25953,1,4.0,0.0,1,2
25955,3,4.666666666666667,0.5773502691896257,3,5
25957,2,4.5,0.7071067811865476,2,3
25963,12,4.0,0.42640143271122105,7,4
25964,2,5.0,0.0,2,3
25966,1,5.0,0.0,1,3
25967,1,4.0,0.0,1,3
25974,1,4.0,0.0,1,3
25976,1,5.0,0.0,1,3
25978,1,5.0,0.0,1,5
25979,5,4.0,1.0,4,3
25980,1,2.0,0.0,1,4
25985,1,4.0,0.0,1,1
25986,4,3.25,1.707825127659933,4,3
25993,2,4.5,0.7071067811865476,2,2
25994,1,5.0,0.0,1,2
25995,3,4.333333333333333,1.1547005383792515,3,2
25996,1,4.0,0.0,1,3
25997,1,1.0,0.0,1,3
26000,1,3.0,0.0,1,3
26001,1,5.0,0.0,1,2
26003,2,4.5,0.7071067811865476,2,4
26004,1,3.0,0.0,1,3
26007,2,5.0,0.0,2,2
26008,1,3.0,0.0,1,4
26009,1,5.0,0.0,1,3
26021,1,5.0,0.0,1,3
26025,2,5.0,0.0,2,2
26026,1,5.0,0.0,1,2
26027,1,4.0,0.0,1,2
26033,1,4.0,0.0,1,2
26034,1,5.0,0.0,1,1
26039,1,5.0,0.0,1,2
26040,1,5.0,0.0,1,2
26042,1,5.0,0.0,1,2
26043,1,4.0,0.0,1,3
26046,1,4.0,0.0,1,3
26047,1,5.0,0.0,1,3
26048,1,5.0,0.0,1,2
26049,1,2.0,0.0,1,2
26060,1,3.0,0.0,1,2
26061,1,5.0,0.0,1,2
26064,1,5.0,0.0,1,2
26066,2,4.0,0.0,2,3
26075,1,3.0,0.0,1,3
26079,2,4.5,0.7071067811865476,2,2
26080,1,4.0,0.0,1,2
26084,1,5.0,0.0,1,2
26087,1,5.0,0.0,1,3
26091,1,4.0,0.0,1,2
26094,1,4.0,0.0,1,2
26096,1,5.0,0.0,1,3
26100,1,2.0,0.0,1,4
26103,1,5.0,0.0,1,3
26106,1,5.0,0.0,1,2
26107,2,4.5,0.7071067811865476,2,3
26108,2,5.0,0.0,2,2
26119,1,3.0,0.0,1,3
26121,1,5.0,0.0,1,2
26123,1,5.0,0.0,1,5
26124,3,4.0,1.0,2,3
26125,2,3.5,2.1213203435596424,2,4
26126,1,3.0,0.0,1,5
26128,1,5.0,0.0,1,3
26129,1,3.0,0.0,1,3
26130,2,3.0,2.8284271247461903,2,3
26134,1,4.0,0.0,1,2
26135,1,4.0,0.0,1,2
26139,1,5.0,0.0,1,3
26141,1,5.0,0.0,1,2
26142,3,3.0,1.0,2,3
26143,1,3.0,0.0,1,4
26145,1,5.0,0.0,1,4
26146,1,5.0,0.0,1,2
26147,1,4.0,0.0,1,2
26150,3,4.0,1.0,3,2
26153,1,5.0,0.0,1,4
26156,1,4.0,0.0,1,4
26158,1,4.0,0.0,1,3
26159,3,4.333333333333333,0.5773502691896257,2,5
26160,1,5.0,0.0,1,2
26161,1,5.0,0.0,1,3
26162,1,4.0,0.0,1,2
26163,1,4.0,0.0,1,4
26165,1,4.0,0.0,1,3
26168,2,3.0,1.4142135623730951,2,2
26171,1,5.0,0.0,1,3
26174,1,1.0,0.0,1,2
26175,1,3.0,0.0,1,2
26178,1,4.0,0.0,1,3
26179,1,5.0,0.0,1,2
26180,1,5.0,0.0,1,3
26187,1,5.0,0.0,1,3
26189,1,5.0,0.0,1,5
26191,1,3.0,0.0,1,3
26192,1,5.0,0.0,1,3
26194,1,4.0,0.0,1,3
26200,1,5.0,0.0,1,2
26202,1,5.0,0.0,1,3
26204,1,4.0,0.0,1,2
26205,1,4.0,0.0,1,5
26207,1,5.0,0.0,1,3
26209,1,4.0,0.0,1,4
26212,1,4.0,0.0,1,2
26213,1,4.0,0.0,1,2
26214,4,4.5,1.0,4,2
26215,1,3.0,0.0,1,4
26218,1,4.0,0.0,1,2
26222,1,3.0,0.0,1,4
26223,8,3.5,1.5118578920369088,5,2
26225,1,4.0,0.0,1,3
26226,9,4.222222222222222,0.8333333333333334,6,2
26227,1,5.0,0.0,1,3
26229,1,4.0,0.0,1,3
26231,1,5.0,0.0,1,4
26235,13,4.461538461538462,0.5188745216627708,6,2
26236,1,4.0,0.0,1,3
26241,1,4.0,0.0,1,2
26245,1,4.0,0.0,1,3
26246,1,4.0,0.0,1,4
26253,1,5.0,0.0,1,4
26254,1,5.0,0.0,1,3
26257,1,3.0,0.0,1,2
26265,1,4.0,0.0,1,3
26271,19,4.052631578947368,1.2235505806429963,10,2
26275,7,4.0,0.816496580927726,6,2
26276,3,3.6666666666666665,0.5773502691896258,3,2
26278,1,4.0,0.0,1,2
26280,1,5.0,0.0,1,3
26282,1,4.0,0.0,1,3
26287,1,3.0,0.0,1,3
26296,1,5.0,0.0,1,2
26307,1,5.0,0.0,1,2
26309,1,5.0,0.0,1,2
26311,2,4.5,0.7071067811865476,2,2
26313,2,3.5,0.7071067811865476,2,2
26329,1,3.0,0.0,1,2
26330,1,5.0,0.0,1,3
26331,1,4.0,0.0,1,2
26333,16,4.625,0.6191391873668902,6,3
26335,4,3.25,0.9574271077563381,3,3
26337,1,4.0,0.0,1,4
26344,5,4.4,0.547722557505166,3,2
26346,1,5.0,0.0,1,2
26347,1,4.0,0.0,1,4
26354,1,5.0,0.0,1,3
26358,2,4.5,0.7071067811865476,2,2
26362,2,4.0,1.4142135623730951,2,2
26363,1,5.0,0.0,1,3
26366,1,5.0,0.0,1,3
26367,2,4.0,0.0,2,4
26369,4,4.25,0.9574271077563382,4,4
26370,1,5.0,0.0,1,4
26373,2,3.5,0.7071067811865476,1,2
26377,1,4.0,0.0,1,2
26378,1,5.0,0.0,1,2
26380,1,4.0,0.0,1,3
26389,3,4.0,1.0,2,2
26392,1,4.0,0.0,1,2
26394,1,4.0,0.0,1,2
26395,1,5.0,0.0,1,2
26398,2,4.0,1.4142135623730951,2,2
26412,1,5.0,0.0,1,3
26415,3,4.666666666666667,0.5773502691896257,3,3
26417,1,1.0,0.0,1,3
26418,1,3.0,0.0,1,2
26420,1,5.0,0.0,1,3
26422,1,4.0,0.0,1,2
26424,1,5.0,0.0,1,3
26432,1,5.0,0.0,1,3
26433,1,3.0,0.0,1,2
26437,1,5.0,0.0,1,4
26440,1,4.0,0.0,1,3
26441,3,4.666666666666667,0.5773502691896257,3,4
26443,1,4.0,0.0,1,2
26447,1,5.0,0.0,1,2
26451,1,3.0,0.0,1,3
26458,1,4.0,0.0,1,2
26459,1,5.0,0.0,1,3
26460,2,3.5,0.7071067811865476,2,2
26462,1,3.0,0.0,1,3
26463,2,2.5,0.7071067811865476,2,2
26466,2,5.0,0.0,2,2
26473,2,5.0,0.0,2,2
26476,1,4.0,0.0,1,2
26486,1,3.0,0.0,1,2
26488,4,4.25,0.9574271077563381,1,3
26491,1,5.0,0.0,1,3
26498,1,5.0,0.0,1,2
26499,8,3.875,0.8345229603962803,4,2
26500,1,5.0,0.0,1,2
26502,1,3.0,0.0,1,2
26504,1,3.0,0.0,1,2
26508,1,5.0,0.0,1,4
26510,1,4.0,0.0,1,3
26519,1,4.0,0.0,1,2
26520,1,3.0,0.0,1,2
26522,1,4.0,0.0,1,2
26523,1,5.0,0.0,1,2
26524,1,4.0,0.0,1,3
26525,1,5.0,0.0,1,4
26530,1,5.0,0.0,1,3
26532,1,3.0,0.0,1,2
26533,3,4.333333333333333,0.5773502691896257,3,1
26534,1,3.0,0.0,1,2
26537,1,5.0,0.0,1,3
26541,1,4.0,0.0,1,4
26545,1,4.0,0.0,1,3
26546,2,4.5,0.7071067811865476,2,2
26548,3,4.0,0.0,3,2
26551,1,3.0,0.0,1,4
26552,1,5.0,0.0,1,2
26559,1,5.0,0.0,1,2
26568,3,4.666666666666667,0.5773502691896257,3,4
26569,1,5.0,0.0,1,3
26574,1,5.0,0.0,1,3
26576,1,5.0,0.0,1,5
26577,1,5.0,0.0,1,4
26585,1,3.0,0.0,1,2
26593,1,5.0,0.0,1,4
26594,1,3.0,0.0,1,5
26597,2,3.0,0.0,1,3
26598,1,4.0,0.0,1,2
26601,1,5.0,0.0,1,2
26602,1,4.0,0.0,1,4
26604,1,5.0,0.0,1,3
26608,1,5.0,0.0,1,5
26610,2,4.5,0.7071067811865476,2,2
26611,3,4.666666666666667,0.5773502691896257,3,3
26612,2,5.0,0.0,2,3
26617,3,4.0,1.0,3,2
26619,1,1.0,0.0,1,5
26620,1,5.0,0.0,1,2
26623,1,3.0,0.0,1,3
26627,2,5.0,0.0,2,2
26628,1,5.0,0.0,1,2
26632,1,5.0,0.0,1,2
26636,1,4.0,0.0,1,2
26643,3,4.333333333333333,0.5773502691896257,1,2
26644,4,4.25,0.9574271077563381,3,5
26646,1,5.0,0.0,1,2
26648,2,3.0,0.0,2,2
26649,1,3.0,0.0,1,3
26650,1,2.0,0.0,1,5
26654,1,4.0,0.0,1,2
26655,1,4.0,0.0,1,2
26656,1,4.0,0.0,1,2
26664,3,5.0,0.0,3,2
26670,3,4.666666666666667,0.5773502691896257,3,3
26672,1,4.0,0.0,1,2
26675,1,3.0,0.0,1,3
26677,1,5.0,0.0,1,2
26679,1,5.0,0.0,1,4
26686,1,5.0,0.0,1,2
26687,1,5.0,0.0,1,5
26692,1,5.0,0.0,1,4
26695,1,4.0,0.0,1,3
26699,1,5.0,0.0,1,2
26701,1,5.0,0.0,1,4
26703,1,5.0,0.0,1,4
26706,1,5.0,0.0,1,3
26711,1,5.0,0.0,1,4
26714,1,4.0,0.0,1,2
26716,2,4.0,0.0,2,4
26720,2,3.5,2.1213203435596424,2,3
26721,1,3.0,0.0,1,2
26726,2,3.5,0.7071067811865476,2,3
26729,1,3.0,0.0,1,3
26730,1,3.0,0.0,1,2
26731,1,5.0,0.0,1,2
26734,1,4.0,0.0,1,2
26735,2,4.5,0.7071067811865476,2,2
26738,2,5.0,0.0,2,2
26742,1,2.0,0.0,1,4
26743,1,4.0,0.0,1,3
26745,1,5.0,0.0,1,4
26749,1,5.0,0.0,1,3
26753,1,4.0,0.0,1,2
26754,2,4.0,0.0,1,2
26755,1,5.0,0.0,1,3
26758,1,2.0,0.0,1,2
26759,1,5.0,0.0,1,2
26762,1,5.0,0.0,1,5
26763,1,5.0,0.0,1,3
26764,1,4.0,0.0,1,2
26766,1,5.0,0.0,1,2
26767,1,2.0,0.0,1,2
26770,1,3.0,0.0,1,2
26774,2,5.0,0.0,2,3
26775,2,4.5,0.7071067811865476,2,2
26777,2,4.0,0.0,2,3
26778,1,4.0,0.0,1,2
26781,1,4.0,0.0,1,3
26785,1,3.0,0.0,1,3
26790,1,5.0,0.0,1,3
26791,1,4.0,0.0,1,4
26795,1,3.0,0.0,1,3
26797,1,4.0,0.0,1,2
26800,1,5.0,0.0,1,2
26803,1,4.0,0.0,1,4
26804,1,5.0,0.0,1,2
26811,3,4.666666666666667,0.5773502691896258,2,4
26816,3,4.0,1.0,3,1
26824,1,3.0,0.0,1,3
26827,2,4.5,0.7071067811865476,2,4
26836,1,2.0,0.0,1,2
26837,1,3.0,0.0,1,3
26839,1,4.0,0.0,1,2
26843,1,5.0,0.0,1,2
26848,2,4.0,1.4142135623730951,2,4
26849,2,3.5,0.7071067811865476,2,5
26850,1,5.0,0.0,1,2
26856,1,5.0,0.0,1,4
26858,1,2.0,0.0,1,3
26859,6,4.5,0.8366600265340756,5,5
26862,1,5.0,0.0,1,2
26864,3,4.666666666666667,0.5773502691896257,3,3
26868,1,3.0,0.0,1,2
26869,1,5.0,0.0,1,2
26870,1,2.0,0.0,1,3
26872,4,4.5,0.5773502691896257,4,3
26877,2,5.0,0.0,2,2
26879,1,5.0,0.0,1,4
26881,2,4.5,0.7071067811865476,2,3
26883,1,5.0,0.0,1,4
26884,2,5.0,0.0,1,3
26885,3,3.3333333333333335,0.5773502691896258,3,4
26891,1,5.0,0.0,1,4
26892,1,4.0,0.0,1,4
26893,1,3.0,0.0,1,3
26898,4,4.5,0.5773502691896257,3,2
26901,1,4.0,0.0,1,4
26902,1,4.0,0.0,1,2
26905,1,4.0,0.0,1,2
26907,1,5.0,0.0,1,3
26909,1,3.0,0.0,1,5
26910,2,5.0,0.0,2,2
26912,1,5.0,0.0,1,2
26913,1,5.0,0.0,1,3
26922,1,5.0,0.0,1,2
26924,1,5.0,0.0,1,4
26925,5,3.8,0.8366600265340756,5,4
26928,2,3.5,0.7071067811865476,2,4
26929,1,5.0,0.0,1,2
26931,1,5.0,0.0,1,4
26936,1,5.0,0.0,1,3
26941,2,5.0,0.0,2,3
26948,1,5.0,0.0,1,5
26952,1,5.0,0.0,1,3
26956,1,2.0,0.0,1,3
26961,1,4.0,0.0,1,3
26962,1,5.0,0.0,1,4
26966,1,4.0,0.0,1,2
26974,1,5.0,0.0,1,3
26976,1,5.0,0.0,1,3
26980,1,5.0,0.0,1,3
26981,1,4.0,0.0,1,3
26983,1,5.0,0.0,1,5
26986,5,4.8,0.44721359549995787,4,4
26987,1,5.0,0.0,1,2
26988,1,5.0,0.0,1,4
26989,1,1.0,0.0,1,2
26990,4,4.0,0.816496580927726,4,2
26998,2,3.5,0.7071067811865476,2,2
26999,1,5.0,0.0,1,5
27001,1,4.0,0.0,1,5
27005,1,5.0,0.0,1,2
27006,2,5.0,0.0,1,2
27009,1,5.0,0.0,1,2
27011,1,5.0,0.0,1,3
27012,1,4.0,0.0,1,2
27013,1,4.0,0.0,1,3
27015,1,4.0,0.0,1,2
27016,1,5.0,0.0,1,2
27017,2,3.5,2.1213203435596424,2,3
27020,1,3.0,0.0,1,3
27021,1,5.0,0.0,1,2
27024,3,5.0,0.0,3,2
27025,2,4.0,1.4142135623730951,2,2
27027,1,3.0,0.0,1,4
27029,1,3.0,0.0,1,3
27039,1,4.0,0.0,1,2
27040,1,5.0,0.0,1,4
27041,1,5.0,0.0,1,2
27043,1,4.0,0.0,1,2
27046,4,4.0,0.816496580927726,4,2
27051,2,4.0,1.4142135623730951,2,2
27055,2,4.5,0.7071067811865476,2,2
27056,1,5.0,0.0,1,3
27058,1,4.0,0.0,1,3
27059,2,3.0,1.4142135623730951,2,2
27060,1,3.0,0.0,1,2
27061,1,5.0,0.0,1,4
27069,1,5.0,0.0,1,4
27070,1,5.0,0.0,1,5
27075,1,5.0,0.0,1,3
27076,2,3.5,0.7071067811865476,2,4
27078,1,5.0,0.0,1,2
27079,1,3.0,0.0,1,3
27084,1,4.0,0.0,1,5
27087,1,5.0,0.0,1,4
27089,1,3.0,0.0,1,2
27091,1,5.0,0.0,1,4
27097,4,3.75,1.2583057392117916,3,2
27101,1,5.0,0.0,1,3
27114,3,4.0,0.0,3,4
27122,1,5.0,0.0,1,3
27128,1,4.0,0.0,1,4
27129,4,5.0,0.0,4,2
27130,1,5.0,0.0,1,2
27133,1,4.0,0.0,1,4
27134,1,2.0,0.0,1,4
27137,2,4.0,0.0,2,4
27138,3,3.3333333333333335,1.5275252316519468,3,5
27139,2,4.0,0.0,2,2
27140,1,5.0,0.0,1,2
27141,1,5.0,0.0,1,2
27143,1,5.0,0.0,1,2
27146,1,4.0,0.0,1,3
27147,1,4.0,0.0,1,5
27150,1,3.0,0.0,1,2
27154,1,4.0,0.0,1,3
27156,1,4.0,0.0,1,4
27157,2,4.5,0.7071067811865476,2,4
27160,1,5.0,0.0,1,2
27163,1,5.0,0.0,1,2
27165,1,2.0,0.0,1,2
27166,1,5.0,0.0,1,2
27167,1,4.0,0.0,1,3
27170,1,5.0,0.0,1,2
27176,1,5.0,0.0,1,4
27178,1,4.0,0.0,1,3
27190,1,4.0,0.0,1,4
27197,2,5.0,0.0,2,2
27201,1,5.0,0.0,1,2
27203,2,5.0,0.0,2,3
27204,2,5.0,0.0,2,2
27206,1,4.0,0.0,1,5
27212,1,5.0,0.0,1,5
27214,1,5.0,0.0,1,2
27219,2,4.5,0.7071067811865476,2,3
27222,2,4.0,0.0,1,2
27224,2,4.0,0.0,2,2
27226,1,5.0,0.0,1,3
27228,1,5.0,0.0,1,2
27231,1,4.0,0.0,1,3
27232,1,4.0,0.0,1,3
27234,1,5.0,0.0,1,2
27237,2,3.5,2.1213203435596424,2,4
27240,3,3.6666666666666665,0.5773502691896257,3,3
27244,1,3.0,0.0,1,2
27245,2,3.5,0.7071067811865476,2,3
27249,1,4.0,0.0,1,2
27251,1,4.0,0.0,1,3
27252,1,5.0,0.0,1,3
27254,1,4.0,0.0,1,3
27262,1,4.0,0.0,1,3
27264,1,5.0,0.0,1,2
27271,2,4.0,0.0,2,3
27275,2,4.0,0.0,1,3
27277,1,4.0,0.0,1,5
27281,2,5.0,0.0,2,2
27284,1,4.0,0.0,1,2
27285,1,5.0,0.0,1,5
27286,1,5.0,0.0,1,3
27288,1,5.0,0.0,1,2
27290,1,5.0,0.0,1,3
27294,1,5.0,0.0,1,3
27295,1,4.0,0.0,1,4
27296,1,5.0,0.0,1,3
27299,2,5.0,0.0,2,3
27301,2,5.0,0.0,2,3
27303,2,5.0,0.0,2,3
27308,1,4.0,0.0,1,3
27314,3,4.666666666666667,0.5773502691896257,3,2
27318,1,5.0,0.0,1,4
27323,1,5.0,0.0,1,2
27325,3,4.333333333333333,1.1547005383792515,3,2
27329,1,5.0,0.0,1,2
27334,1,4.0,0.0,1,4
27342,1,5.0,0.0,1,3
27348,1,4.0,0.0,1,5
27350,2,5.0,0.0,2,2
27351,1,5.0,0.0,1,2
27353,1,4.0,0.0,1,3
27356,1,3.0,0.0,1,2
27362,1,3.0,0.0,1,4
27370,1,3.0,0.0,1,3
27372,1,5.0,0.0,1,3
27379,1,4.0,0.0,1,2
27380,1,4.0,0.0,1,3
27390,1,5.0,0.0,1,4
27391,1,3.0,0.0,1,3
27394,3,4.0,0.0,3,5
27395,2,3.5,0.7071067811865476,2,2
27406,1,5.0,0.0,1,2
27407,3,2.6666666666666665,2.0816659994661326,3,2
27410,1,5.0,0.0,1,4
27417,2,5.0,0.0,2,1
27420,1,4.0,0.0,1,1
27426,1,5.0,0.0,1,3
27427,5,4.8,0.44721359549995787,5,2
27432,2,4.5,0.7071067811865476,2,2
27443,1,5.0,0.0,1,3
27444,1,4.0,0.0,1,3
27449,2,4.5,0.7071067811865476,1,3
27450,1,5.0,0.0,1,3
27453,1,5.0,0.0,1,4
27464,1,5.0,0.0,1,2
27467,1,4.0,0.0,1,3
27469,1,5.0,0.0,1,4
27472,1,5.0,0.0,1,2
27473,1,3.0,0.0,1,2
27485,1,4.0,0.0,1,5
27487,1,3.0,0.0,1,4
27488,1,1.0,0.0,1,4
27489,1,4.0,0.0,1,2
27490,1,5.0,0.0,1,4
27492,2,3.5,2.1213203435596424,2,1
27496,1,5.0,0.0,1,5
27498,1,4.0,0.0,1,3
27499,1,3.0,0.0,1,3
27500,1,3.0,0.0,1,3
27501,1,4.0,0.0,1,2
27505,1,4.0,0.0,1,2
27506,1,3.0,0.0,1,4
27507,1,5.0,0.0,1,5
27511,1,5.0,0.0,1,3
27512,1,4.0,0.0,1,4
27514,1,2.0,0.0,1,2
27516,1,3.0,0.0,1,5
27517,1,4.0,0.0,1,2
27526,1,5.0,0.0,1,2
27527,1,4.0,0.0,1,3
27531,1,5.0,0.0,1,5
27535,1,2.0,0.0,1,2
27537,1,4.0,0.0,1,2
27538,1,5.0,0.0,1,4
27545,1,3.0,0.0,1,4
27548,1,4.0,0.0,1,3
27549,1,4.0,0.0,1,3
27550,3,4.666666666666667,0.5773502691896257,3,2
27551,1,5.0,0.0,1,4
27555,1,3.0,0.0,1,2
27556,1,5.0,0.0,1,4
27558,1,5.0,0.0,1,2
27559,1,5.0,0.0,1,3
27560,1,5.0,0.0,1,3
27562,1,5.0,0.0,1,3
27568,1,4.0,0.0,1,4
27579,2,3.0,1.4142135623730951,2,3
27581,2,5.0,0.0,2,3
27583,1,4.0,0.0,1,2
27585,1,3.0,0.0,1,3
27587,1,2.0,0.0,1,5
27590,2,4.0,1.4142135623730951,1,4
27594,1,4.0,0.0,1,3
27595,1,3.0,0.0,1,4
27597,1,5.0,0.0,1,2
27598,2,4.0,0.0,2,2
27599,1,4.0,0.0,1,2
27600,1,3.0,0.0,1,2
27603,3,3.6666666666666665,0.5773502691896257,2,3
27611,2,4.5,0.7071067811865476,2,2
27617,3,4.333333333333333,0.5773502691896257,3,3
27618,2,4.0,0.0,2,2
27620,1,4.0,0.0,1,4
27627,1,5.0,0.0,1,3
27629,1,4.0,0.0,1,5
27634,1,5.0,0.0,1,3
27636,1,5.0,0.0,1,4
27637,1,5.0,0.0,1,4
27641,1,5.0,0.0,1,5
27642,2,5.0,0.0,2,3
27644,2,4.5,0.7071067811865476,1,2
27645,1,4.0,0.0,1,3
27646,1,3.0,0.0,1,2
27651,1,4.0,0.0,1,3
27655,1,4.0,0.0,1,5
27656,4,4.25,0.9574271077563382,3,2
27657,1,5.0,0.0,1,4
27658,1,4.0,0.0,1,4
27659,1,5.0,0.0,1,4
27662,2,5.0,0.0,1,2
27663,1,5.0,0.0,1,2
27666,1,5.0,0.0,1,2
27668,1,5.0,0.0,1,3
27669,1,4.0,0.0,1,2
27670,1,5.0,0.0,1,2
27672,1,5.0,0.0,1,3
27677,3,4.666666666666667,0.5773502691896258,3,3
27679,1,5.0,0.0,1,1
27680,1,2.0,0.0,1,3
27681,2,5.0,0.0,2,2
27695,2,3.0,1.4142135623730951,2,2
27698,1,5.0,0.0,1,3
27700,1,5.0,0.0,1,3
27701,1,5.0,0.0,1,2
27705,1,4.0,0.0,1,2
27707,5,4.4,0.8944271909999159,2,3
27708,1,5.0,0.0,1,3
27710,1,4.0,0.0,1,5
27712,2,4.5,0.7071067811865476,2,3
27718,2,4.0,1.4142135623730951,2,4
27722,2,4.0,1.4142135623730951,2,2
27724,1,5.0,0.0,1,2
27729,1,5.0,0.0,1,2
27734,1,5.0,0.0,1,2
27735,1,5.0,0.0,1,3
27740,1,4.0,0.0,1,4
27741,1,3.0,0.0,1,3
27742,1,4.0,0.0,1,4
27749,2,3.0,2.8284271247461903,2,2
27752,1,5.0,0.0,1,3
27753,1,4.0,0.0,1,2
27759,1,5.0,0.0,1,3
27766,1,4.0,0.0,1,2
27767,1,4.0,0.0,1,3
27769,1,5.0,0.0,1,4
27771,1,4.0,0.0,1,2
27778,2,4.5,0.7071067811865476,2,3
27781,1,4.0,0.0,1,4
27787,3,4.0,1.0,3,2
27791,1,5.0,0.0,1,3
27794,1,3.0,0.0,1,2
27795,1,4.0,0.0,1,3
27796,2,3.5,0.7071067811865476,2,2
27797,1,5.0,0.0,1,2
27798,1,3.0,0.0,1,2
27803,1,5.0,0.0,1,2
27810,1,5.0,0.0,1,3
27811,1,5.0,0.0,1,3
27813,1,5.0,0.0,1,4
27818,1,4.0,0.0,1,2
27821,1,4.0,0.0,1,3
27822,4,4.25,0.9574271077563382,4,2
27823,1,5.0,0.0,1,3
27825,1,4.0,0.0,1,5
27830,1,5.0,0.0,1,2
27832,1,4.0,0.0,1,2
27834,1,4.0,0.0,1,4
27837,5,4.4,0.5477225575051662,5,2
27838,1,5.0,0.0,1,2
27839,1,3.0,0.0,1,3
27840,1,5.0,0.0,1,1
27844,1,3.0,0.0,1,4
27851,1,5.0,0.0,1,2
27853,1,5.0,0.0,1,2
27854,1,5.0,0.0,1,2
27855,1,5.0,0.0,1,2
27856,1,5.0,0.0,1,2
27857,1,5.0,0.0,1,3
27865,1,4.0,0.0,1,2
27867,1,4.0,0.0,1,4
27868,2,3.5,0.7071067811865476,1,1
27870,1,4.0,0.0,1,2
27871,1,4.0,0.0,1,3
27876,1,5.0,0.0,1,4
27883,2,4.5,0.7071067811865476,1,2
27885,1,5.0,0.0,1,5
27887,1,3.0,0.0,1,2
27889,1,5.0,0.0,1,2
27890,1,5.0,0.0,1,4
27892,1,5.0,0.0,1,2
27893,2,5.0,0.0,2,2
27897,1,5.0,0.0,1,2
27898,1,5.0,0.0,1,3
27903,1,4.0,0.0,1,4
27905,1,2.0,0.0,1,3
27914,1,4.0,0.0,1,3
27917,2,4.0,0.0,2,3
27920,1,4.0,0.0,1,3
27923,1,3.0,0.0,1,2
27932,4,4.5,0.5773502691896257,4,2
27934,1,4.0,0.0,1,3
27938,1,5.0,0.0,1,3
27939,1,3.0,0.0,1,5
27945,2,3.5,0.7071067811865476,2,4
27946,2,4.5,0.7071067811865476,2,3
27948,1,4.0,0.0,1,3
27950,1,3.0,0.0,1,2
27954,1,5.0,0.0,1,3
27955,1,5.0,0.0,1,2
27956,1,4.0,0.0,1,2
27957,1,3.0,0.0,1,3
27959,2,4.5,0.7071067811865476,2,3
27963,1,4.0,0.0,1,3
27968,1,5.0,0.0,1,4
27977,1,4.0,0.0,1,4
27986,1,4.0,0.0,1,2
27988,1,3.0,0.0,1,2
27989,1,5.0,0.0,1,2
27990,1,4.0,0.0,1,2
27991,3,4.333333333333333,1.1547005383792515,3,4
27993,1,5.0,0.0,1,4
27996,3,4.666666666666667,0.5773502691896257,3,4
27998,1,5.0,0.0,1,3
27999,1,5.0,0.0,1,3
28000,1,4.0,0.0,1,4
28004,1,5.0,0.0,1,2
28008,1,4.0,0.0,1,3
28010,1,5.0,0.0,1,2
28016,1,3.0,0.0,1,4
28019,1,4.0,0.0,1,3
28022,1,4.0,0.0,1,3
28024,1,3.0,0.0,1,2
28027,1,4.0,0.0,1,2
28030,1,5.0,0.0,1,1
28031,1,5.0,0.0,1,3
28035,1,5.0,0.0,1,3
28044,1,3.0,0.0,1,2
28051,1,3.0,0.0,1,3
28053,1,1.0,0.0,1,2
28059,1,5.0,0.0,1,4
28061,1,5.0,0.0,1,2
28065,1,5.0,0.0,1,5
28067,2,5.0,0.0,2,5
28068,1,5.0,0.0,1,3
28069,1,5.0,0.0,1,3
28070,1,5.0,0.0,1,3
28072,1,5.0,0.0,1,2
28078,1,4.0,0.0,1,5
28079,2,4.0,1.4142135623730951,2,2
28083,1,5.0,0.0,1,2
28094,1,5.0,0.0,1,2
28097,1,5.0,0.0,1,2
28098,1,5.0,0.0,1,2
28104,2,2.5,2.1213203435596424,2,2
28105,1,3.0,0.0,1,5
28106,1,4.0,0.0,1,4
28111,1,5.0,0.0,1,2
28114,3,4.333333333333333,0.5773502691896257,3,3
28115,1,1.0,0.0,1,5
28119,1,1.0,0.0,1,3
28122,1,5.0,0.0,1,3
28127,1,5.0,0.0,1,2
28130,1,5.0,0.0,1,5
28133,1,5.0,0.0,1,2
28136,1,4.0,0.0,1,4
28141,1,4.0,0.0,1,2
28142,1,4.0,0.0,1,3
28148,1,1.0,0.0,1,3
28151,3,4.0,0.0,3,2
28155,1,4.0,0.0,1,4
28158,1,5.0,0.0,1,2
28159,1,3.0,0.0,1,2
28164,1,3.0,0.0,1,2
28167,1,1.0,0.0,1,2
28169,1,4.0,0.0,1,3
28171,2,4.0,0.0,2,3
28173,1,5.0,0.0,1,3
28174,1,5.0,0.0,1,5
28176,1,5.0,0.0,1,5
28180,1,2.0,0.0,1,3
28181,3,5.0,0.0,3,2
28182,1,5.0,0.0,1,2
28192,3,4.0,0.0,3,2
28194,1,5.0,0.0,1,2
28195,1,4.0,0.0,1,2
28196,2,4.0,0.0,2,2
28197,2,3.5,0.7071067811865476,2,1
28198,1,5.0,0.0,1,3
28199,1,3.0,0.0,1,3
28201,1,4.0,0.0,1,4
28205,1,4.0,0.0,1,4
28207,1,5.0,0.0,1,2
28213,1,5.0,0.0,1,2
28214,3,3.6666666666666665,0.5773502691896258,3,4
28222,1,1.0,0.0,1,3
28225,1,3.0,0.0,1,3
28230,2,5.0,0.0,2,2
28232,1,4.0,0.0,1,2
28234,1,5.0,0.0,1,2
28237,2,4.5,0.7071067811865476,2,2
28240,1,4.0,0.0,1,2
28241,1,4.0,0.0,1,5
28244,1,5.0,0.0,1,2
28245,3,4.333333333333333,0.5773502691896257,3,5
28248,3,3.3333333333333335,0.5773502691896258,3,4
28249,1,3.0,0.0,1,4
28251,1,5.0,0.0,1,2
28255,2,5.0,0.0,2,2
28257,1,5.0,0.0,1,2
28258,1,4.0,0.0,1,2
28260,1,4.0,0.0,1,2
28264,2,5.0,0.0,2,2
28270,1,4.0,0.0,1,2
28272,1,4.0,0.0,1,3
28275,1,5.0,0.0,1,5
28287,1,1.0,0.0,1,4
28289,2,4.0,1.4142135623730951,2,2
28294,1,3.0,0.0,1,4
28295,1,5.0,0.0,1,2
28299,2,5.0,0.0,2,2
28301,2,3.0,0.0,2,5
28302,2,3.0,1.4142135623730951,2,2
28306,2,3.0,0.0,2,4
28308,1,2.0,0.0,1,3
28309,1,5.0,0.0,1,2
28315,1,4.0,0.0,1,4
28328,3,4.666666666666667,0.5773502691896257,3,2
28331,1,3.0,0.0,1,3
28336,1,5.0,0.0,1,3
28337,1,4.0,0.0,1,3
28338,1,1.0,0.0,1,2
28340,1,5.0,0.0,1,3
28341,1,3.0,0.0,1,4
28342,1,4.0,0.0,1,2
28351,1,5.0,0.0,1,3
28354,1,4.0,0.0,1,5
28356,1,5.0,0.0,1,5
28357,2,3.5,0.7071067811865476,2,2
28362,1,5.0,0.0,1,2
28365,1,5.0,0.0,1,2
28366,1,3.0,0.0,1,2
28370,1,5.0,0.0,1,3
28371,1,5.0,0.0,1,4
28375,1,2.0,0.0,1,4
28376,4,4.25,1.5,4,2
28380,1,4.0,0.0,1,3
28381,2,3.5,0.7071067811865476,2,5
28391,1,5.0,0.0,1,2
28392,2,4.0,1.4142135623730951,2,4
28393,1,5.0,0.0,1,2
28394,1,4.0,0.0,1,4
28395,3,3.6666666666666665,1.5275252316519468,3,3
28399,1,2.0,0.0,1,5
28401,1,5.0,0.0,1,4
28403,1,4.0,0.0,1,2
28406,2,5.0,0.0,2,2
28407,1,5.0,0.0,1,2
28411,2,3.5,0.7071067811865476,2,2
28412,1,5.0,0.0,1,3
28416,4,4.75,0.5,3,3
28417,1,4.0,0.0,1,4
28418,7,3.857142857142857,1.4638501094227998,5,3
28420,1,4.0,0.0,1,5
28421,1,5.0,0.0,1,2
28422,2,4.5,0.7071067811865476,2,2
28425,3,4.333333333333333,0.5773502691896258,3,5
28428,1,5.0,0.0,1,5
28430,1,3.0,0.0,1,2
28432,1,5.0,0.0,1,5
28434,1,4.0,0.0,1,3
28437,1,4.0,0.0,1,5
28441,1,5.0,0.0,1,5
28447,3,3.6666666666666665,0.5773502691896257,3,3
28450,1,5.0,0.0,1,4
28453,1,5.0,0.0,1,4
28455,1,3.0,0.0,1,4
28456,1,4.0,0.0,1,3
28457,1,4.0,0.0,1,2
28459,1,5.0,0.0,1,2
28464,1,4.0,0.0,1,5
28467,1,5.0,0.0,1,3
28470,1,4.0,0.0,1,4
28471,2,4.0,1.4142135623730951,2,2
28472,1,4.0,0.0,1,2
28474,1,3.0,0.0,1,4
28475,1,1.0,0.0,1,4
28477,1,4.0,0.0,1,3
28479,1,4.0,0.0,1,2
28487,1,5.0,0.0,1,3
28489,1,4.0,0.0,1,2
28492,1,3.0,0.0,1,2
28496,4,4.0,0.8164965809277259,2,2
28499,2,5.0,0.0,2,2
28504,1,5.0,0.0,1,3
28508,2,3.5,2.1213203435596424,2,3
28509,3,3.6666666666666665,0.5773502691896258,3,2
28512,1,4.0,0.0,1,2
28514,1,5.0,0.0,1,2
28515,1,4.0,0.0,1,3
28517,1,4.0,0.0,1,2
28519,2,4.0,0.0,2,2
28520,2,3.5,0.7071067811865476,2,2
28521,1,4.0,0.0,1,4
28522,2,2.0,1.4142135623730951,2,4
28527,1,3.0,0.0,1,2
28529,1,4.0,0.0,1,2
28533,1,4.0,0.0,1,2
28534,4,3.5,0.5773502691896257,1,2
28535,1,5.0,0.0,1,2
28539,1,5.0,0.0,1,2
28540,1,4.0,0.0,1,2
28541,1,3.0,0.0,1,3
28543,1,4.0,0.0,1,4
28544,1,5.0,0.0,1,4
28545,1,4.0,0.0,1,2
28546,2,3.0,1.4142135623730951,2,2
28547,1,5.0,0.0,1,4
28548,1,3.0,0.0,1,2
28550,2,4.5,0.7071067811865476,2,5
28551,7,4.0,1.4142135623730951,6,2
28556,3,4.666666666666667,0.5773502691896257,3,4
28564,1,5.0,0.0,1,2
28567,1,5.0,0.0,1,2
28568,1,3.0,0.0,1,3
28575,1,3.0,0.0,1,2
28576,2,5.0,0.0,2,2
28578,1,3.0,0.0,1,2
28580,2,4.5,0.7071067811865476,2,2
28581,1,1.0,0.0,1,2
28583,1,3.0,0.0,1,2
28589,1,5.0,0.0,1,2
28590,1,5.0,0.0,1,2
28593,1,5.0,0.0,1,3
28595,1,5.0,0.0,1,3
28596,3,4.0,1.0,3,1
28597,5,4.0,1.0,4,2
28601,1,4.0,0.0,1,2
28605,1,5.0,0.0,1,4
28606,1,5.0,0.0,1,3
28608,2,5.0,0.0,2,2
28609,1,5.0,0.0,1,3
28610,2,5.0,0.0,2,3
28612,1,4.0,0.0,1,3
28613,1,4.0,0.0,1,5
28615,1,5.0,0.0,1,4
28619,1,5.0,0.0,1,2
28622,1,2.0,0.0,1,2
28631,1,5.0,0.0,1,5
28632,2,4.5,0.7071067811865476,2,4
28634,1,4.0,0.0,1,3
28652,2,5.0,0.0,2,3
28658,1,3.0,0.0,1,3
28659,1,3.0,0.0,1,2
28661,1,4.0,0.0,1,2
28663,1,5.0,0.0,1,3
28667,1,4.0,0.0,1,2
28669,1,3.0,0.0,1,2
28671,1,5.0,0.0,1,2
28673,1,4.0,0.0,1,2
28681,1,5.0,0.0,1,2
28682,1,4.0,0.0,1,2
28684,1,5.0,0.0,1,2
28685,2,5.0,0.0,2,4
28690,2,5.0,0.0,2,3
28691,1,4.0,0.0,1,4
28692,1,5.0,0.0,1,5
28694,1,4.0,0.0,1,2
28695,3,4.0,1.0,2,2
28696,1,4.0,0.0,1,3
28697,1,5.0,0.0,1,5
28700,1,5.0,0.0,1,3
28702,2,4.0,1.4142135623730951,2,4
28703,1,1.0,0.0,1,2
28704,1,3.0,0.0,1,2
28705,3,4.333333333333333,1.1547005383792515,3,4
28710,1,4.0,0.0,1,3
28711,2,4.5,0.7071067811865476,2,3
28714,1,5.0,0.0,1,2
28718,1,5.0,0.0,1,4
28720,1,5.0,0.0,1,3
28721,1,1.0,0.0,1,4
28725,1,3.0,0.0,1,2
28726,1,3.0,0.0,1,3
28727,1,5.0,0.0,1,4
28728,4,4.75,0.5,4,3
28730,1,4.0,0.0,1,2
28732,1,3.0,0.0,1,2
28733,1,5.0,0.0,1,3
28742,1,3.0,0.0,1,3
28744,4,5.0,0.0,4,2
28746,1,3.0,0.0,1,2
28747,1,5.0,0.0,1,2
28750,1,5.0,0.0,1,4
28754,1,4.0,0.0,1,2
28760,2,5.0,0.0,2,2
28765,1,4.0,0.0,1,4
28769,1,5.0,0.0,1,2
28770,1,4.0,0.0,1,2
28773,1,4.0,0.0,1,5
28777,4,3.75,0.5,4,2
28779,2,3.0,1.4142135623730951,2,5
28782,1,3.0,0.0,1,2
28783,2,2.5,0.7071067811865476,2,5
28784,3,3.3333333333333335,1.5275252316519468,3,2
28786,1,4.0,0.0,1,2
28787,1,5.0,0.0,1,2
28789,1,5.0,0.0,1,2
28792,2,4.5,0.7071067811865476,2,2
28794,1,3.0,0.0,1,2
28796,2,3.0,1.4142135623730951,2,3
28797,1,3.0,0.0,1,3
28799,3,3.0,1.0,2,5
28805,1,4.0,0.0,1,2
28806,1,4.0,0.0,1,4
28811,1,5.0,0.0,1,2
28812,1,5.0,0.0,1,2
28813,1,4.0,0.0,1,2
28816,1,5.0,0.0,1,3
28819,1,2.0,0.0,1,4
28821,1,5.0,0.0,1,3
28825,1,5.0,0.0,1,3
28835,1,5.0,0.0,1,5
28836,3,5.0,0.0,1,2
28837,1,4.0,0.0,1,3
28838,2,4.0,0.0,2,3
28841,1,5.0,0.0,1,3
28844,1,4.0,0.0,1,3
28848,1,4.0,0.0,1,2
28850,3,4.333333333333333,0.5773502691896258,3,2
28852,1,3.0,0.0,1,4
28853,1,5.0,0.0,1,2
28854,2,5.0,0.0,2,2
28855,1,3.0,0.0,1,4
28856,1,4.0,0.0,1,4
28857,2,3.5,0.7071067811865476,2,2
28858,1,3.0,0.0,1,2
28861,1,4.0,0.0,1,3
28865,1,5.0,0.0,1,3
28867,1,4.0,0.0,1,3
28870,1,5.0,0.0,1,3
28871,4,4.25,0.9574271077563381,4,2
28878,2,4.5,0.7071067811865476,2,2
28882,2,5.0,0.0,2,5
28883,2,5.0,0.0,2,5
28885,1,4.0,0.0,1,3
28890,2,4.5,0.7071067811865476,2,3
28895,1,5.0,0.0,1,3
28896,1,4.0,0.0,1,2
28899,1,5.0,0.0,1,3
28903,1,4.0,0.0,1,5
28905,1,4.0,0.0,1,5
28908,1,4.0,0.0,1,2
28909,1,4.0,0.0,1,5
28910,1,5.0,0.0,1,4
28913,1,4.0,0.0,1,4
28915,1,5.0,0.0,1,3
28917,2,3.0,2.8284271247461903,2,2
28920,1,4.0,0.0,1,2
28922,4,4.0,0.8164965809277259,4,2
28923,2,4.0,0.0,1,2
28926,1,4.0,0.0,1,2
28932,1,4.0,0.0,1,3
28947,1,1.0,0.0,1,3
28951,1,5.0,0.0,1,2
28952,1,3.0,0.0,1,4
28954,1,4.0,0.0,1,4
28957,1,4.0,0.0,1,2
28964,1,3.0,0.0,1,3
28967,1,4.0,0.0,1,3
28968,1,4.0,0.0,1,3
28970,2,4.0,1.4142135623730951,2,2
28971,2,4.0,0.0,2,3
28973,1,3.0,0.0,1,5
28975,1,5.0,0.0,1,3
28977,1,5.0,0.0,1,3
28978,2,3.5,0.7071067811865476,2,2
28980,1,5.0,0.0,1,2
28981,1,4.0,0.0,1,3
28988,4,3.75,0.5,3,3
28989,1,5.0,0.0,1,2
28995,2,4.5,0.7071067811865476,2,2
28996,8,4.375,0.5175491695067657,5,3
28997,1,4.0,0.0,1,4
28998,1,5.0,0.0,1,2
28999,1,5.0,0.0,1,2
29006,1,5.0,0.0,1,3
29007,1,5.0,0.0,1,3
29008,2,5.0,0.0,2,2
29010,1,4.0,0.0,1,2
29011,1,4.0,0.0,1,2
29013,1,3.0,0.0,1,4
29017,1,5.0,0.0,1,1
29024,1,5.0,0.0,1,3
29026,1,3.0,0.0,1,2
29029,1,3.0,0.0,1,2
29037,1,5.0,0.0,1,2
29041,1,5.0,0.0,1,2
29044,1,3.0,0.0,1,3
29045,1,5.0,0.0,1,5
29046,1,5.0,0.0,1,4
29049,1,4.0,0.0,1,2
29050,2,3.5,2.1213203435596424,2,3
29051,1,4.0,0.0,1,2
29052,1,4.0,0.0,1,3
29053,1,5.0,0.0,1,3
29055,4,4.5,1.0,2,2
29058,1,1.0,0.0,1,2
29059,2,5.0,0.0,2,3
29061,1,4.0,0.0,1,2
29066,4,4.5,0.5773502691896257,4,4
29073,2,2.5,2.1213203435596424,2,2
29075,5,4.0,0.7071067811865476,3,3
29078,1,5.0,0.0,1,4
29080,2,5.0,0.0,2,2
29083,2,5.0,0.0,2,5
29086,3,4.0,0.0,3,3
29087,3,5.0,0.0,3,2
29088,1,5.0,0.0,1,2
29089,1,4.0,0.0,1,2
29090,1,4.0,0.0,1,5
29093,2,3.5,2.1213203435596424,2,4
29095,3,4.333333333333333,0.5773502691896257,3,3
29096,1,4.0,0.0,1,3
29097,1,3.0,0.0,1,2
29100,1,4.0,0.0,1,5
29101,1,4.0,0.0,1,2
29102,1,5.0,0.0,1,4
29104,2,4.0,1.4142135623730951,2,2
29105,1,4.0,0.0,1,2
29106,1,4.0,0.0,1,2
29107,1,5.0,0.0,1,3
29111,1,3.0,0.0,1,2
29112,1,5.0,0.0,1,3
29115,1,4.0,0.0,1,3
29118,2,5.0,0.0,1,5
29120,2,3.0,0.0,2,2
29121,2,4.0,0.0,2,2
29126,1,4.0,0.0,1,2
29128,1,4.0,0.0,1,3
29130,2,4.0,0.0,2,2
29131,1,5.0,0.0,1,5
29135,2,4.5,0.7071067811865476,2,3
29138,1,5.0,0.0,1,2
29141,2,4.5,0.7071067811865476,2,3
29145,3,4.0,1.0,1,2
29149,2,4.5,0.7071067811865476,2,3
29150,1,4.0,0.0,1,4
29151,2,4.0,0.0,2,3
29157,2,4.5,0.7071067811865476,2,3
29166,2,4.5,0.7071067811865476,2,3
29170,1,4.0,0.0,1,3
29171,1,5.0,0.0,1,4
29173,1,4.0,0.0,1,3
29174,2,4.5,0.7071067811865476,2,2
29179,1,4.0,0.0,1,4
29182,1,5.0,0.0,1,3
29186,1,5.0,0.0,1,4
29191,2,4.5,0.7071067811865476,2,2
29196,2,2.0,1.4142135623730951,2,4
29198,1,3.0,0.0,1,4
29200,2,4.5,0.7071067811865476,2,2
29203,1,5.0,0.0,1,2
29205,1,3.0,0.0,1,4
29214,5,4.2,0.44721359549995787,5,3
29215,1,5.0,0.0,1,4
29216,1,5.0,0.0,1,2
29217,2,4.0,1.4142135623730951,2,5
29220,1,4.0,0.0,1,3
29224,1,5.0,0.0,1,3
29228,2,3.5,2.1213203435596424,2,2
29229,2,4.0,0.0,2,3
29230,2,4.5,0.7071067811865476,2,2
29231,1,5.0,0.0,1,2
29232,1,5.0,0.0,1,3
29235,2,4.0,1.4142135623730951,2,2
29238,1,2.0,0.0,1,3
29241,1,4.0,0.0,1,2
29243,1,5.0,0.0,1,2
29244,1,5.0,0.0,1,3
29245,1,4.0,0.0,1,3
29254,1,5.0,0.0,1,3
29255,1,3.0,0.0,1,3
29256,3,3.3333333333333335,1.5275252316519468,3,2
29257,1,5.0,0.0,1,3
29258,1,3.0,0.0,1,5
29259,1,2.0,0.0,1,2
29263,3,4.0,1.0,3,2
29264,2,4.0,0.0,2,2
29269,1,4.0,0.0,1,3
29270,1,5.0,0.0,1,2
29273,1,4.0,0.0,1,2
29274,2,4.5,0.7071067811865476,2,5
29283,1,5.0,0.0,1,4
29284,1,5.0,0.0,1,3
29286,1,4.0,0.0,1,3
29288,2,3.5,0.7071067811865476,2,3
29291,2,5.0,0.0,2,2
29292,2,4.5,0.7071067811865476,2,2
29294,1,3.0,0.0,1,3
29295,1,5.0,0.0,1,2
29298,1,5.0,0.0,1,4
29302,2,4.5,0.7071067811865476,2,2
29304,1,4.0,0.0,1,3
29306,1,4.0,0.0,1,3
29307,1,5.0,0.0,1,3
29308,1,5.0,0.0,1,4
29309,2,5.0,0.0,2,2
29313,1,1.0,0.0,1,2
29315,1,5.0,0.0,1,2
29318,2,4.0,1.4142135623730951,2,5
29321,1,5.0,0.0,1,5
29323,1,5.0,0.0,1,3
29325,2,5.0,0.0,2,2
29330,2,3.0,0.0,2,2
29331,1,5.0,0.0,1,3
29333,2,4.0,0.0,2,2
29336,1,5.0,0.0,1,4
29338,1,3.0,0.0,1,2
29339,1,5.0,0.0,1,4
29344,1,4.0,0.0,1,2
29345,2,3.5,0.7071067811865476,2,2
29347,1,4.0,0.0,1,3
29370,1,4.0,0.0,1,2
29371,19,3.8947368421052633,1.1969747440993466,7,2
29372,1,5.0,0.0,1,3
29373,1,5.0,0.0,1,3
29375,1,4.0,0.0,1,2
29377,3,3.6666666666666665,0.5773502691896258,2,3
29379,5,4.8,0.4472135954999579,5,3
29380,1,3.0,0.0,1,4
29387,1,5.0,0.0,1,4
29390,1,5.0,0.0,1,4
29397,1,5.0,0.0,1,2
29405,5,4.2,0.8366600265340756,4,2
29406,1,5.0,0.0,1,4
29408,1,5.0,0.0,1,2
29409,1,3.0,0.0,1,2
29416,1,5.0,0.0,1,2
29418,2,5.0,0.0,2,2
29419,2,4.0,0.0,2,4
29420,3,4.0,0.0,3,2
29421,1,5.0,0.0,1,3
29423,1,1.0,0.0,1,5
29427,1,4.0,0.0,1,1
29428,3,5.0,0.0,3,2
29430,1,5.0,0.0,1,3
29432,1,1.0,0.0,1,2
29433,1,5.0,0.0,1,3
29434,1,5.0,0.0,1,4
29436,1,5.0,0.0,1,3
29437,1,4.0,0.0,1,4
29438,3,4.0,1.0,3,2
29439,2,3.5,0.7071067811865476,2,2
29440,2,4.0,1.4142135623730951,2,3
29441,3,4.333333333333333,1.1547005383792515,2,2
29442,1,5.0,0.0,1,4
29443,1,5.0,0.0,1,3
29453,1,5.0,0.0,1,2
29462,4,4.75,0.4999999999999999,4,2
29467,3,2.6666666666666665,0.5773502691896257,2,2
29470,5,3.4,1.51657508881031,3,4
29474,6,4.5,0.5477225575051661,5,2
29480,1,4.0,0.0,1,3
29481,2,4.5,0.7071067811865476,2,2
29482,6,3.8333333333333335,1.3291601358251257,5,2
29484,4,4.25,0.9574271077563382,4,4
29490,1,3.0,0.0,1,5
29492,1,5.0,0.0,1,2
29497,1,5.0,0.0,1,3
29498,1,5.0,0.0,1,3
29499,1,3.0,0.0,1,3
29503,1,4.0,0.0,1,2
29504,1,3.0,0.0,1,2
29505,1,3.0,0.0,1,2
29506,1,5.0,0.0,1,5
29508,1,5.0,0.0,1,2
29509,3,4.666666666666667,0.5773502691896258,3,2
29510,2,5.0,0.0,2,3
29516,1,3.0,0.0,1,3
29518,1,3.0,0.0,1,5
29519,1,4.0,0.0,1,3
29521,1,5.0,0.0,1,5
29523,1,5.0,0.0,1,4
29533,3,3.6666666666666665,0.5773502691896258,3,2
29536,1,4.0,0.0,1,5
29538,1,5.0,0.0,1,3
29539,1,3.0,0.0,1,5
29540,1,5.0,0.0,1,3
29543,1,5.0,0.0,1,3
29544,1,4.0,0.0,1,2
29546,1,5.0,0.0,1,3
29548,2,4.5,0.7071067811865476,2,2
29549,3,4.0,0.0,3,2
29553,1,4.0,0.0,1,5
29554,1,1.0,0.0,1,5
29555,1,5.0,0.0,1,4
29558,1,5.0,0.0,1,4
29559,1,5.0,0.0,1,3
29560,1,5.0,0.0,1,4
29563,1,5.0,0.0,1,3
29565,2,4.5,0.7071067811865476,2,3
29570,1,4.0,0.0,1,5
29571,1,5.0,0.0,1,5
29574,1,2.0,0.0,1,2
29575,1,4.0,0.0,1,2
29578,2,4.5,0.7071067811865476,1,5
29579,1,2.0,0.0,1,3
29585,2,4.0,0.0,2,2
29588,1,5.0,0.0,1,2
29589,1,5.0,0.0,1,4
29590,2,4.5,0.7071067811865476,2,3
29593,5,4.4,0.8944271909999159,5,3
29596,1,5.0,0.0,1,3
29600,2,3.5,0.7071067811865476,2,2
29601,1,3.0,0.0,1,2
29602,3,3.3333333333333335,0.5773502691896257,3,2
29605,1,5.0,0.0,1,2
29612,1,4.0,0.0,1,2
29614,1,3.0,0.0,1,3
29618,1,3.0,0.0,1,3
29623,2,5.0,0.0,2,3
29627,1,4.0,0.0,1,2
29628,1,4.0,0.0,1,3
29630,1,5.0,0.0,1,3
29634,1,5.0,0.0,1,3
29642,1,2.0,0.0,1,3
29654,1,3.0,0.0,1,3
29656,1,4.0,0.0,1,3
29657,2,4.5,0.7071067811865476,2,3
29660,1,5.0,0.0,1,4
29664,1,5.0,0.0,1,3
29671,2,4.5,0.7071067811865476,2,2
29673,1,4.0,0.0,1,2
29676,5,4.0,1.224744871391589,5,2
29678,1,5.0,0.0,1,3
29679,1,5.0,0.0,1,2
29683,1,5.0,0.0,1,2
29684,1,5.0,0.0,1,2
29687,1,5.0,0.0,1,2
29693,1,5.0,0.0,1,4
29694,1,5.0,0.0,1,3
29698,1,4.0,0.0,1,3
29704,1,5.0,0.0,1,3
29709,1,5.0,0.0,1,3
29711,2,4.5,0.7071067811865476,1,4
29727,1,2.0,0.0,1,3
29728,1,5.0,0.0,1,2
29729,3,4.0,1.0,3,4
29730,1,4.0,0.0,1,2
29732,1,4.0,0.0,1,2
29735,1,5.0,0.0,1,2
29737,1,5.0,0.0,1,3
29741,2,3.5,2.1213203435596424,2,2
29743,1,4.0,0.0,1,2
29744,3,5.0,0.0,3,2
29749,2,3.5,0.7071067811865476,2,4
29751,1,5.0,0.0,1,2
29753,1,5.0,0.0,1,4
29754,1,5.0,0.0,1,2
29759,1,4.0,0.0,1,3
29762,1,5.0,0.0,1,4
29771,1,2.0,0.0,1,5
29772,1,5.0,0.0,1,2
29776,1,4.0,0.0,1,2
29777,1,4.0,0.0,1,2
29778,1,5.0,0.0,1,5
29782,1,3.0,0.0,1,2
29784,1,3.0,0.0,1,5
29785,2,4.5,0.7071067811865476,2,4
29789,1,5.0,0.0,1,2
29790,2,4.5,0.7071067811865476,2,3
29792,2,3.5,2.1213203435596424,1,4
29798,1,4.0,0.0,1,3
29799,1,2.0,0.0,1,3
29800,1,4.0,0.0,1,4
29801,1,3.0,0.0,1,4
29802,1,5.0,0.0,1,3
29803,1,5.0,0.0,1,2
29808,2,3.5,0.7071067811865476,2,2
29810,1,3.0,0.0,1,3
29811,1,5.0,0.0,1,4
29815,1,2.0,0.0,1,3
29819,1,4.0,0.0,1,2
29822,2,3.5,0.7071067811865476,2,4
29825,1,4.0,0.0,1,2
29831,2,4.5,0.7071067811865476,2,2
29835,2,3.0,2.8284271247461903,2,3
29836,1,3.0,0.0,1,3
29837,1,4.0,0.0,1,2
29842,1,3.0,0.0,1,3
29845,1,4.0,0.0,1,4
29848,1,5.0,0.0,1,4
29855,2,4.5,0.7071067811865476,1,4
29857,1,3.0,0.0,1,3
29858,1,2.0,0.0,1,2
29859,1,5.0,0.0,1,2
29861,1,5.0,0.0,1,4
29862,1,4.0,0.0,1,5
29866,1,4.0,0.0,1,3
29870,1,5.0,0.0,1,2
29871,1,4.0,0.0,1,2
29876,1,5.0,0.0,1,2
29877,3,2.3333333333333335,1.5275252316519468,3,3
29881,1,4.0,0.0,1,4
29882,1,2.0,0.0,1,3
29884,2,3.5,2.1213203435596424,2,4
29886,1,3.0,0.0,1,2
29887,1,4.0,0.0,1,3
29891,1,4.0,0.0,1,2
29892,1,2.0,0.0,1,4
29893,1,5.0,0.0,1,2
29895,1,5.0,0.0,1,3
29900,1,4.0,0.0,1,2
29901,1,5.0,0.0,1,2
29903,3,4.333333333333333,1.1547005383792517,3,3
29905,1,5.0,0.0,1,5
29908,1,5.0,0.0,1,5
29909,1,5.0,0.0,1,2
29913,3,4.666666666666667,0.5773502691896257,1,2
29914,1,3.0,0.0,1,2
29916,1,4.0,0.0,1,2
29923,1,3.0,0.0,1,2
29924,2,5.0,0.0,1,3
29931,1,4.0,0.0,1,2
29932,3,3.6666666666666665,0.5773502691896258,3,3
29934,1,5.0,0.0,1,3
29936,2,4.5,0.7071067811865476,1,5
29939,1,2.0,0.0,1,2
29940,1,5.0,0.0,1,3
29941,1,4.0,0.0,1,4
29942,1,3.0,0.0,1,2
29943,1,5.0,0.0,1,4
29945,1,4.0,0.0,1,2
29947,1,5.0,0.0,1,2
29954,1,3.0,0.0,1,3
29956,1,3.0,0.0,1,4
29960,1,5.0,0.0,1,4
29964,1,4.0,0.0,1,2
29979,2,4.0,1.4142135623730951,2,3
29981,2,3.5,0.7071067811865476,1,4
29985,1,4.0,0.0,1,4
29986,1,3.0,0.0,1,3
29988,1,5.0,0.0,1,2
29989,1,5.0,0.0,1,4
29992,1,3.0,0.0,1,5
29993,3,4.333333333333333,0.5773502691896257,3,4
29995,2,3.5,0.7071067811865476,2,4
29996,1,5.0,0.0,1,3
29997,1,5.0,0.0,1,4
30001,1,3.0,0.0,1,2
30007,1,5.0,0.0,1,3
30009,1,2.0,0.0,1,3
30011,1,5.0,0.0,1,4
30014,1,4.0,0.0,1,4
30015,1,4.0,0.0,1,1
30017,1,5.0,0.0,1,4
30020,1,5.0,0.0,1,3
30022,1,5.0,0.0,1,1
30024,1,4.0,0.0,1,3
30027,1,5.0,0.0,1,4
30030,1,5.0,0.0,1,2
30034,3,3.0,1.0,1,3
30036,2,5.0,0.0,2,2
30038,2,5.0,0.0,2,3
30039,1,2.0,0.0,1,4
30041,2,4.5,0.7071067811865476,2,4
30042,1,4.0,0.0,1,2
30044,1,4.0,0.0,1,3
30045,2,5.0,0.0,1,2
30046,2,3.0,0.0,2,2
30051,2,4.5,0.7071067811865476,2,2
30056,1,4.0,0.0,1,4
30057,1,4.0,0.0,1,4
30060,1,5.0,0.0,1,2
30066,1,4.0,0.0,1,3
30067,1,5.0,0.0,1,2
30068,2,4.0,1.4142135623730951,1,3
30072,2,4.5,0.7071067811865476,2,2
30074,1,5.0,0.0,1,2
30075,1,4.0,0.0,1,4
30077,2,4.0,0.0,2,2
30078,1,3.0,0.0,1,2
30079,1,4.0,0.0,1,2
30083,2,3.5,0.7071067811865476,1,4
30085,1,5.0,0.0,1,2
30088,1,5.0,0.0,1,2
30091,4,4.75,0.4999999999999999,4,5
30094,1,5.0,0.0,1,2
30095,1,4.0,0.0,1,4
30096,3,4.0,1.0,2,2
30097,1,5.0,0.0,1,3
30099,1,4.0,0.0,1,3
30100,1,5.0,0.0,1,2
30103,2,5.0,0.0,2,2
30105,1,5.0,0.0,1,4
30107,2,4.0,0.0,2,2
30109,3,4.0,1.0,1,4
30110,1,4.0,0.0,1,2
30113,1,4.0,0.0,1,2
30117,1,5.0,0.0,1,4
30119,1,4.0,0.0,1,4
30122,1,4.0,0.0,1,4
30127,2,4.0,0.0,2,2
30130,2,3.5,0.7071067811865476,1,5
30132,1,5.0,0.0,1,2
30133,1,1.0,0.0,1,2
30136,1,4.0,0.0,1,3
30137,1,5.0,0.0,1,2
30140,2,5.0,0.0,2,4
30141,1,4.0,0.0,1,2
30142,1,5.0,0.0,1,2
30145,1,4.0,0.0,1,2
30149,2,4.5,0.7071067811865476,2,4
30155,1,3.0,0.0,1,3
30158,1,5.0,0.0,1,4
30164,1,5.0,0.0,1,2
30165,1,5.0,0.0,1,3
30166,1,4.0,0.0,1,2
30168,1,5.0,0.0,1,3
30169,4,4.25,0.9574271077563381,4,4
30175,2,5.0,0.0,2,3
30176,1,4.0,0.0,1,2
30179,1,2.0,0.0,1,2
30182,1,5.0,0.0,1,3
30187,1,5.0,0.0,1,5
30192,1,5.0,0.0,1,3
30194,1,4.0,0.0,1,4
30195,2,4.0,1.4142135623730951,1,2
30196,1,3.0,0.0,1,4
30199,1,4.0,0.0,1,5
30200,1,4.0,0.0,1,3
30201,1,1.0,0.0,1,5
30204,1,4.0,0.0,1,2
30206,1,5.0,0.0,1,2
30209,2,4.5,0.7071067811865476,2,2
30213,1,5.0,0.0,1,2
30218,1,5.0,0.0,1,2
30219,3,4.333333333333333,0.5773502691896258,3,2
30222,1,5.0,0.0,1,5
30224,1,5.0,0.0,1,2
30226,1,4.0,0.0,1,2
30233,1,5.0,0.0,1,4
30244,1,4.0,0.0,1,4
30245,1,4.0,0.0,1,4
30250,1,4.0,0.0,1,3
30254,1,2.0,0.0,1,2
30257,3,4.666666666666667,0.5773502691896257,3,2
30258,2,4.0,1.4142135623730951,2,2
30260,1,5.0,0.0,1,4
30261,1,5.0,0.0,1,5
30265,2,3.5,0.7071067811865476,2,4
30268,1,5.0,0.0,1,2
30269,1,3.0,0.0,1,3
30278,1,3.0,0.0,1,4
30279,1,4.0,0.0,1,5
30286,1,5.0,0.0,1,2
30287,1,5.0,0.0,1,3
30291,1,5.0,0.0,1,3
30292,1,5.0,0.0,1,2
30297,1,3.0,0.0,1,2
30305,1,4.0,0.0,1,4
30308,1,3.0,0.0,1,4
30311,1,5.0,0.0,1,2
30312,3,5.0,0.0,3,2
30314,1,5.0,0.0,1,3
30315,1,5.0,0.0,1,5
30318,1,4.0,0.0,1,2
30319,2,4.5,0.7071067811865476,1,4
30320,1,3.0,0.0,1,3
30322,1,4.0,0.0,1,2
30323,1,5.0,0.0,1,3
30324,2,3.0,2.8284271247461903,2,3
30327,1,4.0,0.0,1,2
30333,1,5.0,0.0,1,4
30334,1,5.0,0.0,1,2
30335,2,5.0,0.0,2,5
30338,1,5.0,0.0,1,2
30342,1,4.0,0.0,1,3
30347,1,3.0,0.0,1,4
30348,6,3.8333333333333335,0.752772652709081,5,3
30354,2,4.0,0.0,2,2
30355,1,3.0,0.0,1,5
30359,1,3.0,0.0,1,4
30360,2,4.5,0.7071067811865476,2,2
30363,2,3.5,0.7071067811865476,2,2
30365,1,3.0,0.0,1,4
30366,1,4.0,0.0,1,2
30372,3,4.666666666666667,0.5773502691896257,3,2
30373,1,5.0,0.0,1,4
30374,1,2.0,0.0,1,1
30376,1,5.0,0.0,1,2
30377,1,5.0,0.0,1,2
30380,1,4.0,0.0,1,4
30383,1,4.0,0.0,1,4
30385,1,5.0,0.0,1,2
30386,1,1.0,0.0,1,2
30389,1,4.0,0.0,1,2
30390,2,4.5,0.7071067811865476,2,2
30392,1,2.0,0.0,1,3
30394,1,3.0,0.0,1,2
30396,1,4.0,0.0,1,4
30397,1,4.0,0.0,1,2
30399,1,5.0,0.0,1,5
30405,1,4.0,0.0,1,3
30406,1,5.0,0.0,1,4
30409,1,5.0,0.0,1,4
30413,1,4.0,0.0,1,4
30414,1,2.0,0.0,1,4
30415,1,5.0,0.0,1,2
30417,2,5.0,0.0,2,2
30418,1,4.0,0.0,1,2
30419,1,1.0,0.0,1,3
30420,7,4.571428571428571,0.5345224838248487,3,5
30424,1,5.0,0.0,1,3
30429,1,5.0,0.0,1,4
30431,1,1.0,0.0,1,2
30434,1,5.0,0.0,1,2
30436,1,4.0,0.0,1,2
30439,1,5.0,0.0,1,2
30441,1,5.0,0.0,1,3
30442,1,3.0,0.0,1,2
30450,1,4.0,0.0,1,2
30451,2,3.5,0.7071067811865476,2,2
30452,1,5.0,0.0,1,2
30453,1,3.0,0.0,1,3
30454,1,4.0,0.0,1,3
30455,1,5.0,0.0,1,2
30457,1,4.0,0.0,1,2
30463,2,5.0,0.0,2,3
30466,4,4.5,1.0,4,5
30469,2,5.0,0.0,2,2
30474,2,5.0,0.0,2,3
30475,1,5.0,0.0,1,5
30477,1,1.0,0.0,1,5
30479,1,3.0,0.0,1,5
30484,1,5.0,0.0,1,4
30485,1,4.0,0.0,1,3
30491,1,4.0,0.0,1,2
30492,2,4.5,0.7071067811865476,1,4
30509,1,5.0,0.0,1,5
30511,1,5.0,0.0,1,4
30512,1,4.0,0.0,1,3
30513,2,5.0,0.0,2,2
30518,1,4.0,0.0,1,4
30521,1,5.0,0.0,1,2
30522,1,2.0,0.0,1,2
30523,1,3.0,0.0,1,4
30526,1,5.0,0.0,1,2
30528,1,5.0,0.0,1,4
30531,2,5.0,0.0,1,4
30532,1,5.0,0.0,1,2
30546,4,4.25,0.9574271077563381,4,2
30549,2,3.0,0.0,2,2
30551,1,4.0,0.0,1,2
30555,1,5.0,0.0,1,4
30556,1,3.0,0.0,1,4
30560,1,5.0,0.0,1,3
30565,1,5.0,0.0,1,5
30570,1,4.0,0.0,1,2
30571,1,4.0,0.0,1,4
30576,1,4.0,0.0,1,2
30579,3,3.0,1.0,1,2
30582,1,5.0,0.0,1,3
30585,1,5.0,0.0,1,2
30589,6,4.333333333333333,0.5163977794943222,4,4
30594,1,5.0,0.0,1,3
30599,1,5.0,0.0,1,5
30600,1,5.0,0.0,1,2
30601,1,4.0,0.0,1,2
30602,1,4.0,0.0,1,5
30603,1,4.0,0.0,1,2
30604,2,3.5,2.1213203435596424,2,4
30608,2,4.5,0.7071067811865476,2,3
30612,1,2.0,0.0,1,3
30616,1,4.0,0.0,1,4
30621,1,5.0,0.0,1,5
30622,1,5.0,0.0,1,3
30623,1,5.0,0.0,1,2
30624,1,4.0,0.0,1,5
30626,1,2.0,0.0,1,3
30631,1,4.0,0.0,1,2
30633,1,5.0,0.0,1,3
30636,2,3.5,0.7071067811865476,2,5
30637,1,5.0,0.0,1,2
30642,1,4.0,0.0,1,2
30644,1,5.0,0.0,1,2
30647,1,4.0,0.0,1,2
30648,1,2.0,0.0,1,4
30650,2,4.0,0.0,2,3
30653,1,4.0,0.0,1,2
30655,1,4.0,0.0,1,2
30660,2,4.0,0.0,2,3
30665,1,5.0,0.0,1,5
30666,1,5.0,0.0,1,2
30672,1,5.0,0.0,1,4
30673,1,5.0,0.0,1,4
30675,1,5.0,0.0,1,2
30676,2,4.0,0.0,2,2
30681,1,5.0,0.0,1,4
30683,1,2.0,0.0,1,3
30684,3,4.333333333333333,0.5773502691896257,2,5
30685,2,5.0,0.0,2,2
30688,1,5.0,0.0,1,2
30689,1,5.0,0.0,1,2
30691,1,5.0,0.0,1,2
30693,2,4.0,1.4142135623730951,2,3
30694,1,5.0,0.0,1,2
30698,1,3.0,0.0,1,2
30700,1,5.0,0.0,1,2
30701,2,5.0,0.0,2,4
30702,2,4.5,0.7071067811865476,1,2
30703,1,4.0,0.0,1,2
30704,6,4.5,0.8366600265340756,4,3
30708,1,4.0,0.0,1,3
30710,1,2.0,0.0,1,2
30714,1,5.0,0.0,1,2
30717,1,5.0,0.0,1,4
30719,1,5.0,0.0,1,4
30722,1,4.0,0.0,1,3
30723,2,4.5,0.7071067811865476,2,2
30725,1,4.0,0.0,1,2
30728,1,4.0,0.0,1,2
30735,1,4.0,0.0,1,2
30738,2,3.5,0.7071067811865476,2,5
30744,1,4.0,0.0,1,4
30745,3,4.0,1.7320508075688772,3,3
30747,1,4.0,0.0,1,2
30748,3,4.666666666666667,0.5773502691896258,2,3
30749,1,3.0,0.0,1,3
30751,1,5.0,0.0,1,4
30753,1,5.0,0.0,1,2
30756,1,1.0,0.0,1,2
30759,3,3.3333333333333335,0.5773502691896258,2,4
30762,3,5.0,0.0,3,3
30767,1,4.0,0.0,1,4
30768,1,4.0,0.0,1,4
30769,4,4.0,0.0,4,2
30770,1,5.0,0.0,1,2
30775,2,4.5,0.7071067811865476,2,2
30776,1,3.0,0.0,1,4
30777,1,4.0,0.0,1,3
30778,1,4.0,0.0,1,4
30781,1,5.0,0.0,1,4
30787,1,5.0,0.0,1,3
30791,1,5.0,0.0,1,5
30792,1,5.0,0.0,1,3
30793,3,3.3333333333333335,0.5773502691896258,2,3
30798,1,4.0,0.0,1,4
30802,1,5.0,0.0,1,3
30803,1,5.0,0.0,1,2
30806,2,3.5,0.7071067811865476,2,3
30810,4,4.0,1.4142135623730951,2,3
30811,1,5.0,0.0,1,4
30813,1,5.0,0.0,1,2
30814,2,4.5,0.7071067811865476,2,5
30817,1,4.0,0.0,1,2
30818,1,5.0,0.0,1,2
30819,1,5.0,0.0,1,3
30820,1,4.0,0.0,1,3
30821,5,4.4,0.5477225575051661,4,2
30823,1,3.0,0.0,1,4
30826,4,3.75,0.9574271077563381,4,2
30827,1,2.0,0.0,1,5
30829,1,5.0,0.0,1,4
30833,1,5.0,0.0,1,3
30838,1,5.0,0.0,1,3
30839,1,4.0,0.0,1,2
30840,1,5.0,0.0,1,3
30843,1,5.0,0.0,1,2
30846,2,5.0,0.0,2,3
30847,1,5.0,0.0,1,5
30854,1,5.0,0.0,1,3
30855,1,5.0,0.0,1,3
30857,2,3.5,0.7071067811865476,1,5
30860,1,4.0,0.0,1,2
30865,2,3.0,2.8284271247461903,2,3
30867,1,5.0,0.0,1,2
30869,2,4.5,0.7071067811865476,2,2
30871,2,4.0,0.0,1,2
30873,1,4.0,0.0,1,5
30878,1,1.0,0.0,1,5
30879,1,5.0,0.0,1,5
30882,1,5.0,0.0,1,3
30884,1,5.0,0.0,1,4
30888,2,5.0,0.0,1,4
30889,1,5.0,0.0,1,2
30893,1,5.0,0.0,1,5
30895,1,4.0,0.0,1,3
30896,3,3.3333333333333335,1.5275252316519468,3,2
30897,1,5.0,0.0,1,2
30898,1,3.0,0.0,1,4
30902,1,2.0,0.0,1,2
30903,1,5.0,0.0,1,4
30905,1,5.0,0.0,1,2
30906,1,5.0,0.0,1,2
30908,1,4.0,0.0,1,3
30909,1,5.0,0.0,1,3
30912,1,4.0,0.0,1,2
30916,1,4.0,0.0,1,3
30917,6,4.333333333333333,1.632993161855452,5,2
30920,1,4.0,0.0,1,2
30924,1,4.0,0.0,1,4
30925,1,5.0,0.0,1,2
30928,1,4.0,0.0,1,3
30932,1,1.0,0.0,1,3
30934,1,4.0,0.0,1,4
30936,1,5.0,0.0,1,1
30937,2,4.5,0.7071067811865476,1,2
30938,1,2.0,0.0,1,2
30939,1,4.0,0.0,1,2
30940,1,3.0,0.0,1,4
30943,1,4.0,0.0,1,5
30945,1,4.0,0.0,1,4
30946,1,3.0,0.0,1,2
30947,1,3.0,0.0,1,5
30948,1,5.0,0.0,1,4
30953,1,5.0,0.0,1,4
30956,2,5.0,0.0,2,2
30959,1,5.0,0.0,1,3
30961,1,5.0,0.0,1,2
30965,1,4.0,0.0,1,2
30969,1,5.0,0.0,1,2
30970,2,3.0,0.0,2,3
30971,1,4.0,0.0,1,4
30974,1,5.0,0.0,1,3
30978,1,5.0,0.0,1,4
30985,1,5.0,0.0,1,3
30988,1,5.0,0.0,1,2
30989,2,4.0,1.4142135623730951,2,4
30990,2,3.0,1.4142135623730951,2,3
30991,1,5.0,0.0,1,3
30994,1,4.0,0.0,1,3
30995,1,3.0,0.0,1,2
30996,1,5.0,0.0,1,2
30999,1,4.0,0.0,1,2
31001,2,4.0,1.4142135623730951,2,4
31002,1,4.0,0.0,1,4
31004,1,3.0,0.0,1,2
31006,1,5.0,0.0,1,3
31011,1,5.0,0.0,1,3
31019,1,3.0,0.0,1,3
31020,1,5.0,0.0,1,4
31022,1,3.0,0.0,1,3
31025,1,5.0,0.0,1,2
31028,1,5.0,0.0,1,1
31036,2,4.0,1.4142135623730951,2,2
31038,2,5.0,0.0,2,2
31048,1,3.0,0.0,1,3
31050,1,5.0,0.0,1,3
31052,1,4.0,0.0,1,3
31054,1,3.0,0.0,1,2
31055,1,5.0,0.0,1,4
31057,2,5.0,0.0,2,2
31058,3,3.6666666666666665,1.5275252316519468,2,4
31060,1,5.0,0.0,1,2
31061,1,3.0,0.0,1,5
31062,1,2.0,0.0,1,2
31063,3,3.6666666666666665,0.5773502691896257,3,2
31064,1,4.0,0.0,1,3
31067,1,4.0,0.0,1,2
31070,1,4.0,0.0,1,3
31071,1,5.0,0.0,1,4
31073,1,4.0,0.0,1,2
31074,1,4.0,0.0,1,3
31075,1,4.0,0.0,1,2
31076,1,4.0,0.0,1,5
31077,1,5.0,0.0,1,4
31082,4,4.0,0.8164965809277259,2,1
31084,2,5.0,0.0,2,2
31085,2,4.0,1.4142135623730951,2,2
31089,3,5.0,0.0,2,2
31090,1,4.0,0.0,1,4
31091,1,5.0,0.0,1,3
31093,1,3.0,0.0,1,2
31097,1,5.0,0.0,1,3
31098,1,3.0,0.0,1,4
31100,2,2.5,2.1213203435596424,1,2
31101,3,3.6666666666666665,1.1547005383792515,3,2
31102,2,4.0,0.0,2,2
31105,1,4.0,0.0,1,2
31107,2,3.5,0.7071067811865476,2,4
31109,1,3.0,0.0,1,4
31110,2,5.0,0.0,2,2
31111,1,5.0,0.0,1,5
31114,1,5.0,0.0,1,3
31115,1,4.0,0.0,1,2
31121,1,3.0,0.0,1,2
31122,2,3.5,0.7071067811865476,2,3
31123,1,4.0,0.0,1,2
31124,1,3.0,0.0,1,3
31125,1,5.0,0.0,1,2
31128,1,5.0,0.0,1,2
31132,1,5.0,0.0,1,3
31136,1,4.0,0.0,1,2
31139,1,4.0,0.0,1,2
31140,2,3.5,0.7071067811865476,1,2
31141,1,4.0,0.0,1,2
31142,2,3.5,0.7071067811865476,2,4
31143,1,3.0,0.0,1,5
31144,2,5.0,0.0,2,3
31145,2,4.0,1.4142135623730951,1,2
31148,1,3.0,0.0,1,5
31152,5,3.4,1.51657508881031,2,5
31159,6,3.3333333333333335,0.816496580927726,3,5
31164,1,5.0,0.0,1,2
31168,1,2.0,0.0,1,4
31169,1,5.0,0.0,1,2
31170,1,4.0,0.0,1,2
31171,1,5.0,0.0,1,2
31172,1,4.0,0.0,1,3
31173,1,4.0,0.0,1,4
31176,1,5.0,0.0,1,3
31179,1,5.0,0.0,1,3
31183,5,4.2,1.3038404810405297,4,2
31184,1,4.0,0.0,1,3
31187,1,5.0,0.0,1,3
31190,1,4.0,0.0,1,2
31193,1,4.0,0.0,1,1
31197,1,5.0,0.0,1,2
31200,2,4.0,1.4142135623730951,2,2
31202,2,5.0,0.0,1,3
31203,2,4.5,0.7071067811865476,2,4
31204,3,4.333333333333333,1.1547005383792515,3,3
31206,2,4.5,0.7071067811865476,2,4
31214,1,5.0,0.0,1,5
31215,1,4.0,0.0,1,2
31216,1,5.0,0.0,1,2
31218,1,5.0,0.0,1,3
31221,1,5.0,0.0,1,2
31223,1,3.0,0.0,1,4
31224,1,5.0,0.0,1,2
31225,2,5.0,0.0,2,3
31229,1,2.0,0.0,1,2
31234,1,5.0,0.0,1,3
31235,1,5.0,0.0,1,4
31236,1,3.0,0.0,1,2
31237,1,3.0,0.0,1,1
31239,1,5.0,0.0,1,4
31242,1,5.0,0.0,1,3
31243,1,5.0,0.0,1,3
31244,6,4.5,0.5477225575051661,3,3
31245,5,4.6,0.547722557505166,5,5
31248,1,5.0,0.0,1,5
31250,1,5.0,0.0,1,5
31253,2,4.5,0.7071067811865476,2,3
31256,2,5.0,0.0,2,2
31257,2,4.5,0.7071067811865476,2,2
31258,2,3.5,2.1213203435596424,2,2
31264,1,5.0,0.0,1,3
31265,1,4.0,0.0,1,4
31269,1,2.0,0.0,1,5
31275,1,4.0,0.0,1,2
31277,1,5.0,0.0,1,2
31279,2,2.0,0.0,1,2
31280,1,5.0,0.0,1,4
31281,2,5.0,0.0,2,4
31282,1,2.0,0.0,1,3
31289,2,4.5,0.7071067811865476,2,2
31291,2,5.0,0.0,2,3
31294,1,3.0,0.0,1,2
31295,1,3.0,0.0,1,2
31296,2,3.5,0.7071067811865476,1,1
31298,3,3.6666666666666665,0.5773502691896258,3,3
31299,1,5.0,0.0,1,2
31304,1,5.0,0.0,1,4
31309,1,4.0,0.0,1,4
31312,1,4.0,0.0,1,3
31313,2,5.0,0.0,2,4
31314,1,5.0,0.0,1,3
31318,1,5.0,0.0,1,3
31320,3,5.0,0.0,3,2
31326,2,4.0,1.4142135623730951,2,3
31327,2,4.0,0.0,2,3
31329,1,5.0,0.0,1,2
31330,2,5.0,0.0,2,3
31331,1,5.0,0.0,1,2
31334,1,5.0,0.0,1,2
31335,1,4.0,0.0,1,2
31343,1,5.0,0.0,1,3
31348,1,5.0,0.0,1,5
31350,1,4.0,0.0,1,4
31354,4,5.0,0.0,4,2
31356,1,5.0,0.0,1,4
31359,1,5.0,0.0,1,2
31363,1,4.0,0.0,1,3
31364,1,4.0,0.0,1,4
31367,1,4.0,0.0,1,3
31369,1,5.0,0.0,1,3
31370,1,2.0,0.0,1,3
31371,1,4.0,0.0,1,2
31372,1,4.0,0.0,1,2
31373,1,4.0,0.0,1,2
31374,2,3.5,0.7071067811865476,1,3
31376,1,5.0,0.0,1,2
31378,1,5.0,0.0,1,3
31381,1,4.0,0.0,1,2
31384,1,5.0,0.0,1,4
31390,1,5.0,0.0,1,2
31394,1,5.0,0.0,1,4
31396,1,3.0,0.0,1,4
31398,2,4.5,0.7071067811865476,2,5
31402,1,5.0,0.0,1,3
31403,1,5.0,0.0,1,4
31408,2,4.0,0.0,2,3
31410,1,3.0,0.0,1,5
31416,2,4.0,1.4142135623730951,1,3
31417,2,4.0,0.0,2,2
31421,2,4.5,0.7071067811865476,1,2
31423,1,3.0,0.0,1,2
31424,1,3.0,0.0,1,5
31426,1,3.0,0.0,1,3
31427,1,4.0,0.0,1,3
31428,1,5.0,0.0,1,2
31429,2,4.5,0.7071067811865476,1,2
31432,1,3.0,0.0,1,4
31433,1,4.0,0.0,1,2
31434,2,4.0,1.4142135623730951,1,2
31435,1,1.0,0.0,1,2
31436,1,5.0,0.0,1,2
31438,1,3.0,0.0,1,4
31440,1,5.0,0.0,1,2
31441,1,5.0,0.0,1,4
31443,2,4.5,0.7071067811865476,2,3
31447,1,4.0,0.0,1,2
31450,2,5.0,0.0,2,5
31451,1,1.0,0.0,1,2
31454,1,5.0,0.0,1,3
31463,1,5.0,0.0,1,2
31470,1,5.0,0.0,1,2
31472,1,4.0,0.0,1,2
31474,1,5.0,0.0,1,4
31477,1,1.0,0.0,1,2
31478,2,4.0,0.0,2,3
31483,4,3.5,0.5773502691896257,2,3
31484,1,5.0,0.0,1,2
31485,1,5.0,0.0,1,2
31489,1,3.0,0.0,1,4
31490,1,5.0,0.0,1,3
31492,1,5.0,0.0,1,5
31496,4,4.5,0.5773502691896258,2,2
31497,1,4.0,0.0,1,2
31499,1,5.0,0.0,1,4
31501,2,4.5,0.7071067811865476,2,3
31503,1,5.0,0.0,1,2
31507,1,3.0,0.0,1,2
31508,3,5.0,0.0,3,2
31514,2,4.5,0.7071067811865476,2,3
31517,1,5.0,0.0,1,4
31521,1,3.0,0.0,1,2
31522,2,4.0,0.0,2,2
31523,1,4.0,0.0,1,2
31524,1,4.0,0.0,1,3
31525,1,5.0,0.0,1,2
31526,1,1.0,0.0,1,4
31527,1,5.0,0.0,1,3
31532,1,1.0,0.0,1,3
31534,1,5.0,0.0,1,4
31536,1,4.0,0.0,1,3
31540,1,5.0,0.0,1,2
31543,2,5.0,0.0,2,4
31548,3,3.3333333333333335,2.0816659994661326,2,3
31551,1,1.0,0.0,1,2
31554,1,5.0,0.0,1,2
31555,1,3.0,0.0,1,3
31557,1,5.0,0.0,1,5
31559,2,3.0,0.0,2,5
31567,1,5.0,0.0,1,5
31570,1,5.0,0.0,1,5
31572,1,4.0,0.0,1,2
31573,1,4.0,0.0,1,3
31574,2,4.5,0.7071067811865476,1,3
31575,1,5.0,0.0,1,4
31576,2,4.0,0.0,2,3
31578,1,4.0,0.0,1,3
31581,3,5.0,0.0,3,3
31585,1,5.0,0.0,1,4
31586,1,4.0,0.0,1,2
31587,3,3.0,1.0,1,2
31588,1,3.0,0.0,1,4
31592,1,2.0,0.0,1,4
31593,2,4.0,0.0,1,4
31598,1,4.0,0.0,1,4
31603,1,4.0,0.0,1,3
31607,1,5.0,0.0,1,2
31613,1,5.0,0.0,1,3
31616,1,5.0,0.0,1,1
31617,1,4.0,0.0,1,2
31619,1,5.0,0.0,1,2
31620,1,3.0,0.0,1,3
31621,2,4.5,0.7071067811865476,2,3
31624,1,3.0,0.0,1,2
31628,2,5.0,0.0,2,4
31629,2,4.5,0.7071067811865476,1,5
31632,1,5.0,0.0,1,2
31633,1,4.0,0.0,1,2
31634,2,3.5,0.7071067811865476,2,4
31635,1,5.0,0.0,1,4
31636,4,4.0,0.816496580927726,4,2
31648,1,4.0,0.0,1,2
31650,1,2.0,0.0,1,4
31651,1,3.0,0.0,1,2
31653,1,4.0,0.0,1,2
31655,1,5.0,0.0,1,2
31673,1,4.0,0.0,1,4
31675,1,5.0,0.0,1,3
31676,1,5.0,0.0,1,3
31678,3,5.0,0.0,2,2
31681,1,2.0,0.0,1,3
31684,2,3.5,0.7071067811865476,2,2
31688,1,4.0,0.0,1,5
31693,1,5.0,0.0,1,3
31694,1,5.0,0.0,1,3
31699,1,5.0,0.0,1,3
31700,1,4.0,0.0,1,2
31701,2,4.5,0.7071067811865476,2,4
31703,2,4.5,0.7071067811865476,2,2
31705,1,3.0,0.0,1,2
31707,2,4.5,0.7071067811865476,2,3
31709,1,5.0,0.0,1,3
31710,1,3.0,0.0,1,4
31713,3,4.666666666666667,0.5773502691896257,2,2
31719,1,5.0,0.0,1,2
31724,2,5.0,0.0,2,3
31726,2,4.0,0.0,2,3
31729,2,2.5,2.1213203435596424,2,2
31739,1,5.0,0.0,1,3
31740,1,5.0,0.0,1,2
31741,1,4.0,0.0,1,5
31742,1,5.0,0.0,1,2
31743,1,5.0,0.0,1,5
31744,1,5.0,0.0,1,3
31747,2,4.0,0.0,2,3
31750,1,5.0,0.0,1,3
31752,1,3.0,0.0,1,2
31753,1,4.0,0.0,1,4
31754,1,5.0,0.0,1,5
31755,1,5.0,0.0,1,2
31762,1,4.0,0.0,1,4
31765,1,5.0,0.0,1,3
31766,1,4.0,0.0,1,2
31767,1,4.0,0.0,1,4
31769,1,4.0,0.0,1,5
31770,1,5.0,0.0,1,3
31771,1,5.0,0.0,1,5
31775,1,4.0,0.0,1,4
31780,2,2.5,0.7071067811865476,1,4
31784,1,4.0,0.0,1,2
31785,4,4.5,1.0,4,3
31786,1,5.0,0.0,1,3
31787,1,4.0,0.0,1,3
31795,1,3.0,0.0,1,5
31796,1,4.0,0.0,1,2
31797,1,5.0,0.0,1,2
31799,1,4.0,0.0,1,2
31801,1,4.0,0.0,1,2
31806,4,4.75,0.4999999999999999,4,2
31807,1,4.0,0.0,1,4
31809,1,4.0,0.0,1,3
31810,1,4.0,0.0,1,2
31813,1,4.0,0.0,1,2
31815,1,5.0,0.0,1,4
31816,1,4.0,0.0,1,2
31819,3,4.0,1.0,1,3
31823,1,5.0,0.0,1,3
31826,3,4.0,0.0,3,3
31832,1,3.0,0.0,1,4
31833,1,5.0,0.0,1,4
31834,1,5.0,0.0,1,2
31836,1,4.0,0.0,1,3
31837,1,5.0,0.0,1,3
31838,1,3.0,0.0,1,4
31839,3,3.6666666666666665,1.1547005383792515,2,2
31840,1,5.0,0.0,1,3
31842,1,5.0,0.0,1,4
31844,1,5.0,0.0,1,3
31845,1,5.0,0.0,1,2
31851,1,5.0,0.0,1,2
31852,1,2.0,0.0,1,2
31855,1,4.0,0.0,1,2
31857,2,3.5,0.7071067811865476,1,3
31858,1,4.0,0.0,1,2
31859,7,4.714285714285714,0.48795003647426677,7,3
31861,1,5.0,0.0,1,1
31864,1,5.0,0.0,1,4
31865,1,5.0,0.0,1,4
31866,1,5.0,0.0,1,2
31867,1,4.0,0.0,1,2
31873,2,4.0,0.0,2,2
31874,1,4.0,0.0,1,3
31876,1,3.0,0.0,1,2
31878,1,4.0,0.0,1,5
31881,1,5.0,0.0,1,3
31883,4,5.0,0.0,4,5
31886,1,4.0,0.0,1,2
31890,1,1.0,0.0,1,2
31894,1,4.0,0.0,1,3
31895,5,3.8,1.0954451150103321,4,4
31897,4,2.75,1.707825127659933,4,2
31899,3,5.0,0.0,2,2
31903,1,5.0,0.0,1,3
31906,1,5.0,0.0,1,2
31908,7,3.857142857142857,1.3451854182690988,4,2
31910,2,5.0,0.0,2,2
31911,2,3.0,1.4142135623730951,2,2
31916,3,4.0,0.0,3,2
31918,5,4.6,0.894427190999916,3,4
31923,1,5.0,0.0,1,4
31925,1,5.0,0.0,1,2
31928,2,4.0,0.0,2,4
31930,5,4.0,0.7071067811865476,3,2
31931,4,4.75,0.5,1,2
31933,2,3.0,2.8284271247461903,1,3
31934,1,3.0,0.0,1,4
31937,1,4.0,0.0,1,2
31939,3,4.0,1.0,3,4
31941,3,3.0,2.0,3,2
31953,1,5.0,0.0,1,3
31954,1,4.0,0.0,1,4
31958,1,4.0,0.0,1,3
31965,1,3.0,0.0,1,2
31968,1,5.0,0.0,1,3
31972,2,4.0,0.0,2,3
31973,4,4.0,0.816496580927726,4,4
31978,2,5.0,0.0,2,3
31979,2,4.0,1.4142135623730951,2,5
31980,1,4.0,0.0,1,2
31982,1,2.0,0.0,1,2
31989,1,4.0,0.0,1,5
31991,4,4.5,0.5773502691896257,4,2
31994,2,3.5,2.1213203435596424,2,3
31996,2,4.5,0.7071067811865476,1,3
31997,1,4.0,0.0,1,2
31998,1,5.0,0.0,1,2
32000,2,4.5,0.7071067811865476,1,4
32002,1,5.0,0.0,1,4
32017,1,4.0,0.0,1,4
32018,1,4.0,0.0,1,3
32020,1,3.0,0.0,1,5
32021,1,5.0,0.0,1,4
32030,2,4.5,0.7071067811865476,2,4
32034,1,4.0,0.0,1,5
32036,2,4.0,0.0,2,2
32037,1,1.0,0.0,1,2
32039,1,5.0,0.0,1,3
32043,1,3.0,0.0,1,4
32050,1,1.0,0.0,1,3
32051,1,5.0,0.0,1,4
32053,1,4.0,0.0,1,3
32057,1,1.0,0.0,1,2
32059,1,5.0,0.0,1,3
32064,1,3.0,0.0,1,2
32066,1,3.0,0.0,1,4
32068,1,5.0,0.0,1,3
32070,1,4.0,0.0,1,1
32074,2,4.0,1.4142135623730951,1,2
32076,1,5.0,0.0,1,3
32077,5,4.2,0.8366600265340757,1,3
32078,3,3.6666666666666665,2.3094010767585034,2,1
32079,1,2.0,0.0,1,3
32081,1,3.0,0.0,1,3
32083,1,4.0,0.0,1,4
32086,1,5.0,0.0,1,4
32087,1,5.0,0.0,1,2
32090,2,4.5,0.7071067811865476,2,2
32095,1,4.0,0.0,1,1
32098,2,3.5,2.1213203435596424,1,5
32100,1,4.0,0.0,1,5
32101,1,3.0,0.0,1,3
32107,3,3.0,1.0,3,4
32108,2,4.0,1.4142135623730951,2,5
32111,2,4.0,0.0,2,3
32113,1,5.0,0.0,1,3
32114,1,5.0,0.0,1,3
32116,1,5.0,0.0,1,3
32119,1,5.0,0.0,1,3
32121,1,5.0,0.0,1,3
32123,1,4.0,0.0,1,3
32125,2,4.5,0.7071067811865476,2,3
32128,1,4.0,0.0,1,3
32129,1,5.0,0.0,1,3
32135,1,5.0,0.0,1,3
32139,1,5.0,0.0,1,3
32140,2,4.0,0.0,2,3
32141,1,1.0,0.0,1,3
32143,1,5.0,0.0,1,3
32146,1,4.0,0.0,1,3
32147,2,3.0,1.4142135623730951,1,2
32150,1,5.0,0.0,1,3
32151,1,5.0,0.0,1,2
32154,2,5.0,0.0,2,3
32159,1,5.0,0.0,1,3
32160,1,4.0,0.0,1,2
32163,1,2.0,0.0,1,4
32164,2,4.0,0.0,2,4
32166,3,3.6666666666666665,0.5773502691896257,1,3
32169,1,4.0,0.0,1,3
32171,1,4.0,0.0,1,2
32175,2,5.0,0.0,2,3
32183,1,5.0,0.0,1,1
32191,4,3.5,0.5773502691896257,1,2
32195,1,5.0,0.0,1,5
32198,2,3.5,0.7071067811865476,1,4
32200,4,5.0,0.0,4,4
32209,1,1.0,0.0,1,4
32210,2,4.0,0.0,2,4
32213,1,5.0,0.0,1,2
32220,1,5.0,0.0,1,3
32221,1,4.0,0.0,1,3
32223,1,5.0,0.0,1,3
32225,1,4.0,0.0,1,2
32229,1,3.0,0.0,1,2
32232,1,5.0,0.0,1,4
32235,1,1.0,0.0,1,4
32236,1,4.0,0.0,1,2
32239,2,4.0,0.0,2,3
32240,1,5.0,0.0,1,3
32241,4,3.75,0.9574271077563381,1,4
32242,1,5.0,0.0,1,2
32244,1,5.0,0.0,1,3
32245,1,5.0,0.0,1,3
32249,1,4.0,0.0,1,2
32251,1,4.0,0.0,1,2
32259,2,4.5,0.7071067811865476,2,2
32261,1,5.0,0.0,1,2
32262,1,5.0,0.0,1,3
32263,2,3.5,0.7071067811865476,1,5
32265,1,4.0,0.0,1,2
32269,3,3.3333333333333335,0.5773502691896258,3,3
32270,1,5.0,0.0,1,2
32271,1,5.0,0.0,1,4
32272,1,4.0,0.0,1,3
32273,3,4.333333333333333,0.5773502691896257,3,3
32274,1,5.0,0.0,1,4
32275,1,5.0,0.0,1,2
32276,1,5.0,0.0,1,4
32277,1,4.0,0.0,1,2
32281,1,5.0,0.0,1,3
32284,1,4.0,0.0,1,2
32290,1,4.0,0.0,1,2
32291,1,4.0,0.0,1,2
32295,3,3.0,1.7320508075688772,2,2
32296,1,5.0,0.0,1,3
32297,1,1.0,0.0,1,2
32298,1,5.0,0.0,1,3
32299,1,3.0,0.0,1,4
32300,2,4.5,0.7071067811865476,2,4
32301,2,4.5,0.7071067811865476,1,5
32302,2,5.0,0.0,2,4
32304,1,5.0,0.0,1,2
32305,1,5.0,0.0,1,2
32308,1,5.0,0.0,1,2
32309,3,4.333333333333333,0.5773502691896257,1,3
32314,1,4.0,0.0,1,2
32320,2,5.0,0.0,1,3
32322,5,4.8,0.44721359549995804,5,4
32323,1,4.0,0.0,1,2
32328,2,4.5,0.7071067811865476,2,2
32331,1,5.0,0.0,1,2
32333,1,5.0,0.0,1,3
32335,1,4.0,0.0,1,3
32337,1,4.0,0.0,1,2
32338,1,5.0,0.0,1,3
32339,1,5.0,0.0,1,4
32341,1,3.0,0.0,1,2
32344,4,5.0,0.0,4,3
32346,1,3.0,0.0,1,2
32350,1,5.0,0.0,1,2
32355,1,4.0,0.0,1,2
32359,1,4.0,0.0,1,3
32362,1,5.0,0.0,1,4
32367,1,4.0,0.0,1,3
32368,1,5.0,0.0,1,3
32370,1,2.0,0.0,1,4
32371,1,3.0,0.0,1,3
32375,1,3.0,0.0,1,2
32378,1,3.0,0.0,1,3
32386,1,4.0,0.0,1,4
32388,1,5.0,0.0,1,2
32391,1,5.0,0.0,1,4
32392,1,4.0,0.0,1,2
32393,1,3.0,0.0,1,4
32394,1,5.0,0.0,1,3
32398,3,2.3333333333333335,1.5275252316519465,1,2
32406,1,5.0,0.0,1,4
32407,2,4.0,1.4142135623730951,2,2
32409,1,5.0,0.0,1,4
32413,1,4.0,0.0,1,2
32416,1,4.0,0.0,1,2
32417,1,4.0,0.0,1,2
32418,2,3.5,0.7071067811865476,1,4
32422,4,3.5,1.7320508075688772,4,3
32423,1,4.0,0.0,1,5
32424,1,4.0,0.0,1,5
32430,1,2.0,0.0,1,2
32433,2,4.5,0.7071067811865476,1,4
32441,3,4.0,1.0,1,4
32444,1,5.0,0.0,1,4
32446,2,4.0,0.0,2,2
32447,2,5.0,0.0,1,4
32454,1,4.0,0.0,1,4
32455,1,5.0,0.0,1,3
32459,1,4.0,0.0,1,2
32460,3,4.666666666666667,0.5773502691896257,3,5
32461,1,4.0,0.0,1,4
32466,1,2.0,0.0,1,2
32467,1,4.0,0.0,1,3
32469,3,4.0,1.0,1,4
32470,1,3.0,0.0,1,2
32473,1,5.0,0.0,1,5
32475,1,2.0,0.0,1,2
32479,1,5.0,0.0,1,3
32480,1,4.0,0.0,1,2
32481,1,5.0,0.0,1,4
32482,1,1.0,0.0,1,4
32483,1,5.0,0.0,1,2
32484,2,4.5,0.7071067811865476,2,3
32486,2,4.0,0.0,2,2
32489,1,5.0,0.0,1,3
32490,2,4.5,0.7071067811865476,2,3
32492,2,4.0,0.0,2,2
32493,1,5.0,0.0,1,4
32496,4,4.0,0.816496580927726,4,3
32497,1,4.0,0.0,1,3
32499,2,4.0,1.4142135623730951,1,4
32500,2,4.5,0.7071067811865476,2,3
32501,1,5.0,0.0,1,3
32502,1,2.0,0.0,1,2
32513,1,4.0,0.0,1,1
32521,1,1.0,0.0,1,2
32522,1,4.0,0.0,1,4
32523,2,4.5,0.7071067811865476,2,2
32526,1,5.0,0.0,1,3
32529,1,5.0,0.0,1,3
32533,1,5.0,0.0,1,3
32540,2,5.0,0.0,1,2
32543,1,4.0,0.0,1,2
32544,2,4.0,0.0,2,2
32549,1,4.0,0.0,1,2
32550,1,4.0,0.0,1,3
32551,1,5.0,0.0,1,5
32552,1,4.0,0.0,1,5
32555,2,4.0,1.4142135623730951,2,2
32563,1,5.0,0.0,1,2
32571,1,5.0,0.0,1,2
32572,1,4.0,0.0,1,5
32573,1,3.0,0.0,1,2
32577,3,4.0,0.0,1,4
32579,1,5.0,0.0,1,3
32581,1,5.0,0.0,1,4
32586,3,4.0,1.0,3,3
32590,1,4.0,0.0,1,2
32592,2,2.5,0.7071067811865476,1,4
32594,1,4.0,0.0,1,4
32596,1,5.0,0.0,1,2
32599,1,5.0,0.0,1,4
32603,1,5.0,0.0,1,4
32604,1,5.0,0.0,1,2
32605,1,5.0,0.0,1,4
32606,1,3.0,0.0,1,4
32607,3,4.0,1.0,3,2
32611,1,3.0,0.0,1,2
32612,1,4.0,0.0,1,2
32618,1,5.0,0.0,1,2
32620,1,4.0,0.0,1,1
32626,1,3.0,0.0,1,2
32628,1,3.0,0.0,1,3
32633,2,5.0,0.0,2,2
32634,1,4.0,0.0,1,2
32635,1,5.0,0.0,1,5
32639,1,5.0,0.0,1,5
32642,1,5.0,0.0,1,2
32644,1,5.0,0.0,1,4
32649,1,4.0,0.0,1,4
32650,1,5.0,0.0,1,2
32652,1,4.0,0.0,1,4
32653,1,4.0,0.0,1,3
32661,1,5.0,0.0,1,2
32665,4,4.0,0.816496580927726,1,1
32666,2,4.0,0.0,2,3
32668,1,5.0,0.0,1,5
32670,2,3.5,0.7071067811865476,2,3
32672,2,3.0,2.8284271247461903,1,4
32674,2,4.0,0.0,2,3
32675,3,5.0,0.0,1,3
32677,1,5.0,0.0,1,3
32678,1,5.0,0.0,1,4
32679,3,4.666666666666667,0.5773502691896258,2,1
32683,1,4.0,0.0,1,2
32684,1,4.0,0.0,1,4
32685,1,4.0,0.0,1,5
32686,1,5.0,0.0,1,4
32690,2,4.0,0.0,2,2
32693,1,5.0,0.0,1,4
32694,2,5.0,0.0,2,2
32695,1,5.0,0.0,1,4
32696,2,5.0,0.0,2,3
32697,1,3.0,0.0,1,2
32699,1,3.0,0.0,1,2
32700,1,5.0,0.0,1,2
32704,1,4.0,0.0,1,3
32711,3,4.0,1.0,2,3
32712,1,4.0,0.0,1,2
32713,2,4.5,0.7071067811865476,2,2
32714,2,5.0,0.0,2,3
32717,1,1.0,0.0,1,4
32720,1,4.0,0.0,1,2
32724,4,4.75,0.4999999999999999,4,2
32726,2,4.5,0.7071067811865476,1,4
32735,1,5.0,0.0,1,5
32738,1,5.0,0.0,1,2
32741,1,5.0,0.0,1,3
32745,1,5.0,0.0,1,2
32746,2,3.5,0.7071067811865476,2,4
32747,1,5.0,0.0,1,2
32748,2,4.5,0.7071067811865476,2,2
32751,1,5.0,0.0,1,4
32754,1,5.0,0.0,1,2
32755,1,5.0,0.0,1,4
32756,2,5.0,0.0,2,5
32759,1,4.0,0.0,1,4
32761,1,3.0,0.0,1,2
32765,1,3.0,0.0,1,4
32767,2,3.5,2.1213203435596424,2,3
32770,1,5.0,0.0,1,4
32772,1,4.0,0.0,1,3
32781,1,4.0,0.0,1,2
32782,1,1.0,0.0,1,2
32786,1,5.0,0.0,1,2
32789,2,4.0,1.4142135623730951,2,3
32792,1,5.0,0.0,1,2
32794,1,3.0,0.0,1,4
32796,1,3.0,0.0,1,2
32797,1,1.0,0.0,1,4
32804,2,5.0,0.0,2,5
32806,1,5.0,0.0,1,3
32809,3,3.6666666666666665,1.5275252316519468,3,2
32813,2,3.0,1.4142135623730951,2,2
32815,1,4.0,0.0,1,1
32819,1,4.0,0.0,1,2
32821,1,3.0,0.0,1,2
32824,1,4.0,0.0,1,4
32830,1,5.0,0.0,1,2
32831,1,4.0,0.0,1,5
32836,1,5.0,0.0,1,3
32837,1,3.0,0.0,1,3
32844,1,3.0,0.0,1,3
32846,1,5.0,0.0,1,2
32847,1,5.0,0.0,1,3
32851,2,5.0,0.0,2,3
32854,1,5.0,0.0,1,5
32856,1,4.0,0.0,1,4
32857,1,5.0,0.0,1,2
32859,2,3.5,0.7071067811865476,2,3
32860,3,4.666666666666667,0.5773502691896258,3,2
32862,2,3.5,0.7071067811865476,2,5
32863,1,3.0,0.0,1,5
32864,1,4.0,0.0,1,3
32866,1,4.0,0.0,1,2
32867,1,2.0,0.0,1,4
32868,2,4.0,0.0,2,2
32874,2,5.0,0.0,2,2
32875,2,4.5,0.7071067811865476,2,4
32878,1,5.0,0.0,1,2
32881,2,4.0,0.0,1,2
32884,1,4.0,0.0,1,3
32892,4,2.75,0.9574271077563381,4,5
32894,1,5.0,0.0,1,3
32900,1,1.0,0.0,1,4
32901,1,5.0,0.0,1,2
32902,1,4.0,0.0,1,2
32907,1,3.0,0.0,1,5
32908,1,5.0,0.0,1,3
32909,1,3.0,0.0,1,4
32911,3,4.333333333333333,1.1547005383792515,3,2
32913,1,5.0,0.0,1,2
32915,2,4.0,0.0,2,2
32916,1,5.0,0.0,1,5
32917,1,4.0,0.0,1,4
32918,1,5.0,0.0,1,3
32919,2,4.0,0.0,2,5
32920,2,4.0,1.4142135623730951,2,2
32923,1,4.0,0.0,1,4
32926,2,2.0,0.0,1,3
32928,1,4.0,0.0,1,4
32929,2,4.5,0.7071067811865476,1,1
32931,2,4.0,0.0,2,3
32932,1,4.0,0.0,1,5
32936,1,4.0,0.0,1,4
32937,1,4.0,0.0,1,2
32943,2,4.5,0.7071067811865476,2,3
32944,1,4.0,0.0,1,2
32945,2,4.0,0.0,2,3
32948,4,4.0,0.8164965809277259,3,3
32950,2,2.5,2.1213203435596424,2,2
32951,1,5.0,0.0,1,3
32953,1,4.0,0.0,1,5
32954,1,5.0,0.0,1,4
32956,3,4.666666666666667,0.5773502691896258,3,5
32960,1,3.0,0.0,1,2
32965,1,5.0,0.0,1,3
32968,1,5.0,0.0,1,4
32970,1,4.0,0.0,1,1
32973,1,4.0,0.0,1,2
32974,1,4.0,0.0,1,4
32975,1,1.0,0.0,1,5
32976,1,3.0,0.0,1,2
32978,1,4.0,0.0,1,3
32979,1,5.0,0.0,1,2
32981,1,4.0,0.0,1,3
32983,1,3.0,0.0,1,4
32984,1,4.0,0.0,1,2
32985,1,5.0,0.0,1,3
32987,3,4.0,1.0,1,4
32989,1,4.0,0.0,1,2
32992,1,4.0,0.0,1,2
32995,1,5.0,0.0,1,2
32998,1,5.0,0.0,1,2
33000,1,5.0,0.0,1,2
33004,1,3.0,0.0,1,5
33007,1,5.0,0.0,1,2
33010,1,1.0,0.0,1,3
33012,2,4.5,0.7071067811865476,2,2
33015,1,5.0,0.0,1,2
33017,1,1.0,0.0,1,4
33019,1,5.0,0.0,1,2
33022,1,4.0,0.0,1,4
33024,1,5.0,0.0,1,2
33026,5,3.4,1.3416407864998738,2,4
33027,1,4.0,0.0,1,2
33029,1,5.0,0.0,1,2
33030,1,3.0,0.0,1,2
33032,1,5.0,0.0,1,5
33034,1,5.0,0.0,1,3
33035,1,4.0,0.0,1,2
33036,1,2.0,0.0,1,2
33038,2,4.0,1.4142135623730951,2,3
33041,2,5.0,0.0,2,3
33047,2,5.0,0.0,2,4
33051,2,3.5,0.7071067811865476,1,3
33054,3,5.0,0.0,3,2
33055,2,4.5,0.7071067811865476,2,3
33059,1,4.0,0.0,1,2
33061,1,5.0,0.0,1,4
33063,1,3.0,0.0,1,3
33064,1,3.0,0.0,1,2
33065,1,5.0,0.0,1,2
33070,3,4.666666666666667,0.5773502691896258,3,2
33073,1,5.0,0.0,1,3
33080,1,5.0,0.0,1,3
33081,4,4.5,0.5773502691896257,4,2
33085,1,5.0,0.0,1,3
33086,2,5.0,0.0,2,4
33087,1,4.0,0.0,1,1
33090,1,5.0,0.0,1,3
33091,1,5.0,0.0,1,4
33093,1,4.0,0.0,1,3
33095,2,3.0,0.0,2,5
33097,2,4.5,0.7071067811865476,2,3
33098,1,3.0,0.0,1,2
33099,2,4.5,0.7071067811865476,2,2
33100,1,2.0,0.0,1,3
33103,1,5.0,0.0,1,4
33104,1,5.0,0.0,1,3
33105,1,2.0,0.0,1,2
33108,1,5.0,0.0,1,3
33109,1,4.0,0.0,1,4
33117,2,4.0,0.0,2,2
33119,4,3.25,1.707825127659933,1,5
33125,1,5.0,0.0,1,5
33126,2,4.5,0.7071067811865476,2,3
33128,1,4.0,0.0,1,2
33130,1,5.0,0.0,1,3
33131,1,4.0,0.0,1,4
33136,2,3.0,1.4142135623730951,2,2
33137,1,4.0,0.0,1,3
33140,1,2.0,0.0,1,3
33144,1,4.0,0.0,1,5
33149,1,4.0,0.0,1,2
33150,2,4.0,0.0,2,2
33155,2,4.5,0.7071067811865476,2,5
33159,1,5.0,0.0,1,2
33170,1,5.0,0.0,1,4
33174,1,5.0,0.0,1,2
33176,1,5.0,0.0,1,3
33183,2,4.5,0.7071067811865476,2,2
33191,1,4.0,0.0,1,3
33192,2,4.0,0.0,2,2
33194,1,4.0,0.0,1,2
33195,1,3.0,0.0,1,4
33196,1,3.0,0.0,1,4
33202,1,4.0,0.0,1,3
33204,1,5.0,0.0,1,2
33205,1,5.0,0.0,1,3
33207,1,5.0,0.0,1,4
33210,2,5.0,0.0,1,4
33213,1,5.0,0.0,1,5
33215,2,5.0,0.0,2,4
33217,2,4.5,0.7071067811865476,2,2
33221,1,5.0,0.0,1,4
33222,1,5.0,0.0,1,4
33224,1,4.0,0.0,1,2
33226,1,4.0,0.0,1,2
33228,1,4.0,0.0,1,3
33229,1,3.0,0.0,1,4
33232,2,4.0,0.0,2,2
33233,1,5.0,0.0,1,5
33234,2,3.0,1.4142135623730951,2,2
33235,2,3.0,1.4142135623730951,2,2
33236,4,4.25,1.5,4,4
33237,2,4.0,1.4142135623730951,1,4
33238,1,5.0,0.0,1,2
33240,2,5.0,0.0,2,3
33243,2,4.5,0.7071067811865476,2,5
33245,1,3.0,0.0,1,2
33251,1,2.0,0.0,1,4
33253,1,4.0,0.0,1,2
33254,2,4.5,0.7071067811865476,2,2
33255,1,5.0,0.0,1,2
33256,2,4.0,0.0,2,3
33261,1,5.0,0.0,1,2
33263,1,5.0,0.0,1,3
33264,1,4.0,0.0,1,3
33265,1,5.0,0.0,1,3
33269,2,3.0,2.8284271247461903,2,2
33270,1,4.0,0.0,1,3
33271,2,5.0,0.0,2,3
33273,1,4.0,0.0,1,3
33274,2,2.5,0.7071067811865476,1,4
33275,2,5.0,0.0,1,2
33276,1,5.0,0.0,1,5
33278,1,4.0,0.0,1,5
33280,1,5.0,0.0,1,2
33281,1,5.0,0.0,1,2
33282,1,4.0,0.0,1,3
33284,1,1.0,0.0,1,2
33287,1,4.0,0.0,1,4
33288,1,5.0,0.0,1,3
33290,1,4.0,0.0,1,2
33291,2,4.0,1.4142135623730951,2,2
33292,1,5.0,0.0,1,4
33293,2,4.0,0.0,2,3
33298,3,4.0,1.0,3,2
33301,1,4.0,0.0,1,5
33307,1,4.0,0.0,1,4
33310,1,4.0,0.0,1,3
33311,1,3.0,0.0,1,4
33315,2,4.0,0.0,2,2
33318,1,1.0,0.0,1,2
33319,1,4.0,0.0,1,2
33322,1,5.0,0.0,1,5
33326,1,5.0,0.0,1,2
33327,1,3.0,0.0,1,2
33331,1,5.0,0.0,1,2
33332,3,3.3333333333333335,0.5773502691896258,3,2
33340,2,4.5,0.7071067811865476,2,2
33341,1,4.0,0.0,1,3
33344,1,3.0,0.0,1,2
33347,1,5.0,0.0,1,5
33348,2,4.0,1.4142135623730951,2,2
33351,2,4.0,1.4142135623730951,2,2
33353,1,3.0,0.0,1,3
33354,1,5.0,0.0,1,5
33355,1,4.0,0.0,1,2
33356,1,5.0,0.0,1,2
33358,2,5.0,0.0,2,2
33359,1,4.0,0.0,1,5
33362,1,3.0,0.0,1,2
33363,1,4.0,0.0,1,3
33366,2,5.0,0.0,2,3
33369,1,3.0,0.0,1,4
33370,1,5.0,0.0,1,3
33371,1,5.0,0.0,1,2
33374,1,5.0,0.0,1,4
33376,1,5.0,0.0,1,2
33377,1,5.0,0.0,1,4
33378,1,4.0,0.0,1,2
33379,3,3.6666666666666665,2.3094010767585034,1,2
33381,1,5.0,0.0,1,3
33385,1,5.0,0.0,1,2
33386,1,3.0,0.0,1,5
33388,1,2.0,0.0,1,2
33392,1,5.0,0.0,1,5
33397,1,5.0,0.0,1,2
33398,1,5.0,0.0,1,2
33399,2,4.0,1.4142135623730951,2,5
33406,2,4.5,0.7071067811865476,2,2
33414,1,4.0,0.0,1,3
33419,1,5.0,0.0,1,2
33421,1,5.0,0.0,1,3
33423,1,5.0,0.0,1,2
33424,2,4.5,0.7071067811865476,1,3
33425,2,3.5,2.1213203435596424,2,3
33426,2,3.5,0.7071067811865476,2,3
33428,1,2.0,0.0,1,3
33429,1,4.0,0.0,1,3
33431,1,4.0,0.0,1,2
33433,1,3.0,0.0,1,2
33438,1,4.0,0.0,1,4
33440,1,5.0,0.0,1,3
33447,1,4.0,0.0,1,3
33448,3,4.0,1.0,1,3
33449,1,4.0,0.0,1,4
33452,1,4.0,0.0,1,2
33453,2,4.0,0.0,2,4
33465,1,5.0,0.0,1,3
33466,1,3.0,0.0,1,2
33467,1,3.0,0.0,1,2
33468,1,4.0,0.0,1,2
33474,1,5.0,0.0,1,2
33475,1,5.0,0.0,1,2
33477,1,5.0,0.0,1,3
33479,2,2.5,2.1213203435596424,2,4
33481,2,4.0,1.4142135623730951,2,2
33488,1,3.0,0.0,1,3
33493,1,5.0,0.0,1,2
33499,1,3.0,0.0,1,3
33503,2,4.5,0.7071067811865476,1,4
33504,1,5.0,0.0,1,3
33505,1,3.0,0.0,1,3
33514,1,5.0,0.0,1,2
33515,1,5.0,0.0,1,3
33517,2,4.0,1.4142135623730951,2,4
33521,1,4.0,0.0,1,2
33522,1,3.0,0.0,1,2
33525,1,3.0,0.0,1,3
33527,2,5.0,0.0,2,3
33529,1,5.0,0.0,1,3
33532,3,4.0,1.7320508075688772,2,4
33533,1,5.0,0.0,1,2
33534,2,4.5,0.7071067811865476,2,2
33535,1,3.0,0.0,1,3
33537,1,4.0,0.0,1,4
33539,1,5.0,0.0,1,5
33543,1,4.0,0.0,1,3
33545,2,5.0,0.0,2,2
33547,1,4.0,0.0,1,5
33552,1,5.0,0.0,1,2
33554,1,4.0,0.0,1,4
33557,1,5.0,0.0,1,4
33559,1,4.0,0.0,1,4
33568,1,3.0,0.0,1,4
33571,3,5.0,0.0,3,2
33576,3,2.3333333333333335,1.1547005383792515,2,2
33577,1,5.0,0.0,1,2
33585,2,4.5,0.7071067811865476,1,4
33586,1,4.0,0.0,1,2
33588,1,4.0,0.0,1,3
33590,1,4.0,0.0,1,3
33592,1,3.0,0.0,1,2
33596,1,4.0,0.0,1,2
33597,1,3.0,0.0,1,3
33601,1,4.0,0.0,1,5
33602,1,5.0,0.0,1,2
33603,1,5.0,0.0,1,2
33605,1,4.0,0.0,1,3
33606,2,4.5,0.7071067811865476,2,3
33607,2,4.5,0.7071067811865476,1,1
33614,1,5.0,0.0,1,2
33619,1,3.0,0.0,1,4
33622,1,5.0,0.0,1,4
33623,4,4.25,0.4999999999999999,1,5
33627,1,5.0,0.0,1,2
33630,1,4.0,0.0,1,4
33632,1,3.0,0.0,1,4
33639,1,5.0,0.0,1,5
33641,3,4.333333333333333,1.1547005383792517,2,4
33645,1,1.0,0.0,1,3
33646,1,5.0,0.0,1,3
33647,1,4.0,0.0,1,3
33648,1,4.0,0.0,1,2
33649,1,4.0,0.0,1,2
33650,1,5.0,0.0,1,4
33651,1,4.0,0.0,1,4
33655,2,5.0,0.0,2,4
33657,1,4.0,0.0,1,2
33659,1,5.0,0.0,1,1
33663,1,4.0,0.0,1,2
33666,1,4.0,0.0,1,4
33671,1,5.0,0.0,1,5
33679,1,1.0,0.0,1,4
33680,1,2.0,0.0,1,2
33682,1,5.0,0.0,1,2
33685,1,4.0,0.0,1,3
33686,1,4.0,0.0,1,3
33689,1,5.0,0.0,1,3
33690,1,1.0,0.0,1,2
33691,1,4.0,0.0,1,4
33692,1,5.0,0.0,1,2
33694,1,4.0,0.0,1,3
33699,2,3.5,0.7071067811865476,2,2
33700,1,1.0,0.0,1,5
33702,1,2.0,0.0,1,3
33704,1,5.0,0.0,1,2
33709,1,5.0,0.0,1,2
33713,1,4.0,0.0,1,2
33715,1,4.0,0.0,1,2
33716,2,5.0,0.0,2,5
33719,1,4.0,0.0,1,4
33720,1,5.0,0.0,1,3
33721,1,5.0,0.0,1,2
33728,1,5.0,0.0,1,2
33729,1,5.0,0.0,1,2
33731,1,5.0,0.0,1,4
33732,1,5.0,0.0,1,3
33734,1,4.0,0.0,1,2
33735,1,4.0,0.0,1,2
33737,1,5.0,0.0,1,2
33738,1,5.0,0.0,1,3
33741,1,4.0,0.0,1,3
33744,1,5.0,0.0,1,2
33745,1,5.0,0.0,1,3
33747,2,5.0,0.0,2,2
33749,1,3.0,0.0,1,2
33752,1,2.0,0.0,1,2
33753,2,4.0,0.0,2,5
33754,1,5.0,0.0,1,5
33759,1,4.0,0.0,1,3
33761,1,5.0,0.0,1,3
33763,1,4.0,0.0,1,2
33764,1,3.0,0.0,1,2
33772,1,4.0,0.0,1,4
33776,3,3.3333333333333335,2.0816659994661326,1,2
33783,1,2.0,0.0,1,2
33785,1,5.0,0.0,1,1
33786,1,5.0,0.0,1,2
33794,3,2.0,1.0,1,4
33795,1,3.0,0.0,1,5
33797,2,5.0,0.0,2,3
33800,1,5.0,0.0,1,3
33801,1,5.0,0.0,1,3
33802,1,4.0,0.0,1,4
33803,1,4.0,0.0,1,2
33805,1,4.0,0.0,1,3
33806,1,4.0,0.0,1,4
33807,1,5.0,0.0,1,2
33811,3,4.0,1.0,3,2
33815,2,2.5,0.7071067811865476,1,4
33816,1,3.0,0.0,1,2
33817,1,4.0,0.0,1,3
33821,1,4.0,0.0,1,4
33823,1,2.0,0.0,1,2
33826,1,5.0,0.0,1,4
33833,1,4.0,0.0,1,4
33835,1,4.0,0.0,1,3
33838,2,4.0,0.0,2,4
33842,1,5.0,0.0,1,2
33844,3,2.6666666666666665,1.5275252316519468,3,2
33852,2,4.0,0.0,2,2
33855,1,4.0,0.0,1,2
33856,1,4.0,0.0,1,2
33859,1,4.0,0.0,1,2
33861,1,5.0,0.0,1,4
33862,1,3.0,0.0,1,2
33869,1,4.0,0.0,1,4
33870,1,5.0,0.0,1,2
33871,1,5.0,0.0,1,2
33879,1,5.0,0.0,1,3
33881,1,5.0,0.0,1,3
33886,2,3.5,0.7071067811865476,2,2
33887,1,5.0,0.0,1,3
33890,1,4.0,0.0,1,2
33895,2,5.0,0.0,1,3
33896,1,5.0,0.0,1,3
33902,1,5.0,0.0,1,4
33905,1,5.0,0.0,1,1
33908,1,2.0,0.0,1,3
33909,1,5.0,0.0,1,2
33914,1,4.0,0.0,1,4
33921,1,4.0,0.0,1,3
33923,1,5.0,0.0,1,5
33924,1,5.0,0.0,1,4
33926,1,4.0,0.0,1,3
33928,1,5.0,0.0,1,3
33930,1,5.0,0.0,1,3
33933,1,5.0,0.0,1,3
33934,1,5.0,0.0,1,2
33936,1,4.0,0.0,1,2
33937,1,2.0,0.0,1,5
33942,2,4.5,0.7071067811865476,2,2
33943,1,2.0,0.0,1,2
33947,1,4.0,0.0,1,3
33948,3,4.666666666666667,0.5773502691896257,3,3
33950,1,4.0,0.0,1,3
33955,2,4.5,0.7071067811865476,1,4
33956,1,1.0,0.0,1,2
33957,1,5.0,0.0,1,2
33959,1,4.0,0.0,1,2
33962,3,2.0,1.7320508075688772,3,2
33963,1,5.0,0.0,1,2
33966,4,3.75,1.2583057392117916,4,2
33971,1,5.0,0.0,1,2
33976,1,4.0,0.0,1,2
33978,1,5.0,0.0,1,2
33980,2,4.5,0.7071067811865476,2,2
33986,1,4.0,0.0,1,2
33988,1,5.0,0.0,1,3
33989,1,2.0,0.0,1,3
33994,1,3.0,0.0,1,4
33996,2,5.0,0.0,2,3
33997,2,4.0,0.0,2,3
34002,2,4.0,1.4142135623730951,2,2
34003,1,4.0,0.0,1,2
34004,1,4.0,0.0,1,3
34006,2,4.0,1.4142135623730951,2,2
34008,2,3.5,0.7071067811865476,2,2
34009,1,3.0,0.0,1,4
34010,1,4.0,0.0,1,2
34014,3,4.666666666666667,0.5773502691896258,3,2
34015,1,5.0,0.0,1,2
34018,1,4.0,0.0,1,2
34021,1,5.0,0.0,1,4
34025,1,5.0,0.0,1,4
34027,1,4.0,0.0,1,3
34029,1,5.0,0.0,1,2
34031,1,2.0,0.0,1,4
34033,1,4.0,0.0,1,2
34039,1,5.0,0.0,1,3
34042,5,4.6,0.5477225575051662,4,4
34045,6,3.1666666666666665,1.4719601443879746,5,2
34046,3,3.6666666666666665,0.5773502691896258,3,2
34047,1,5.0,0.0,1,2
34049,8,4.0,0.7559289460184544,4,3
34050,7,3.857142857142857,1.4638501094227998,4,5
34051,1,5.0,0.0,1,2
34053,15,4.0,1.1338934190276815,6,3
34054,2,4.0,0.0,2,2
34060,2,5.0,0.0,2,2
34062,2,5.0,0.0,1,4
34063,2,3.5,0.7071067811865476,2,2
34064,2,4.5,0.7071067811865476,2,2
34067,1,3.0,0.0,1,3
34069,2,3.0,2.8284271247461903,2,3
34071,2,3.5,2.1213203435596424,2,2
34075,4,4.25,0.9574271077563382,4,2
34076,1,1.0,0.0,1,2
34079,2,3.5,0.7071067811865476,2,2
34080,1,2.0,0.0,1,2
34081,1,3.0,0.0,1,3
34084,2,4.0,1.4142135623730951,2,2
34087,2,4.0,0.0,2,2
34088,1,4.0,0.0,1,5
34099,1,1.0,0.0,1,2
34104,1,5.0,0.0,1,4
34105,1,3.0,0.0,1,4
34113,1,5.0,0.0,1,4
34115,1,4.0,0.0,1,3
34116,1,4.0,0.0,1,5
34120,1,4.0,0.0,1,5
34125,1,5.0,0.0,1,2
34126,1,3.0,0.0,1,2
34131,1,4.0,0.0,1,2
34132,1,5.0,0.0,1,2
34142,2,4.5,0.7071067811865476,2,2
34147,1,3.0,0.0,1,2
34152,1,4.0,0.0,1,2
34159,1,5.0,0.0,1,2
34161,2,5.0,0.0,1,2
34162,2,5.0,0.0,2,3
34166,1,5.0,0.0,1,2
34170,2,4.0,1.4142135623730951,2,4
34171,4,4.25,0.9574271077563381,1,4
34172,2,3.5,2.1213203435596424,2,2
34174,1,3.0,0.0,1,2
34182,2,3.5,2.1213203435596424,2,4
34184,1,5.0,0.0,1,5
34187,1,2.0,0.0,1,2
34192,1,5.0,0.0,1,4
34195,2,4.5,0.7071067811865476,2,2
34199,1,5.0,0.0,1,2
34201,1,4.0,0.0,1,2
34207,1,3.0,0.0,1,2
34208,1,5.0,0.0,1,3
34209,1,5.0,0.0,1,3
34213,1,3.0,0.0,1,3
34214,1,5.0,0.0,1,2
34215,2,4.5,0.7071067811865476,2,2
34218,1,4.0,0.0,1,2
34220,1,4.0,0.0,1,2
34222,1,3.0,0.0,1,2
34223,1,3.0,0.0,1,4
34225,1,4.0,0.0,1,2
34227,1,5.0,0.0,1,2
34230,2,4.5,0.7071067811865476,2,2
34231,2,3.5,0.7071067811865476,2,2
34234,1,4.0,0.0,1,4
34237,2,5.0,0.0,2,4
34238,1,3.0,0.0,1,4
34239,1,5.0,0.0,1,4
34241,1,5.0,0.0,1,2
34243,1,5.0,0.0,1,3
34244,1,3.0,0.0,1,2
34248,1,4.0,0.0,1,3
34255,2,4.5,0.7071067811865476,1,2
34258,1,4.0,0.0,1,3
34260,3,4.333333333333333,1.1547005383792515,1,1
34262,1,5.0,0.0,1,4
34269,1,5.0,0.0,1,2
34273,2,4.5,0.7071067811865476,1,2
34275,1,5.0,0.0,1,2
34276,1,3.0,0.0,1,5
34282,1,5.0,0.0,1,3
34283,1,5.0,0.0,1,5
34285,1,4.0,0.0,1,2
34288,3,2.6666666666666665,2.0816659994661326,1,5
34289,1,5.0,0.0,1,3
34291,1,4.0,0.0,1,2
34298,1,5.0,0.0,1,4
34300,1,2.0,0.0,1,3
34302,1,5.0,0.0,1,3
34304,1,5.0,0.0,1,2
34305,2,4.5,0.7071067811865476,2,3
34306,1,5.0,0.0,1,3
34309,1,4.0,0.0,1,5
34313,4,4.0,0.8164965809277259,4,2
34314,1,5.0,0.0,1,2
34315,1,4.0,0.0,1,4
34317,3,5.0,0.0,3,2
34321,1,5.0,0.0,1,2
34322,1,5.0,0.0,1,3
34323,1,4.0,0.0,1,3
34324,1,4.0,0.0,1,4
34328,1,2.0,0.0,1,3
34338,1,5.0,0.0,1,2
34339,1,5.0,0.0,1,2
34344,2,5.0,0.0,2,2
34348,2,3.5,0.7071067811865476,1,2
34350,1,4.0,0.0,1,3
34353,1,3.0,0.0,1,4
34354,1,4.0,0.0,1,2
34358,1,4.0,0.0,1,2
34359,1,5.0,0.0,1,3
34360,4,4.0,1.1547005383792515,3,3
34363,2,4.5,0.7071067811865476,2,4
34365,2,5.0,0.0,2,2
34369,6,4.333333333333333,0.5163977794943223,4,2
34370,1,4.0,0.0,1,2
34371,1,4.0,0.0,1,2
34372,1,5.0,0.0,1,2
34375,1,5.0,0.0,1,2
34378,2,3.5,0.7071067811865476,2,3
34383,1,4.0,0.0,1,4
34385,2,4.0,0.0,2,2
34388,3,4.333333333333333,0.5773502691896257,3,2
34390,2,4.0,1.4142135623730951,2,3
34396,2,4.0,0.0,2,2
34398,1,4.0,0.0,1,2
34399,1,3.0,0.0,1,3
34403,1,5.0,0.0,1,4
34405,2,4.5,0.7071067811865476,2,2
34408,1,3.0,0.0,1,2
34409,1,2.0,0.0,1,2
34412,2,4.5,0.7071067811865476,1,2
34415,1,5.0,0.0,1,2
34416,1,3.0,0.0,1,3
34417,1,4.0,0.0,1,2
34422,1,5.0,0.0,1,2
34425,2,3.5,0.7071067811865476,2,4
34429,1,2.0,0.0,1,3
34433,1,2.0,0.0,1,5
34434,2,4.5,0.7071067811865476,2,2
34435,1,4.0,0.0,1,2
34436,6,4.166666666666667,1.329160135825126,4,2
34439,2,3.0,1.4142135623730951,2,2
34443,1,3.0,0.0,1,2
34444,1,5.0,0.0,1,3
34445,3,3.0,1.7320508075688772,2,2
34447,1,2.0,0.0,1,5
34449,1,1.0,0.0,1,2
34452,1,5.0,0.0,1,3
34454,1,5.0,0.0,1,5
34455,2,5.0,0.0,2,3
34456,1,1.0,0.0,1,3
34457,2,4.5,0.7071067811865476,1,4
34459,1,5.0,0.0,1,2
34461,1,4.0,0.0,1,4
34463,2,5.0,0.0,2,5
34464,2,3.0,2.8284271247461903,2,2
34466,1,5.0,0.0,1,4
34470,1,5.0,0.0,1,3
34473,1,5.0,0.0,1,4
34474,1,5.0,0.0,1,2
34475,1,5.0,0.0,1,3
34478,1,5.0,0.0,1,4
34480,3,3.3333333333333335,1.1547005383792515,3,4
34481,1,4.0,0.0,1,1
34482,3,4.666666666666667,0.5773502691896257,3,5
34484,1,4.0,0.0,1,4
34486,3,4.0,1.0,3,3
34488,1,5.0,0.0,1,2
34490,2,3.0,2.8284271247461903,2,2
34492,1,5.0,0.0,1,2
34496,2,2.0,1.4142135623730951,2,2
34497,2,4.5,0.7071067811865476,1,4
34498,1,4.0,0.0,1,2
34501,1,4.0,0.0,1,2
34502,1,4.0,0.0,1,3
34505,3,4.333333333333333,1.1547005383792515,3,2
34507,1,1.0,0.0,1,2
34509,1,3.0,0.0,1,2
34511,2,5.0,0.0,2,3
34514,1,5.0,0.0,1,2
34518,1,5.0,0.0,1,3
34522,4,4.0,0.816496580927726,4,2
34526,1,4.0,0.0,1,3
34528,1,5.0,0.0,1,2
34529,1,5.0,0.0,1,3
34531,1,5.0,0.0,1,4
34532,1,5.0,0.0,1,2
34535,1,5.0,0.0,1,2
34536,1,2.0,0.0,1,3
34544,1,5.0,0.0,1,3
34545,2,3.5,0.7071067811865476,2,2
34547,1,3.0,0.0,1,4
34556,1,3.0,0.0,1,2
34560,1,5.0,0.0,1,2
34562,1,4.0,0.0,1,3
34566,1,5.0,0.0,1,2
34567,1,4.0,0.0,1,2
34570,1,3.0,0.0,1,2
34577,1,3.0,0.0,1,4
34580,2,4.0,0.0,2,3
34582,2,4.0,0.0,2,3
34585,1,4.0,0.0,1,2
34586,2,4.5,0.7071067811865476,1,3
34587,1,5.0,0.0,1,3
34591,1,5.0,0.0,1,3
34594,3,4.0,0.0,2,3
34598,1,4.0,0.0,1,3
34599,1,4.0,0.0,1,4
34601,1,5.0,0.0,1,1
34608,1,5.0,0.0,1,2
34610,1,5.0,0.0,1,2
34611,2,3.5,0.7071067811865476,2,5
34615,1,5.0,0.0,1,2
34618,1,4.0,0.0,1,2
34621,4,3.75,0.9574271077563381,4,5
34623,1,4.0,0.0,1,3
34625,1,5.0,0.0,1,5
34626,1,5.0,0.0,1,5
34627,1,5.0,0.0,1,3
34629,1,5.0,0.0,1,3
34630,4,4.0,0.8164965809277259,1,3
34632,1,4.0,0.0,1,3
34634,3,4.333333333333333,0.5773502691896258,3,4
34636,2,3.5,0.7071067811865476,1,4
34637,3,4.0,1.0,3,2
34638,1,3.0,0.0,1,2
34639,1,3.0,0.0,1,2
34640,1,5.0,0.0,1,2
34643,1,4.0,0.0,1,2
34644,1,4.0,0.0,1,4
34647,1,5.0,0.0,1,2
34648,1,1.0,0.0,1,2
34649,1,5.0,0.0,1,2
34652,1,3.0,0.0,1,2
34654,1,4.0,0.0,1,3
34657,2,4.5,0.7071067811865476,2,3
34658,2,3.5,2.1213203435596424,2,2
34659,1,5.0,0.0,1,3
34660,1,4.0,0.0,1,4
34663,1,5.0,0.0,1,4
34666,3,3.6666666666666665,0.5773502691896257,2,4
34667,1,5.0,0.0,1,3
34669,1,5.0,0.0,1,4
34670,1,2.0,0.0,1,3
34673,1,2.0,0.0,1,2
34674,2,3.0,1.4142135623730951,2,3
34675,1,5.0,0.0,1,2
34680,2,4.5,0.7071067811865476,2,3
34683,1,5.0,0.0,1,3
34684,1,5.0,0.0,1,3
34685,1,4.0,0.0,1,2
34686,1,4.0,0.0,1,4
34687,1,2.0,0.0,1,3
34689,1,5.0,0.0,1,3
34691,2,3.0,0.0,2,2
34692,2,3.5,0.7071067811865476,2,2
34693,1,2.0,0.0,1,2
34700,3,4.666666666666667,0.5773502691896257,3,4
34701,1,5.0,0.0,1,2
34704,4,4.75,0.5,3,2
34706,1,5.0,0.0,1,2
34707,1,2.0,0.0,1,2
34711,1,4.0,0.0,1,4
34718,1,4.0,0.0,1,4
34722,1,4.0,0.0,1,2
34727,1,4.0,0.0,1,2
34730,2,4.5,0.7071067811865476,2,4
34733,1,5.0,0.0,1,5
34734,1,5.0,0.0,1,5
34736,1,5.0,0.0,1,3
34739,1,5.0,0.0,1,3
34740,1,5.0,0.0,1,5
34741,1,3.0,0.0,1,2
34742,2,5.0,0.0,1,3
34746,2,3.0,0.0,1,3
34747,3,4.666666666666667,0.5773502691896257,2,4
34748,1,4.0,0.0,1,4
34755,2,3.0,0.0,2,2
34756,1,4.0,0.0,1,2
34758,3,4.0,1.0,2,2
34760,1,4.0,0.0,1,2
34762,1,5.0,0.0,1,3
34766,5,3.4,1.51657508881031,4,2
34767,1,5.0,0.0,1,3
34770,1,4.0,0.0,1,5
34773,1,5.0,0.0,1,3
34777,3,3.6666666666666665,1.5275252316519468,3,2
34778,2,4.0,1.4142135623730951,2,2
34780,1,5.0,0.0,1,2
34781,1,5.0,0.0,1,2
34783,2,3.5,0.7071067811865476,2,2
34785,3,3.6666666666666665,1.5275252316519465,3,2
34788,4,4.5,0.5773502691896257,4,3
34789,1,5.0,0.0,1,3
34790,1,2.0,0.0,1,3
34793,1,3.0,0.0,1,2
34794,1,5.0,0.0,1,4
34797,2,5.0,0.0,2,3
34800,1,5.0,0.0,1,3
34802,1,5.0,0.0,1,4
34805,1,5.0,0.0,1,2
34810,1,5.0,0.0,1,2
34813,2,4.0,1.4142135623730951,2,4
34814,1,5.0,0.0,1,2
34815,1,2.0,0.0,1,4
34816,1,3.0,0.0,1,3
34818,2,5.0,0.0,2,4
34819,1,5.0,0.0,1,3
34824,1,3.0,0.0,1,4
34825,1,5.0,0.0,1,4
34830,1,5.0,0.0,1,2
34831,1,5.0,0.0,1,4
34834,1,5.0,0.0,1,2
34836,1,5.0,0.0,1,2
34842,1,5.0,0.0,1,2
34844,1,5.0,0.0,1,5
34847,1,4.0,0.0,1,4
34850,1,5.0,0.0,1,4
34852,1,5.0,0.0,1,3
34858,1,5.0,0.0,1,4
34859,1,4.0,0.0,1,3
34860,2,4.0,0.0,2,3
34861,1,3.0,0.0,1,3
34862,1,5.0,0.0,1,4
34864,1,4.0,0.0,1,2
34866,1,4.0,0.0,1,2
34872,2,4.0,1.4142135623730951,2,4
34873,1,1.0,0.0,1,2
34876,1,1.0,0.0,1,2
34888,1,3.0,0.0,1,2
34889,2,4.5,0.7071067811865476,2,2
34894,1,2.0,0.0,1,4
34896,1,4.0,0.0,1,3
34903,1,3.0,0.0,1,4
34907,2,4.0,0.0,2,2
34909,1,5.0,0.0,1,3
34910,2,2.5,2.1213203435596424,2,2
34912,1,3.0,0.0,1,2
34913,1,5.0,0.0,1,3
34916,1,3.0,0.0,1,2
34920,1,4.0,0.0,1,5
34930,1,4.0,0.0,1,4
34932,1,4.0,0.0,1,2
34933,1,1.0,0.0,1,2
34939,1,5.0,0.0,1,3
34940,1,1.0,0.0,1,2
34942,4,5.0,0.0,4,2
34945,2,5.0,0.0,2,2
34947,1,5.0,0.0,1,4
34948,2,5.0,0.0,1,3
34953,5,3.6,1.1401754250991378,5,2
34954,1,3.0,0.0,1,4
34956,1,4.0,0.0,1,2
34957,1,4.0,0.0,1,3
34958,1,5.0,0.0,1,2
34963,1,1.0,0.0,1,2
34965,1,5.0,0.0,1,3
34969,1,3.0,0.0,1,2
34970,2,4.0,1.4142135623730951,2,4
34972,1,4.0,0.0,1,3
34973,1,3.0,0.0,1,3
34975,1,5.0,0.0,1,3
34980,1,4.0,0.0,1,3
34982,1,4.0,0.0,1,3
34983,1,4.0,0.0,1,4
34991,1,4.0,0.0,1,4
34992,1,4.0,0.0,1,3
34994,1,5.0,0.0,1,3
34995,3,4.666666666666667,0.5773502691896258,3,4
34997,1,4.0,0.0,1,2
35000,1,5.0,0.0,1,2
35001,1,5.0,0.0,1,2
35003,1,4.0,0.0,1,2
35005,1,5.0,0.0,1,2
35008,2,3.5,0.7071067811865476,1,4
35014,3,4.666666666666667,0.5773502691896257,3,3
35017,1,4.0,0.0,1,3
35020,3,4.666666666666667,0.5773502691896257,3,4
35021,2,4.0,0.0,2,2
35022,2,3.5,0.7071067811865476,2,2
35027,1,4.0,0.0,1,2
35028,2,4.5,0.7071067811865476,2,4
35029,1,5.0,0.0,1,4
35031,1,2.0,0.0,1,4
35032,1,4.0,0.0,1,2
35035,4,5.0,0.0,3,1
35036,1,3.0,0.0,1,2
35038,1,4.0,0.0,1,5
35039,1,2.0,0.0,1,2
35041,1,5.0,0.0,1,3
35043,4,3.75,0.5,4,5
35044,1,5.0,0.0,1,4
35045,1,5.0,0.0,1,2
35049,2,4.0,0.0,2,3
35050,1,4.0,0.0,1,2
35052,1,5.0,0.0,1,4
35056,2,4.5,0.7071067811865476,2,2
35057,2,2.5,0.7071067811865476,2,2
35062,2,4.5,0.7071067811865476,1,2
35063,3,2.0,1.0,1,5
35064,1,3.0,0.0,1,2
35065,1,5.0,0.0,1,5
35067,1,3.0,0.0,1,4
35069,2,4.5,0.7071067811865476,2,2
35070,1,3.0,0.0,1,4
35073,1,3.0,0.0,1,2
35076,1,5.0,0.0,1,4
35077,3,4.0,1.0,3,4
35079,2,4.5,0.7071067811865476,2,3
35091,2,5.0,0.0,2,3
35092,15,4.266666666666667,0.7037315505489967,1,1
35094,3,4.0,1.0,3,3
35099,1,4.0,0.0,1,3
35100,2,4.5,0.7071067811865476,2,2
35101,1,4.0,0.0,1,4
35103,1,5.0,0.0,1,4
35104,1,5.0,0.0,1,2
35105,1,5.0,0.0,1,3
35106,1,5.0,0.0,1,5
35107,1,2.0,0.0,1,2
35108,1,5.0,0.0,1,2
35115,1,4.0,0.0,1,2
35118,1,5.0,0.0,1,2
35119,1,2.0,0.0,1,2
35120,1,5.0,0.0,1,3
35123,1,5.0,0.0,1,3
35124,1,5.0,0.0,1,3
35129,1,5.0,0.0,1,2
35130,3,4.0,1.0,2,5
35131,1,5.0,0.0,1,2
35132,1,4.0,0.0,1,4
35133,1,4.0,0.0,1,4
35134,1,5.0,0.0,1,4
35140,1,5.0,0.0,1,3
35142,1,5.0,0.0,1,3
35145,1,5.0,0.0,1,3
35146,1,4.0,0.0,1,4
35147,1,5.0,0.0,1,2
35148,1,5.0,0.0,1,3
35153,1,5.0,0.0,1,2
35156,1,3.0,0.0,1,3
35158,1,4.0,0.0,1,5
35159,1,3.0,0.0,1,3
35163,2,4.0,1.4142135623730951,2,1
35166,1,4.0,0.0,1,3
35168,1,4.0,0.0,1,2
35172,1,5.0,0.0,1,3
35174,1,5.0,0.0,1,5
35176,1,5.0,0.0,1,4
35177,2,4.5,0.7071067811865476,2,4
35178,3,3.3333333333333335,1.1547005383792515,2,3
35179,2,3.5,0.7071067811865476,2,5
35181,1,2.0,0.0,1,5
35182,1,4.0,0.0,1,2
35185,1,3.0,0.0,1,2
35186,2,5.0,0.0,2,2
35187,1,4.0,0.0,1,3
35188,1,4.0,0.0,1,2
35192,1,5.0,0.0,1,2
35194,1,5.0,0.0,1,3
35195,1,4.0,0.0,1,4
35196,1,5.0,0.0,1,3
35197,1,5.0,0.0,1,2
35200,1,5.0,0.0,1,2
35201,1,3.0,0.0,1,2
35204,1,3.0,0.0,1,4
35207,1,5.0,0.0,1,2
35208,1,5.0,0.0,1,3
35209,3,4.0,1.0,3,2
35211,1,5.0,0.0,1,4
35215,1,4.0,0.0,1,2
35216,1,4.0,0.0,1,3
35217,1,5.0,0.0,1,4
35218,2,5.0,0.0,1,2
35219,1,5.0,0.0,1,3
35220,1,5.0,0.0,1,4
35221,1,5.0,0.0,1,4
35224,1,3.0,0.0,1,2
35227,3,4.333333333333333,1.1547005383792517,3,3
35228,1,5.0,0.0,1,2
35233,2,4.0,1.4142135623730951,2,2
35236,1,5.0,0.0,1,3
35241,2,4.0,0.0,2,2
35245,3,1.6666666666666667,1.1547005383792517,3,2
35248,1,3.0,0.0,1,2
35249,3,3.6666666666666665,0.5773502691896257,2,2
35258,1,4.0,0.0,1,1
35259,4,3.75,0.5,4,2
35262,3,3.6666666666666665,0.5773502691896258,3,3
35263,2,2.5,2.1213203435596424,1,2
35269,1,4.0,0.0,1,5
35272,1,5.0,0.0,1,4
35274,1,5.0,0.0,1,4
35275,1,4.0,0.0,1,3
35277,1,4.0,0.0,1,5
35279,2,4.5,0.7071067811865476,2,3
35281,1,4.0,0.0,1,4
35282,1,4.0,0.0,1,4
35283,2,5.0,0.0,1,4
35285,1,4.0,0.0,1,3
35286,1,5.0,0.0,1,3
35289,3,3.6666666666666665,1.5275252316519468,1,2
35290,1,4.0,0.0,1,3
35291,1,4.0,0.0,1,4
35292,2,4.0,0.0,2,2
35293,1,4.0,0.0,1,3
35295,1,2.0,0.0,1,3
35297,2,3.5,0.7071067811865476,1,2
35300,1,5.0,0.0,1,3
35302,1,3.0,0.0,1,2
35305,1,5.0,0.0,1,2
35307,2,4.0,0.0,2,2
35311,1,3.0,0.0,1,3
35312,1,5.0,0.0,1,3
35313,1,5.0,0.0,1,4
35314,4,4.75,0.5,4,2
35319,1,5.0,0.0,1,3
35320,1,4.0,0.0,1,2
35329,3,5.0,0.0,3,4
35331,1,5.0,0.0,1,4
35332,1,5.0,0.0,1,3
35335,1,4.0,0.0,1,2
35337,2,3.5,0.7071067811865476,2,2
35338,1,4.0,0.0,1,3
35340,2,4.0,1.4142135623730951,2,3
35342,1,4.0,0.0,1,2
35343,1,4.0,0.0,1,3
35344,7,4.0,0.5773502691896257,5,2
35345,1,5.0,0.0,1,5
35347,1,5.0,0.0,1,2
35350,1,4.0,0.0,1,3
35351,1,5.0,0.0,1,3
35356,1,4.0,0.0,1,2
35364,1,4.0,0.0,1,2
35367,1,4.0,0.0,1,5
35371,1,5.0,0.0,1,2
35374,1,5.0,0.0,1,2
35375,1,4.0,0.0,1,2
35378,1,5.0,0.0,1,4
35383,1,4.0,0.0,1,3
35385,1,5.0,0.0,1,2
35387,1,4.0,0.0,1,2
35392,2,5.0,0.0,2,4
35393,1,5.0,0.0,1,4
35395,1,5.0,0.0,1,2
35399,1,5.0,0.0,1,4
35400,1,4.0,0.0,1,3
35403,1,5.0,0.0,1,3
35404,1,4.0,0.0,1,4
35407,1,5.0,0.0,1,5
35410,1,4.0,0.0,1,2
35412,2,4.0,1.4142135623730951,2,4
35413,6,3.8333333333333335,0.752772652709081,3,2
35415,1,5.0,0.0,1,3
35417,2,4.5,0.7071067811865476,2,2
35419,2,4.0,0.0,2,2
35421,3,4.666666666666667,0.5773502691896258,3,2
35426,1,5.0,0.0,1,4
35427,1,3.0,0.0,1,2
35428,1,3.0,0.0,1,3
35429,3,4.666666666666667,0.5773502691896258,3,2
35430,1,5.0,0.0,1,3
35432,1,4.0,0.0,1,3
35433,1,5.0,0.0,1,3
35436,2,4.0,0.0,2,3
35438,2,3.5,0.7071067811865476,1,2
35439,1,5.0,0.0,1,2
35442,1,3.0,0.0,1,3
35444,1,5.0,0.0,1,3
35449,1,1.0,0.0,1,3
35458,1,5.0,0.0,1,3
35459,1,4.0,0.0,1,2
35461,1,4.0,0.0,1,3
35462,1,2.0,0.0,1,2
35463,2,4.5,0.7071067811865476,2,4
35466,3,4.666666666666667,0.5773502691896257,2,2
35467,1,1.0,0.0,1,2
35468,1,4.0,0.0,1,2
35470,1,5.0,0.0,1,2
35474,1,4.0,0.0,1,3
35477,1,4.0,0.0,1,2
35480,3,4.0,0.0,3,5
35481,1,5.0,0.0,1,3
35482,1,4.0,0.0,1,2
35483,2,4.0,0.0,1,3
35485,2,3.0,2.8284271247461903,2,2
35486,2,4.5,0.7071067811865476,1,2
35487,1,5.0,0.0,1,3
35488,1,4.0,0.0,1,2
35490,1,4.0,0.0,1,2
35491,2,3.5,0.7071067811865476,2,3
35492,1,3.0,0.0,1,2
35494,1,1.0,0.0,1,1
35495,1,4.0,0.0,1,5
35496,2,3.5,0.7071067811865476,2,4
35502,2,4.0,0.0,2,2
35503,4,3.75,0.5,4,5
35504,2,3.5,0.7071067811865476,2,2
35505,1,3.0,0.0,1,3
35510,1,5.0,0.0,1,2
35511,2,4.5,0.7071067811865476,2,2
35515,1,5.0,0.0,1,2
35521,1,4.0,0.0,1,2
35523,1,4.0,0.0,1,4
35525,1,3.0,0.0,1,2
35527,1,4.0,0.0,1,2
35531,1,4.0,0.0,1,3
35534,1,4.0,0.0,1,3
35535,1,3.0,0.0,1,3
35546,1,5.0,0.0,1,4
35550,2,4.0,0.0,2,1
35552,1,2.0,0.0,1,2
35553,5,4.6,0.5477225575051661,4,3
35555,2,4.0,0.0,2,2
35560,1,4.0,0.0,1,4
35563,1,5.0,0.0,1,2
35567,1,5.0,0.0,1,2
35569,1,2.0,0.0,1,2
35571,1,5.0,0.0,1,2
35579,1,5.0,0.0,1,3
35586,2,3.0,0.0,1,3
35587,1,5.0,0.0,1,1
35589,1,5.0,0.0,1,4
35593,1,5.0,0.0,1,4
35594,1,1.0,0.0,1,3
35595,1,5.0,0.0,1,3
35598,1,5.0,0.0,1,2
35600,1,5.0,0.0,1,2
35601,2,5.0,0.0,2,2
35603,1,5.0,0.0,1,5
35608,1,5.0,0.0,1,4
35611,2,5.0,0.0,2,2
35617,1,5.0,0.0,1,3
35620,1,4.0,0.0,1,2
35621,1,5.0,0.0,1,3
35631,1,3.0,0.0,1,3
35632,3,4.333333333333333,0.5773502691896257,3,2
35635,1,3.0,0.0,1,2
35637,1,5.0,0.0,1,2
35638,2,3.5,0.7071067811865476,2,2
35645,1,5.0,0.0,1,5
35647,1,1.0,0.0,1,2
35650,2,4.5,0.7071067811865476,2,3
35651,1,5.0,0.0,1,5
35655,3,2.6666666666666665,0.5773502691896257,3,2
35656,1,5.0,0.0,1,2
35659,1,4.0,0.0,1,2
35662,3,4.666666666666667,0.5773502691896257,2,2
35665,2,3.5,0.7071067811865476,1,2
35670,1,1.0,0.0,1,2
35671,1,5.0,0.0,1,3
35675,4,4.25,0.9574271077563381,4,3
35677,1,1.0,0.0,1,4
35678,1,3.0,0.0,1,3
35679,1,5.0,0.0,1,2
35684,1,2.0,0.0,1,4
35685,1,5.0,0.0,1,2
35687,1,3.0,0.0,1,2
35690,1,5.0,0.0,1,4
35691,1,5.0,0.0,1,4
35692,1,5.0,0.0,1,3
35693,1,5.0,0.0,1,3
35700,1,5.0,0.0,1,5
35702,4,3.75,1.2583057392117916,4,2
35706,1,4.0,0.0,1,3
35707,5,3.2,0.8366600265340756,4,2
35711,1,4.0,0.0,1,3
35715,1,4.0,0.0,1,4
35718,1,4.0,0.0,1,2
35721,1,5.0,0.0,1,4
35723,1,4.0,0.0,1,3
35729,1,3.0,0.0,1,4
35737,1,3.0,0.0,1,4
35739,1,5.0,0.0,1,3
35740,1,5.0,0.0,1,2
35744,1,4.0,0.0,1,4
35745,1,4.0,0.0,1,3
35747,1,4.0,0.0,1,2
35751,1,4.0,0.0,1,3
35755,2,4.0,0.0,2,3
35758,1,3.0,0.0,1,3
35760,1,4.0,0.0,1,3
35763,1,4.0,0.0,1,2
35764,1,4.0,0.0,1,2
35766,1,4.0,0.0,1,2
35768,1,5.0,0.0,1,3
35773,1,4.0,0.0,1,3
35774,1,4.0,0.0,1,3
35778,1,4.0,0.0,1,5
35781,1,1.0,0.0,1,4
35782,1,5.0,0.0,1,3
35783,1,5.0,0.0,1,1
35790,1,3.0,0.0,1,2
35793,3,4.333333333333333,0.5773502691896257,3,2
35795,1,4.0,0.0,1,2
35797,1,5.0,0.0,1,2
35798,1,4.0,0.0,1,2
35799,1,4.0,0.0,1,2
35806,2,4.5,0.7071067811865476,2,3
35807,1,4.0,0.0,1,3
35809,1,5.0,0.0,1,2
35810,1,4.0,0.0,1,2
35812,1,4.0,0.0,1,5
35813,2,3.5,2.1213203435596424,1,5
35818,1,5.0,0.0,1,3
35820,1,2.0,0.0,1,2
35823,1,2.0,0.0,1,5
35824,3,4.0,0.0,1,4
35826,1,4.0,0.0,1,4
35827,1,1.0,0.0,1,2
35828,1,5.0,0.0,1,2
35831,1,5.0,0.0,1,2
35834,1,2.0,0.0,1,4
35839,1,4.0,0.0,1,2
35846,1,5.0,0.0,1,2
35847,2,4.5,0.7071067811865476,2,5
35848,1,3.0,0.0,1,2
35849,1,4.0,0.0,1,3
35850,2,5.0,0.0,2,2
35851,1,5.0,0.0,1,2
35852,1,5.0,0.0,1,2
35854,1,5.0,0.0,1,2
35855,1,5.0,0.0,1,2
35856,2,5.0,0.0,2,3
35858,1,5.0,0.0,1,3
35860,1,2.0,0.0,1,2
35861,1,4.0,0.0,1,3
35862,1,4.0,0.0,1,4
35864,2,4.0,0.0,2,3
35866,1,4.0,0.0,1,3
35867,1,2.0,0.0,1,5
35871,1,4.0,0.0,1,3
35873,1,5.0,0.0,1,2
35874,2,5.0,0.0,2,2
35877,1,3.0,0.0,1,3
35880,1,4.0,0.0,1,2
35882,2,4.5,0.7071067811865476,1,4
35883,1,5.0,0.0,1,4
35885,3,4.0,1.0,1,3
35886,1,5.0,0.0,1,2
35891,1,5.0,0.0,1,2
35894,1,5.0,0.0,1,3
35897,1,5.0,0.0,1,4
35898,2,3.0,1.4142135623730951,2,3
35899,1,4.0,0.0,1,2
35901,1,5.0,0.0,1,5
35903,2,4.5,0.7071067811865476,2,2
35908,1,4.0,0.0,1,3
35912,1,4.0,0.0,1,4
35916,1,3.0,0.0,1,3
35920,1,5.0,0.0,1,2
35922,1,5.0,0.0,1,4
35923,1,4.0,0.0,1,2
35924,1,3.0,0.0,1,2
35926,1,1.0,0.0,1,2
35927,1,5.0,0.0,1,4
35928,1,5.0,0.0,1,2
35929,1,5.0,0.0,1,2
35930,1,3.0,0.0,1,4
35931,2,4.5,0.7071067811865476,2,2
35937,2,3.5,0.7071067811865476,2,2
35938,1,4.0,0.0,1,3
35939,1,5.0,0.0,1,2
35940,1,5.0,0.0,1,4
35943,1,5.0,0.0,1,3
35944,1,4.0,0.0,1,4
35945,2,4.5,0.7071067811865476,2,4
35946,4,4.0,0.816496580927726,3,3
35947,3,3.3333333333333335,0.5773502691896257,3,2
35949,4,4.25,0.9574271077563382,3,2
35951,1,5.0,0.0,1,2
35953,3,4.666666666666667,0.5773502691896257,2,2
35954,2,5.0,0.0,2,3
35955,1,5.0,0.0,1,3
35957,1,4.0,0.0,1,2
35959,1,5.0,0.0,1,2
35962,2,4.0,1.4142135623730951,2,4
35966,3,4.0,0.0,2,5
35970,1,5.0,0.0,1,5
35974,1,2.0,0.0,1,2
35975,1,5.0,0.0,1,3
35991,1,4.0,0.0,1,3
35992,1,4.0,0.0,1,2
35995,3,3.6666666666666665,0.5773502691896257,2,3
35996,2,4.5,0.7071067811865476,2,2
35998,1,5.0,0.0,1,2
35999,3,4.666666666666667,0.5773502691896257,3,2
36002,2,4.5,0.7071067811865476,2,3
36005,1,4.0,0.0,1,3
36006,7,4.0,1.0,5,2
36007,2,4.0,0.0,2,4
36008,1,5.0,0.0,1,3
36009,1,5.0,0.0,1,3
36011,1,4.0,0.0,1,2
36019,1,5.0,0.0,1,5
36027,1,5.0,0.0,1,3
36029,1,1.0,0.0,1,4
36038,1,3.0,0.0,1,4
36039,2,4.5,0.7071067811865476,2,3
36042,1,5.0,0.0,1,3
36045,1,5.0,0.0,1,4
36046,1,4.0,0.0,1,3
36050,1,5.0,0.0,1,2
36052,2,4.5,0.7071067811865476,2,2
36054,2,5.0,0.0,2,2
36055,2,5.0,0.0,2,5
36057,1,5.0,0.0,1,3
36062,2,4.5,0.7071067811865476,2,3
36072,1,5.0,0.0,1,2
36073,1,4.0,0.0,1,2
36074,1,5.0,0.0,1,3
36075,1,4.0,0.0,1,3
36076,2,4.0,0.0,2,2
36078,2,2.0,0.0,2,2
36080,1,4.0,0.0,1,3
36082,1,2.0,0.0,1,5
36087,1,5.0,0.0,1,2
36088,1,3.0,0.0,1,2
36089,1,3.0,0.0,1,2
36090,2,2.5,2.1213203435596424,2,2
36094,1,3.0,0.0,1,3
36100,1,4.0,0.0,1,2
36102,2,4.5,0.7071067811865476,2,2
36103,1,4.0,0.0,1,3
36105,1,5.0,0.0,1,3
36107,1,1.0,0.0,1,4
36108,2,3.0,2.8284271247461903,2,2
36112,2,4.5,0.7071067811865476,2,2
36114,2,4.0,0.0,1,3
36115,1,5.0,0.0,1,2
36116,5,4.2,0.8366600265340756,5,4
36118,3,4.666666666666667,0.5773502691896257,3,2
36120,1,5.0,0.0,1,4
36121,1,5.0,0.0,1,2
36122,1,1.0,0.0,1,5
36125,2,5.0,0.0,2,2
36132,1,3.0,0.0,1,2
36137,1,4.0,0.0,1,2
36138,2,3.0,1.4142135623730951,2,2
36139,1,5.0,0.0,1,3
36140,2,5.0,0.0,2,2
36141,1,4.0,0.0,1,4
36142,1,2.0,0.0,1,2
36146,1,5.0,0.0,1,2
36147,1,4.0,0.0,1,5
36148,1,4.0,0.0,1,5
36151,1,4.0,0.0,1,2
36152,1,4.0,0.0,1,2
36155,1,5.0,0.0,1,4
36156,1,5.0,0.0,1,3
36161,1,5.0,0.0,1,2
36163,1,4.0,0.0,1,2
36165,1,4.0,0.0,1,3
36166,1,5.0,0.0,1,2
36167,1,1.0,0.0,1,2
36168,1,1.0,0.0,1,5
36171,1,5.0,0.0,1,2
36172,1,2.0,0.0,1,2
36174,3,4.0,1.0,1,3
36175,1,3.0,0.0,1,2
36176,1,4.0,0.0,1,3
36177,1,3.0,0.0,1,2
36179,2,4.5,0.7071067811865476,1,4
36182,1,4.0,0.0,1,2
36184,1,5.0,0.0,1,2
36185,1,4.0,0.0,1,2
36186,2,5.0,0.0,2,3
36187,1,4.0,0.0,1,2
36188,1,5.0,0.0,1,3
36193,2,5.0,0.0,2,4
36196,1,5.0,0.0,1,2
36197,1,5.0,0.0,1,4
36198,1,4.0,0.0,1,2
36199,1,5.0,0.0,1,3
36203,2,4.5,0.7071067811865476,2,5
36205,1,5.0,0.0,1,5
36210,4,4.25,0.957427107756338,4,2
36213,2,3.0,0.0,2,3
36214,1,3.0,0.0,1,2
36215,1,5.0,0.0,1,2
36216,1,4.0,0.0,1,3
36218,2,3.5,2.1213203435596424,1,2
36219,1,5.0,0.0,1,2
36222,1,5.0,0.0,1,2
36225,1,5.0,0.0,1,3
36228,1,5.0,0.0,1,4
36229,2,4.0,0.0,2,2
36230,2,4.0,0.0,2,2
36233,1,5.0,0.0,1,4
36234,1,3.0,0.0,1,2
36235,1,5.0,0.0,1,2
36236,1,4.0,0.0,1,2
36239,1,4.0,0.0,1,3
36240,1,4.0,0.0,1,4
36241,1,4.0,0.0,1,2
36245,1,4.0,0.0,1,3
36252,1,5.0,0.0,1,2
36255,1,4.0,0.0,1,3
36256,1,4.0,0.0,1,2
36260,1,3.0,0.0,1,4
36264,1,3.0,0.0,1,2
36265,3,4.333333333333333,1.1547005383792515,3,2
36266,3,4.333333333333333,1.1547005383792515,3,2
36267,1,2.0,0.0,1,2
36269,2,5.0,0.0,2,3
36271,1,4.0,0.0,1,2
36276,1,5.0,0.0,1,4
36279,1,5.0,0.0,1,3
36280,1,4.0,0.0,1,4
36286,4,3.5,0.5773502691896257,3,5
36287,1,4.0,0.0,1,4
36289,1,5.0,0.0,1,2
36290,1,5.0,0.0,1,3
36292,1,5.0,0.0,1,3
36294,1,5.0,0.0,1,2
36295,1,4.0,0.0,1,2
36296,1,5.0,0.0,1,4
36297,1,5.0,0.0,1,1
36306,5,5.0,0.0,3,3
36311,2,4.0,1.4142135623730951,2,2
36313,1,4.0,0.0,1,2
36319,3,3.0,1.7320508075688772,3,2
36320,1,5.0,0.0,1,5
36321,1,4.0,0.0,1,2
36325,1,5.0,0.0,1,2
36326,1,4.0,0.0,1,3
36328,3,5.0,0.0,2,2
36335,1,5.0,0.0,1,2
36337,2,1.0,0.0,2,3
36338,1,4.0,0.0,1,5
36339,1,4.0,0.0,1,2
36340,2,3.5,0.7071067811865476,2,2
36341,1,3.0,0.0,1,2
36342,1,5.0,0.0,1,2
36343,1,3.0,0.0,1,2
36344,1,5.0,0.0,1,5
36347,1,5.0,0.0,1,2
36349,1,4.0,0.0,1,4
36356,1,2.0,0.0,1,2
36361,3,4.333333333333333,1.1547005383792515,3,3
36362,1,3.0,0.0,1,2
36363,1,3.0,0.0,1,3
36367,1,5.0,0.0,1,5
36369,8,4.625,0.7440238091428449,4,3
36370,1,4.0,0.0,1,3
36375,1,5.0,0.0,1,3
36376,1,4.0,0.0,1,2
36377,1,4.0,0.0,1,3
36378,1,4.0,0.0,1,2
36379,1,4.0,0.0,1,1
36380,1,4.0,0.0,1,2
36381,1,5.0,0.0,1,3
36382,3,4.0,1.7320508075688772,3,2
36383,1,4.0,0.0,1,1
36385,1,4.0,0.0,1,2
36388,1,2.0,0.0,1,4
36392,1,5.0,0.0,1,2
36400,1,5.0,0.0,1,2
36401,1,4.0,0.0,1,3
36402,1,4.0,0.0,1,2
36403,1,4.0,0.0,1,3
36404,1,3.0,0.0,1,2
36405,1,5.0,0.0,1,2
36407,2,3.5,2.1213203435596424,2,2
36409,1,5.0,0.0,1,5
36410,1,4.0,0.0,1,3
36413,1,5.0,0.0,1,3
36419,1,3.0,0.0,1,4
36421,2,5.0,0.0,2,2
36422,1,3.0,0.0,1,2
36438,3,5.0,0.0,2,4
36441,2,4.5,0.7071067811865476,2,1
36443,1,5.0,0.0,1,4
36445,1,5.0,0.0,1,2
36446,1,4.0,0.0,1,4
36448,1,5.0,0.0,1,3
36449,1,4.0,0.0,1,2
36452,1,3.0,0.0,1,2
36454,1,5.0,0.0,1,2
36455,1,4.0,0.0,1,3
36456,1,3.0,0.0,1,2
36457,1,5.0,0.0,1,4
36459,1,5.0,0.0,1,3
36462,2,4.0,1.4142135623730951,2,4
36463,1,4.0,0.0,1,3
36467,1,5.0,0.0,1,2
36469,1,5.0,0.0,1,2
36470,1,5.0,0.0,1,3
36472,1,5.0,0.0,1,3
36477,1,5.0,0.0,1,3
36478,2,3.5,2.1213203435596424,2,3
36480,4,3.75,1.2583057392117916,2,4
36482,1,5.0,0.0,1,4
36483,3,4.0,1.0,3,2
36484,1,4.0,0.0,1,2
36486,1,4.0,0.0,1,2
36487,1,5.0,0.0,1,5
36488,2,5.0,0.0,2,2
36489,1,5.0,0.0,1,2
36490,1,5.0,0.0,1,3
36491,1,5.0,0.0,1,4
36499,1,5.0,0.0,1,2
36503,1,4.0,0.0,1,4
36504,2,4.0,0.0,2,2
36506,1,3.0,0.0,1,4
36507,1,3.0,0.0,1,4
36508,2,4.5,0.7071067811865476,2,2
36511,1,2.0,0.0,1,4
36518,1,5.0,0.0,1,2
36521,2,4.0,1.4142135623730951,2,3
36522,2,5.0,0.0,1,2
36523,1,3.0,0.0,1,2
36524,1,5.0,0.0,1,3
36525,1,3.0,0.0,1,4
36527,2,3.0,2.8284271247461903,2,4
36528,2,4.5,0.7071067811865476,2,2
36533,1,3.0,0.0,1,5
36534,1,5.0,0.0,1,3
36537,1,4.0,0.0,1,3
36538,3,4.666666666666667,0.5773502691896258,2,3
36542,1,3.0,0.0,1,2
36543,1,5.0,0.0,1,2
36545,1,3.0,0.0,1,2
36546,1,4.0,0.0,1,2
36547,1,5.0,0.0,1,2
36551,1,4.0,0.0,1,3
36554,1,3.0,0.0,1,2
36556,1,4.0,0.0,1,3
36557,3,4.333333333333333,0.5773502691896257,2,4
36559,1,4.0,0.0,1,2
36560,1,5.0,0.0,1,2
36563,1,5.0,0.0,1,3
36564,3,4.0,0.0,3,2
36567,9,3.5555555555555554,1.130388330520878,5,2
36569,1,5.0,0.0,1,4
36570,2,4.0,1.4142135623730951,1,2
36576,1,4.0,0.0,1,2
36577,1,5.0,0.0,1,4
36579,1,5.0,0.0,1,2
36580,2,4.5,0.7071067811865476,2,2
36582,1,5.0,0.0,1,3
36585,5,4.6,0.8944271909999157,5,2
36588,1,4.0,0.0,1,2
36590,2,5.0,0.0,2,1
36593,1,5.0,0.0,1,4
36594,1,4.0,0.0,1,2
36596,2,4.0,0.0,2,3
36597,1,3.0,0.0,1,4
36599,1,5.0,0.0,1,3
36600,1,5.0,0.0,1,3
36601,1,5.0,0.0,1,3
36603,1,3.0,0.0,1,5
36604,3,4.0,1.0,1,2
36607,2,4.5,0.7071067811865476,2,3
36615,2,2.5,0.7071067811865476,2,2
36619,1,3.0,0.0,1,2
36620,5,4.2,0.4472135954999579,2,2
36622,1,5.0,0.0,1,2
36625,4,4.0,1.1547005383792515,3,3
36630,5,4.6,0.8944271909999159,3,2
36632,1,3.0,0.0,1,5
36636,1,4.0,0.0,1,5
36637,1,5.0,0.0,1,2
36642,1,4.0,0.0,1,4
36644,1,4.0,0.0,1,2
36646,1,3.0,0.0,1,4
36653,1,5.0,0.0,1,3
36655,1,5.0,0.0,1,2
36657,1,4.0,0.0,1,3
36660,1,5.0,0.0,1,4
36661,2,2.5,0.7071067811865476,1,2
36664,1,5.0,0.0,1,1
36667,1,5.0,0.0,1,4
36673,1,5.0,0.0,1,3
36675,1,5.0,0.0,1,4
36680,1,3.0,0.0,1,4
36681,2,5.0,0.0,2,4
36686,1,5.0,0.0,1,2
36691,2,4.5,0.7071067811865476,1,4
36697,1,1.0,0.0,1,2
36699,1,5.0,0.0,1,2
36701,1,5.0,0.0,1,2
36704,1,4.0,0.0,1,2
36710,1,4.0,0.0,1,4
36715,1,5.0,0.0,1,3
36716,1,4.0,0.0,1,2
36719,1,2.0,0.0,1,2
36723,1,4.0,0.0,1,2
36724,1,4.0,0.0,1,4
36728,4,3.5,0.5773502691896257,1,4
36729,2,3.5,0.7071067811865476,2,4
36735,1,4.0,0.0,1,2
36737,1,5.0,0.0,1,3
36740,1,3.0,0.0,1,2
36745,1,5.0,0.0,1,2
36746,1,5.0,0.0,1,3
36752,2,4.5,0.7071067811865476,1,4
36758,1,5.0,0.0,1,2
36760,1,5.0,0.0,1,3
36761,1,5.0,0.0,1,2
36764,1,5.0,0.0,1,5
36767,2,4.0,0.0,2,2
36772,1,5.0,0.0,1,4
36773,1,1.0,0.0,1,3
36776,1,5.0,0.0,1,3
36780,1,5.0,0.0,1,4
36783,1,5.0,0.0,1,3
36790,2,4.5,0.7071067811865476,2,4
36802,1,4.0,0.0,1,2
36804,1,5.0,0.0,1,3
36806,1,4.0,0.0,1,2
36808,1,2.0,0.0,1,2
36810,1,5.0,0.0,1,2
36811,1,4.0,0.0,1,3
36813,1,5.0,0.0,1,2
36814,1,3.0,0.0,1,2
36818,3,2.6666666666666665,1.5275252316519465,3,4
36819,1,4.0,0.0,1,2
36820,1,5.0,0.0,1,2
36821,1,5.0,0.0,1,3
36823,2,4.0,0.0,2,2
36826,1,4.0,0.0,1,4
36830,1,4.0,0.0,1,4
36836,2,4.5,0.7071067811865476,2,1
36839,1,5.0,0.0,1,3
36841,1,5.0,0.0,1,3
36843,1,5.0,0.0,1,2
36851,5,4.2,0.8366600265340757,4,2
36856,2,4.5,0.7071067811865476,2,2
36859,1,5.0,0.0,1,3
36860,1,3.0,0.0,1,4
36862,3,3.6666666666666665,0.5773502691896258,3,2
36868,1,3.0,0.0,1,4
36872,1,5.0,0.0,1,2
36873,3,3.6666666666666665,0.5773502691896258,3,2
36874,1,5.0,0.0,1,3
36878,1,4.0,0.0,1,4
36881,1,5.0,0.0,1,3
36884,2,3.0,0.0,2,3
36888,1,4.0,0.0,1,3
36891,1,4.0,0.0,1,3
36893,1,3.0,0.0,1,3
36894,1,2.0,0.0,1,4
36896,1,3.0,0.0,1,2
36906,2,5.0,0.0,2,5
36907,1,4.0,0.0,1,2
36909,1,5.0,0.0,1,5
36911,1,4.0,0.0,1,2
36917,2,4.5,0.7071067811865476,2,2
36918,1,5.0,0.0,1,3
36920,1,3.0,0.0,1,2
36922,1,5.0,0.0,1,2
36923,1,5.0,0.0,1,3
36924,1,3.0,0.0,1,5
36925,1,3.0,0.0,1,2
36926,4,4.0,1.1547005383792515,3,2
36927,3,3.6666666666666665,0.5773502691896258,1,2
36929,1,4.0,0.0,1,4
36930,2,4.0,1.4142135623730951,1,2
36931,1,5.0,0.0,1,3
36933,1,4.0,0.0,1,3
36935,1,5.0,0.0,1,2
36938,1,5.0,0.0,1,2
36939,1,4.0,0.0,1,2
36940,1,4.0,0.0,1,2
36941,1,5.0,0.0,1,4
36942,1,1.0,0.0,1,5
36947,1,4.0,0.0,1,2
36949,1,5.0,0.0,1,2
36954,2,3.5,0.7071067811865476,2,2
36958,2,3.5,0.7071067811865476,1,3
36960,1,5.0,0.0,1,5
36961,1,5.0,0.0,1,3
36962,1,5.0,0.0,1,2
36969,2,3.5,2.1213203435596424,1,4
36972,1,4.0,0.0,1,4
36973,2,3.5,0.7071067811865476,2,3
36975,2,3.5,0.7071067811865476,1,2
36976,1,4.0,0.0,1,3
36978,1,5.0,0.0,1,2
36980,1,4.0,0.0,1,2
36984,2,1.5,0.7071067811865476,1,2
36985,1,5.0,0.0,1,5
36987,1,4.0,0.0,1,5
36989,1,5.0,0.0,1,4
36990,1,5.0,0.0,1,3
36994,4,5.0,0.0,4,4
36997,1,3.0,0.0,1,3
36998,1,5.0,0.0,1,4
37002,3,5.0,0.0,3,4
37004,1,4.0,0.0,1,4
37006,2,4.5,0.7071067811865476,2,2
37007,1,5.0,0.0,1,3
37009,1,4.0,0.0,1,4
37010,2,4.0,1.4142135623730951,2,5
37016,1,5.0,0.0,1,4
37018,4,4.75,0.5,3,4
37020,4,4.5,0.5773502691896257,3,5
37024,1,4.0,0.0,1,4
37026,1,4.0,0.0,1,2
37028,5,5.0,0.0,3,2
37031,1,3.0,0.0,1,3
37032,1,5.0,0.0,1,3
37035,1,3.0,0.0,1,5
37036,1,5.0,0.0,1,2
37040,1,5.0,0.0,1,4
37045,1,3.0,0.0,1,4
37052,2,4.0,0.0,2,3
37053,1,5.0,0.0,1,2
37054,1,2.0,0.0,1,5
37057,1,5.0,0.0,1,5
37059,1,5.0,0.0,1,2
37061,1,4.0,0.0,1,2
37062,1,1.0,0.0,1,2
37063,1,5.0,0.0,1,2
37068,1,4.0,0.0,1,4
37069,1,5.0,0.0,1,2
37074,1,1.0,0.0,1,2
37075,1,5.0,0.0,1,2
37077,1,3.0,0.0,1,3
37078,2,4.5,0.7071067811865476,2,2
37079,1,2.0,0.0,1,2
37082,1,3.0,0.0,1,3
37086,1,4.0,0.0,1,3
37087,1,4.0,0.0,1,2
37089,1,5.0,0.0,1,5
37092,2,3.0,1.4142135623730951,2,2
37099,1,3.0,0.0,1,3
37100,1,5.0,0.0,1,3
37103,1,5.0,0.0,1,2
37105,3,4.0,1.0,2,3
37108,1,2.0,0.0,1,5
37112,1,4.0,0.0,1,5
37115,1,3.0,0.0,1,3
37117,1,5.0,0.0,1,4
37118,1,4.0,0.0,1,2
37119,2,4.5,0.7071067811865476,2,4
37121,2,5.0,0.0,1,2
37124,1,4.0,0.0,1,2
37126,1,4.0,0.0,1,2
37127,1,2.0,0.0,1,2
37132,1,4.0,0.0,1,2
37134,1,4.0,0.0,1,4
37135,1,4.0,0.0,1,4
37138,1,4.0,0.0,1,4
37139,3,3.0,1.0,3,3
37142,1,4.0,0.0,1,2
37144,1,5.0,0.0,1,4
37146,2,5.0,0.0,2,2
37148,1,5.0,0.0,1,3
37151,1,5.0,0.0,1,3
37152,2,4.5,0.7071067811865476,1,4
37154,1,2.0,0.0,1,2
37155,1,4.0,0.0,1,4
37158,1,5.0,0.0,1,3
37159,2,3.0,0.0,2,3
37160,1,4.0,0.0,1,4
37161,1,5.0,0.0,1,4
37162,1,5.0,0.0,1,3
37167,1,5.0,0.0,1,2
37169,5,3.8,1.3038404810405297,5,2
37171,1,3.0,0.0,1,2
37172,2,3.0,1.4142135623730951,2,3
37173,1,4.0,0.0,1,2
37176,1,5.0,0.0,1,3
37179,1,4.0,0.0,1,2
37184,2,3.5,2.1213203435596424,1,3
37185,1,5.0,0.0,1,2
37186,1,5.0,0.0,1,4
37187,2,4.5,0.7071067811865476,2,3
37188,1,2.0,0.0,1,1
37189,1,5.0,0.0,1,2
37190,1,4.0,0.0,1,4
37195,2,4.5,0.7071067811865476,2,2
37196,1,4.0,0.0,1,4
37197,1,4.0,0.0,1,4
37198,1,2.0,0.0,1,3
37202,2,4.5,0.7071067811865476,2,2
37205,1,5.0,0.0,1,2
37206,1,5.0,0.0,1,5
37207,1,1.0,0.0,1,5
37211,2,3.5,0.7071067811865476,2,4
37213,2,4.0,0.0,2,2
37214,2,2.5,2.1213203435596424,2,2
37217,1,5.0,0.0,1,3
37220,2,4.0,1.4142135623730951,2,2
37223,2,4.0,0.0,2,4
37230,1,5.0,0.0,1,4
37236,1,5.0,0.0,1,4
37237,1,5.0,0.0,1,3
37238,1,5.0,0.0,1,2
37244,1,5.0,0.0,1,2
37247,1,4.0,0.0,1,3
37249,2,4.5,0.7071067811865476,1,4
37250,1,4.0,0.0,1,3
37251,5,4.8,0.4472135954999579,5,4
37253,1,4.0,0.0,1,3
37255,1,4.0,0.0,1,2
37257,1,5.0,0.0,1,4
37259,1,3.0,0.0,1,2
37263,1,5.0,0.0,1,3
37266,1,5.0,0.0,1,3
37267,2,4.0,0.0,2,3
37269,1,5.0,0.0,1,2
37270,1,2.0,0.0,1,2
37278,1,4.0,0.0,1,2
37282,1,4.0,0.0,1,4
37283,1,5.0,0.0,1,3
37285,1,5.0,0.0,1,2
37286,1,5.0,0.0,1,2
37289,1,5.0,0.0,1,3
37290,1,5.0,0.0,1,2
37291,2,5.0,0.0,2,4
37295,1,4.0,0.0,1,2
37299,4,4.25,0.957427107756338,4,2
37303,2,4.5,0.7071067811865476,2,3
37305,1,4.0,0.0,1,2
37308,1,5.0,0.0,1,2
37309,1,4.0,0.0,1,2
37311,1,4.0,0.0,1,3
37312,4,4.75,0.5,4,3
37314,1,3.0,0.0,1,2
37315,1,4.0,0.0,1,2
37320,1,5.0,0.0,1,2
37323,1,4.0,0.0,1,4
37326,2,4.0,0.0,2,2
37327,1,5.0,0.0,1,2
37328,1,3.0,0.0,1,2
37331,2,4.0,0.0,2,4
37332,1,3.0,0.0,1,2
37334,1,5.0,0.0,1,3
37335,1,5.0,0.0,1,2
37336,1,4.0,0.0,1,3
37338,1,5.0,0.0,1,3
37339,1,5.0,0.0,1,3
37340,1,4.0,0.0,1,2
37344,2,2.0,0.0,2,2
37347,1,5.0,0.0,1,2
37348,1,5.0,0.0,1,3
37353,1,4.0,0.0,1,2
37357,1,1.0,0.0,1,2
37359,1,5.0,0.0,1,3
37363,1,5.0,0.0,1,3
37365,3,4.333333333333333,1.1547005383792517,3,2
37366,1,5.0,0.0,1,2
37367,1,4.0,0.0,1,4
37371,2,3.5,0.7071067811865476,1,4
37372,1,5.0,0.0,1,5
37374,1,4.0,0.0,1,4
37376,1,5.0,0.0,1,4
37379,1,5.0,0.0,1,5
37380,1,5.0,0.0,1,3
37381,1,4.0,0.0,1,3
37382,2,4.0,0.0,2,2
37383,2,4.0,1.4142135623730951,1,2
37384,1,4.0,0.0,1,2
37386,1,4.0,0.0,1,3
37390,1,3.0,0.0,1,3
37393,1,5.0,0.0,1,2
37394,1,4.0,0.0,1,4
37397,1,4.0,0.0,1,2
37403,1,4.0,0.0,1,4
37409,1,3.0,0.0,1,4
37410,1,5.0,0.0,1,4
37411,1,5.0,0.0,1,3
37417,2,3.5,0.7071067811865476,1,2
37418,1,5.0,0.0,1,4
37423,1,4.0,0.0,1,2
37425,3,3.6666666666666665,1.5275252316519465,2,4
37429,1,4.0,0.0,1,1
37434,1,4.0,0.0,1,2
37435,1,4.0,0.0,1,5
37438,2,5.0,0.0,2,3
37439,1,5.0,0.0,1,2
37440,2,4.5,0.7071067811865476,2,2
37442,2,4.5,0.7071067811865476,2,2
37447,1,5.0,0.0,1,2
37451,4,3.75,1.2583057392117916,4,2
37453,1,4.0,0.0,1,2
37454,1,5.0,0.0,1,5
37455,2,3.0,1.4142135623730951,2,3
37460,1,3.0,0.0,1,2
37465,1,5.0,0.0,1,2
37467,4,4.75,0.4999999999999999,4,2
37469,5,4.6,0.5477225575051662,4,2
37472,1,3.0,0.0,1,3
37473,1,5.0,0.0,1,2
37474,1,2.0,0.0,1,2
37476,1,5.0,0.0,1,3
37477,1,3.0,0.0,1,2
37479,1,5.0,0.0,1,4
37483,3,4.0,1.0,3,2
37486,1,5.0,0.0,1,3
37488,1,2.0,0.0,1,2
37489,1,4.0,0.0,1,4
37490,1,5.0,0.0,1,4
37493,1,5.0,0.0,1,3
37495,1,4.0,0.0,1,4
37496,1,4.0,0.0,1,2
37497,1,5.0,0.0,1,3
37506,1,5.0,0.0,1,3
37508,2,4.0,1.4142135623730951,2,2
37510,1,4.0,0.0,1,4
37512,1,5.0,0.0,1,3
37517,1,5.0,0.0,1,2
37520,2,5.0,0.0,2,2
37523,1,2.0,0.0,1,4
37525,1,3.0,0.0,1,3
37529,1,5.0,0.0,1,5
37532,1,4.0,0.0,1,3
37533,1,5.0,0.0,1,3
37535,1,2.0,0.0,1,3
37536,1,5.0,0.0,1,2
37539,1,4.0,0.0,1,2
37542,1,4.0,0.0,1,2
37545,2,3.0,2.8284271247461903,2,4
37547,4,4.5,0.5773502691896257,4,3
37549,1,5.0,0.0,1,4
37550,1,5.0,0.0,1,2
37551,1,4.0,0.0,1,4
37552,1,5.0,0.0,1,2
37553,1,4.0,0.0,1,3
37554,1,4.0,0.0,1,3
37555,1,5.0,0.0,1,2
37558,1,5.0,0.0,1,2
37564,1,3.0,0.0,1,2
37565,1,5.0,0.0,1,3
37566,1,5.0,0.0,1,1
37567,1,3.0,0.0,1,5
37568,2,4.0,1.4142135623730951,2,2
37570,1,5.0,0.0,1,2
37571,2,4.0,1.4142135623730951,1,2
37573,1,5.0,0.0,1,2
37574,1,5.0,0.0,1,2
37575,1,3.0,0.0,1,3
37578,1,4.0,0.0,1,3
37585,2,4.5,0.7071067811865476,2,2
37587,1,4.0,0.0,1,3
37591,1,4.0,0.0,1,3
37592,1,5.0,0.0,1,2
37593,3,4.0,0.0,3,3
37594,1,5.0,0.0,1,3
37595,2,4.0,0.0,1,3
37596,1,4.0,0.0,1,4
37598,1,5.0,0.0,1,2
37600,4,3.75,1.2583057392117916,4,2
37601,3,4.333333333333333,0.5773502691896257,2,3
37604,2,3.5,0.7071067811865476,2,2
37608,1,4.0,0.0,1,5
37611,1,5.0,0.0,1,2
37620,1,5.0,0.0,1,2
37621,2,4.5,0.7071067811865476,2,3
37628,1,5.0,0.0,1,4
37630,1,5.0,0.0,1,2
37632,1,4.0,0.0,1,2
37633,1,3.0,0.0,1,4
37635,1,5.0,0.0,1,4
37638,1,4.0,0.0,1,3
37642,1,5.0,0.0,1,4
37644,1,5.0,0.0,1,2
37645,2,3.5,0.7071067811865476,1,2
37646,2,4.0,0.0,2,2
37649,1,5.0,0.0,1,2
37652,1,4.0,0.0,1,4
37653,1,4.0,0.0,1,5
37658,1,4.0,0.0,1,2
37661,1,4.0,0.0,1,2
37667,1,4.0,0.0,1,3
37668,5,4.0,0.0,2,2
37671,1,5.0,0.0,1,4
37673,1,4.0,0.0,1,5
37674,1,5.0,0.0,1,2
37675,1,1.0,0.0,1,3
37676,1,5.0,0.0,1,5
37679,4,4.25,0.4999999999999999,2,4
37685,1,2.0,0.0,1,4
37695,2,5.0,0.0,2,5
37697,1,1.0,0.0,1,2
37698,1,5.0,0.0,1,5
37703,1,4.0,0.0,1,4
37706,1,4.0,0.0,1,2
37707,1,5.0,0.0,1,2
37708,1,4.0,0.0,1,4
37709,1,3.0,0.0,1,4
37711,1,4.0,0.0,1,4
37713,2,3.0,0.0,2,2
37714,1,3.0,0.0,1,4
37717,1,5.0,0.0,1,4
37718,1,1.0,0.0,1,2
37719,1,4.0,0.0,1,4
37726,1,5.0,0.0,1,2
37727,1,4.0,0.0,1,5
37731,1,5.0,0.0,1,2
37732,1,5.0,0.0,1,2
37736,1,5.0,0.0,1,5
37737,1,2.0,0.0,1,2
37738,1,3.0,0.0,1,2
37740,1,5.0,0.0,1,4
37741,1,4.0,0.0,1,5
37743,2,1.0,0.0,2,2
37745,2,3.0,1.4142135623730951,2,4
37753,2,3.5,0.7071067811865476,2,3
37762,2,4.5,0.7071067811865476,2,2
37763,1,5.0,0.0,1,4
37764,1,3.0,0.0,1,2
37765,1,3.0,0.0,1,5
37768,1,4.0,0.0,1,2
37769,1,4.0,0.0,1,3
37772,1,5.0,0.0,1,2
37773,1,5.0,0.0,1,4
37774,1,3.0,0.0,1,2
37775,1,3.0,0.0,1,4
37776,2,5.0,0.0,2,3
37779,3,5.0,0.0,2,2
37780,1,5.0,0.0,1,2
37782,2,4.5,0.7071067811865476,2,2
37785,5,4.6,0.5477225575051663,3,2
37786,1,5.0,0.0,1,3
37787,2,4.0,0.0,2,3
37789,1,4.0,0.0,1,3
37790,1,5.0,0.0,1,2
37793,1,4.0,0.0,1,3
37800,2,4.5,0.7071067811865476,2,3
37802,3,4.666666666666667,0.5773502691896257,3,3
37803,1,4.0,0.0,1,2
37804,1,4.0,0.0,1,4
37806,1,5.0,0.0,1,4
37808,1,4.0,0.0,1,5
37809,1,1.0,0.0,1,3
37814,1,5.0,0.0,1,2
37816,1,4.0,0.0,1,2
37819,2,3.0,1.4142135623730951,2,2
37820,1,5.0,0.0,1,3
37823,1,5.0,0.0,1,4
37824,1,3.0,0.0,1,5
37826,1,5.0,0.0,1,2
37828,1,5.0,0.0,1,5
37836,2,4.5,0.7071067811865476,1,2
37839,4,3.75,0.9574271077563381,2,2
37840,1,4.0,0.0,1,2
37841,1,4.0,0.0,1,3
37842,1,5.0,0.0,1,2
37843,1,5.0,0.0,1,2
37844,1,4.0,0.0,1,2
37852,1,4.0,0.0,1,3
37853,1,4.0,0.0,1,4
37854,1,4.0,0.0,1,4
37856,1,4.0,0.0,1,4
37857,1,5.0,0.0,1,2
37858,1,4.0,0.0,1,2
37860,1,5.0,0.0,1,4
37863,1,5.0,0.0,1,2
37868,1,4.0,0.0,1,3
37871,1,5.0,0.0,1,3
37873,1,5.0,0.0,1,4
37877,1,4.0,0.0,1,3
37879,4,4.75,0.4999999999999999,4,3
37880,3,3.3333333333333335,1.1547005383792515,2,4
37881,1,3.0,0.0,1,3
37882,1,3.0,0.0,1,3
37883,1,5.0,0.0,1,3
37884,1,5.0,0.0,1,2
37885,2,4.5,0.7071067811865476,1,3
37886,1,4.0,0.0,1,2
37888,3,4.666666666666667,0.5773502691896258,1,3
37890,2,4.0,0.0,2,4
37891,1,5.0,0.0,1,3
37892,1,4.0,0.0,1,2
37893,1,5.0,0.0,1,2
37894,1,5.0,0.0,1,4
37895,2,4.5,0.7071067811865476,2,4
37900,1,5.0,0.0,1,4
37902,1,4.0,0.0,1,2
37906,3,4.333333333333333,0.5773502691896257,2,3
37908,1,5.0,0.0,1,2
37909,1,4.0,0.0,1,4
37911,1,4.0,0.0,1,2
37912,1,5.0,0.0,1,3
37914,1,4.0,0.0,1,4
37917,2,4.5,0.7071067811865476,2,2
37919,1,5.0,0.0,1,4
37920,2,4.0,1.4142135623730951,2,2
37922,1,5.0,0.0,1,3
37926,2,2.0,1.4142135623730951,2,2
37931,1,2.0,0.0,1,3
37932,1,5.0,0.0,1,3
37933,2,5.0,0.0,2,3
37935,1,3.0,0.0,1,2
37936,1,5.0,0.0,1,2
37938,1,4.0,0.0,1,3
37939,1,5.0,0.0,1,4
37943,1,3.0,0.0,1,3
37948,1,5.0,0.0,1,5
37950,1,5.0,0.0,1,2
37953,1,3.0,0.0,1,5
37955,2,4.0,0.0,2,5
37960,1,4.0,0.0,1,4
37965,1,3.0,0.0,1,2
37966,1,4.0,0.0,1,2
37968,1,5.0,0.0,1,3
37969,2,4.0,0.0,1,1
37970,1,4.0,0.0,1,4
37973,1,4.0,0.0,1,2
37975,1,4.0,0.0,1,2
37980,1,3.0,0.0,1,2
37987,1,3.0,0.0,1,5
37989,1,5.0,0.0,1,3
37990,2,4.0,0.0,2,2
37992,2,3.0,0.0,2,4
37994,1,4.0,0.0,1,2
37995,1,5.0,0.0,1,3
38001,1,5.0,0.0,1,2
38002,1,3.0,0.0,1,2
38003,1,4.0,0.0,1,4
38006,1,4.0,0.0,1,2
38008,1,5.0,0.0,1,2
38009,1,3.0,0.0,1,5
38011,1,5.0,0.0,1,3
38012,1,5.0,0.0,1,1
38015,1,5.0,0.0,1,2
38016,2,4.5,0.7071067811865476,2,3
38017,2,4.0,0.0,2,4
38018,1,4.0,0.0,1,2
38021,1,5.0,0.0,1,2
38029,1,4.0,0.0,1,5
38030,6,4.666666666666667,0.5163977794943222,2,4
38036,1,4.0,0.0,1,2
38044,3,4.0,1.0,1,2
38046,2,4.0,0.0,2,3
38048,1,3.0,0.0,1,2
38049,1,5.0,0.0,1,5
38051,1,5.0,0.0,1,3
38055,1,4.0,0.0,1,2
38059,1,5.0,0.0,1,3
38061,3,4.0,1.0,3,3
38062,1,5.0,0.0,1,4
38065,2,4.5,0.7071067811865476,1,2
38067,1,4.0,0.0,1,2
38068,1,4.0,0.0,1,4
38069,1,4.0,0.0,1,3
38071,1,5.0,0.0,1,3
38072,2,4.0,1.4142135623730951,2,3
38073,1,5.0,0.0,1,2
38074,4,4.0,1.1547005383792515,1,4
38084,1,2.0,0.0,1,2
38086,1,5.0,0.0,1,2
38087,1,5.0,0.0,1,3
38088,1,4.0,0.0,1,2
38092,1,5.0,0.0,1,2
38093,1,5.0,0.0,1,3
38095,1,4.0,0.0,1,5
38101,1,5.0,0.0,1,3
38102,1,4.0,0.0,1,4
38106,2,2.0,0.0,2,2
38108,1,5.0,0.0,1,5
38110,2,4.0,1.4142135623730951,2,2
38112,1,3.0,0.0,1,5
38113,1,5.0,0.0,1,2
38116,1,4.0,0.0,1,2
38117,1,5.0,0.0,1,2
38120,1,5.0,0.0,1,2
38121,1,4.0,0.0,1,4
38122,1,2.0,0.0,1,2
38123,2,4.5,0.7071067811865476,2,4
38124,1,5.0,0.0,1,3
38126,2,4.0,0.0,2,2
38129,3,4.0,0.0,3,2
38131,1,5.0,0.0,1,2
38132,1,4.0,0.0,1,2
38134,1,4.0,0.0,1,4
38136,1,5.0,0.0,1,2
38138,1,5.0,0.0,1,2
38141,1,4.0,0.0,1,3
38143,2,3.0,0.0,2,4
38146,1,5.0,0.0,1,2
38147,1,5.0,0.0,1,5
38154,3,5.0,0.0,3,4
38157,4,4.5,1.0,3,2
38159,1,3.0,0.0,1,3
38160,1,4.0,0.0,1,2
38161,1,5.0,0.0,1,4
38163,3,4.333333333333333,0.5773502691896258,2,3
38164,2,3.0,1.4142135623730951,2,2
38167,1,4.0,0.0,1,4
38170,1,5.0,0.0,1,3
38171,1,5.0,0.0,1,2
38174,4,3.0,0.816496580927726,3,3
38179,1,5.0,0.0,1,4
38182,2,5.0,0.0,2,3
38184,1,4.0,0.0,1,4
38185,1,3.0,0.0,1,2
38186,1,5.0,0.0,1,2
38188,1,4.0,0.0,1,2
38189,1,4.0,0.0,1,1
38190,1,5.0,0.0,1,3
38192,1,5.0,0.0,1,4
38193,1,3.0,0.0,1,3
38194,1,5.0,0.0,1,2
38196,1,5.0,0.0,1,2
38197,1,5.0,0.0,1,2
38199,1,3.0,0.0,1,5
38200,2,4.5,0.7071067811865476,2,3
38201,1,4.0,0.0,1,2
38203,1,4.0,0.0,1,3
38205,1,5.0,0.0,1,4
38209,1,3.0,0.0,1,4
38210,1,4.0,0.0,1,3
38211,2,4.5,0.7071067811865476,1,4
38212,2,4.5,0.7071067811865476,1,4
38214,1,5.0,0.0,1,2
38217,2,5.0,0.0,2,3
38221,3,4.333333333333333,1.1547005383792517,3,2
38224,2,4.5,0.7071067811865476,2,2
38226,8,4.125,0.8345229603962802,5,4
38227,1,5.0,0.0,1,2
38229,1,3.0,0.0,1,4
38236,1,5.0,0.0,1,3
38239,1,5.0,0.0,1,3
38240,1,5.0,0.0,1,5
38241,1,5.0,0.0,1,3
38244,1,4.0,0.0,1,5
38249,1,5.0,0.0,1,4
38250,2,4.5,0.7071067811865476,2,2
38262,1,4.0,0.0,1,4
38265,1,3.0,0.0,1,2
38267,1,5.0,0.0,1,4
38268,1,3.0,0.0,1,3
38270,2,4.0,0.0,2,3
38272,1,3.0,0.0,1,2
38273,1,5.0,0.0,1,5
38274,1,5.0,0.0,1,3
38275,1,5.0,0.0,1,4
38276,2,5.0,0.0,1,3
38279,1,5.0,0.0,1,4
38280,1,4.0,0.0,1,3
38281,1,4.0,0.0,1,3
38283,1,5.0,0.0,1,3
38285,1,1.0,0.0,1,3
38287,1,3.0,0.0,1,3
38288,1,5.0,0.0,1,3
38297,1,4.0,0.0,1,4
38301,1,5.0,0.0,1,2
38306,1,5.0,0.0,1,3
38308,1,4.0,0.0,1,3
38310,1,5.0,0.0,1,2
38311,1,5.0,0.0,1,4
38314,1,3.0,0.0,1,4
38318,1,5.0,0.0,1,3
38320,1,1.0,0.0,1,5
38324,1,5.0,0.0,1,3
38327,2,3.5,0.7071067811865476,2,3
38328,1,3.0,0.0,1,2
38330,1,5.0,0.0,1,2
38331,1,4.0,0.0,1,2
38333,1,5.0,0.0,1,1
38337,1,3.0,0.0,1,2
38340,1,5.0,0.0,1,2
38344,1,5.0,0.0,1,2
38346,1,5.0,0.0,1,4
38349,1,5.0,0.0,1,3
38350,1,3.0,0.0,1,2
38354,2,3.5,0.7071067811865476,2,2
38355,1,5.0,0.0,1,4
38362,1,5.0,0.0,1,2
38365,1,5.0,0.0,1,2
38368,1,4.0,0.0,1,3
38371,1,4.0,0.0,1,4
38372,1,1.0,0.0,1,4
38374,1,4.0,0.0,1,3
38379,1,4.0,0.0,1,2
38380,2,3.0,1.4142135623730951,2,2
38382,1,4.0,0.0,1,4
38384,2,4.5,0.7071067811865476,2,2
38385,3,4.0,1.0,3,2
38389,1,1.0,0.0,1,2
38394,2,4.5,0.7071067811865476,2,2
38399,1,4.0,0.0,1,2
38401,1,1.0,0.0,1,3
38402,1,4.0,0.0,1,3
38403,1,4.0,0.0,1,2
38404,3,3.6666666666666665,0.5773502691896257,2,2
38406,1,2.0,0.0,1,2
38407,1,2.0,0.0,1,3
38409,1,4.0,0.0,1,3
38411,1,5.0,0.0,1,4
38412,1,4.0,0.0,1,2
38414,1,3.0,0.0,1,3
38415,1,5.0,0.0,1,4
38418,1,5.0,0.0,1,3
38422,2,5.0,0.0,2,5
38425,3,4.333333333333333,0.5773502691896258,3,2
38426,1,5.0,0.0,1,2
38429,2,4.0,0.0,2,2
38431,2,4.5,0.7071067811865476,2,2
38435,1,5.0,0.0,1,3
38436,1,3.0,0.0,1,3
38439,1,5.0,0.0,1,3
38441,3,5.0,0.0,3,2
38446,1,4.0,0.0,1,2
38450,1,4.0,0.0,1,4
38451,1,4.0,0.0,1,4
38460,1,2.0,0.0,1,2
38464,1,5.0,0.0,1,3
38466,1,3.0,0.0,1,3
38469,4,5.0,0.0,4,2
38470,1,5.0,0.0,1,4
38471,1,5.0,0.0,1,2
38472,1,1.0,0.0,1,2
38473,1,4.0,0.0,1,2
38477,1,4.0,0.0,1,2
38480,1,5.0,0.0,1,4
38482,1,5.0,0.0,1,2
38486,1,5.0,0.0,1,2
38487,1,4.0,0.0,1,3
38489,1,4.0,0.0,1,2
38492,1,5.0,0.0,1,3
38493,1,4.0,0.0,1,2
38496,1,4.0,0.0,1,2
38498,3,5.0,0.0,3,3
38499,2,4.5,0.7071067811865476,2,2
38500,1,5.0,0.0,1,3
38501,1,4.0,0.0,1,2
38504,1,5.0,0.0,1,2
38505,1,5.0,0.0,1,4
38507,1,4.0,0.0,1,2
38508,1,4.0,0.0,1,2
38509,2,3.5,0.7071067811865476,2,2
38510,1,5.0,0.0,1,2
38513,1,5.0,0.0,1,4
38514,1,3.0,0.0,1,4
38518,1,5.0,0.0,1,3
38524,1,5.0,0.0,1,3
38530,1,4.0,0.0,1,2
38532,1,5.0,0.0,1,2
38533,1,5.0,0.0,1,4
38535,1,5.0,0.0,1,2
38536,1,5.0,0.0,1,3
38537,1,5.0,0.0,1,4
38540,2,4.0,0.0,2,3
38541,1,5.0,0.0,1,3
38545,2,4.5,0.7071067811865476,2,2
38546,2,4.5,0.7071067811865476,2,2
38549,1,5.0,0.0,1,2
38552,2,4.0,1.4142135623730951,1,4
38554,1,5.0,0.0,1,2
38555,2,3.0,0.0,2,2
38556,1,5.0,0.0,1,3
38558,1,5.0,0.0,1,2
38561,1,4.0,0.0,1,2
38565,1,5.0,0.0,1,2
38566,2,5.0,0.0,1,2
38567,1,5.0,0.0,1,5
38569,1,4.0,0.0,1,2
38571,3,3.6666666666666665,1.1547005383792517,2,3
38573,1,5.0,0.0,1,3
38578,2,3.5,2.1213203435596424,2,3
38588,2,4.0,0.0,2,2
38591,1,3.0,0.0,1,3
38592,2,4.0,0.0,2,4
38593,1,1.0,0.0,1,4
38596,1,5.0,0.0,1,4
38600,2,5.0,0.0,2,3
38601,1,4.0,0.0,1,5
38603,1,5.0,0.0,1,2
38605,2,4.5,0.7071067811865476,2,2
38606,1,4.0,0.0,1,3
38609,1,1.0,0.0,1,2
38611,1,3.0,0.0,1,3
38612,1,4.0,0.0,1,3
38613,1,5.0,0.0,1,2
38614,1,4.0,0.0,1,5
38618,2,4.5,0.7071067811865476,2,3
38620,2,4.5,0.7071067811865476,2,2
38623,1,5.0,0.0,1,2
38624,1,4.0,0.0,1,3
38626,1,5.0,0.0,1,3
38635,1,4.0,0.0,1,4
38637,1,5.0,0.0,1,2
38638,1,4.0,0.0,1,2
38640,1,4.0,0.0,1,3
38643,1,5.0,0.0,1,3
38648,2,4.5,0.7071067811865476,1,3
38650,1,3.0,0.0,1,5
38651,3,3.6666666666666665,2.3094010767585034,3,2
38655,1,5.0,0.0,1,2
38660,1,5.0,0.0,1,3
38663,1,5.0,0.0,1,4
38664,1,3.0,0.0,1,2
38666,4,4.75,0.5,4,2
38667,2,5.0,0.0,2,2
38669,1,5.0,0.0,1,2
38674,1,4.0,0.0,1,2
38675,1,4.0,0.0,1,2
38677,2,5.0,0.0,2,2
38678,1,3.0,0.0,1,2
38683,1,5.0,0.0,1,2
38687,3,4.666666666666667,0.5773502691896257,3,3
38689,2,4.0,0.0,1,3
38693,2,4.5,0.7071067811865476,2,3
38697,4,3.75,1.5,3,3
38699,1,4.0,0.0,1,2
38702,2,4.0,0.0,2,2
38705,1,5.0,0.0,1,2
38710,1,4.0,0.0,1,4
38714,1,5.0,0.0,1,2
38716,1,4.0,0.0,1,2
38726,4,3.75,0.9574271077563381,3,4
38730,1,5.0,0.0,1,2
38732,2,5.0,0.0,2,2
38733,1,4.0,0.0,1,2
38735,1,4.0,0.0,1,4
38737,1,4.0,0.0,1,3
38738,1,4.0,0.0,1,3
38742,1,5.0,0.0,1,4
38744,3,4.666666666666667,0.5773502691896257,3,2
38748,1,5.0,0.0,1,2
38749,1,4.0,0.0,1,5
38752,1,3.0,0.0,1,3
38753,1,5.0,0.0,1,2
38756,1,5.0,0.0,1,3
38759,1,4.0,0.0,1,4
38760,1,4.0,0.0,1,2
38762,1,5.0,0.0,1,4
38763,1,4.0,0.0,1,2
38765,2,4.0,1.4142135623730951,1,5
38767,2,3.5,0.7071067811865476,1,5
38771,1,4.0,0.0,1,2
38772,1,3.0,0.0,1,5
38773,1,3.0,0.0,1,2
38777,1,1.0,0.0,1,3
38781,1,4.0,0.0,1,3
38788,1,4.0,0.0,1,2
38789,1,5.0,0.0,1,3
38790,1,3.0,0.0,1,2
38794,1,4.0,0.0,1,2
38796,1,4.0,0.0,1,2
38797,4,4.75,0.5,4,4
38799,1,4.0,0.0,1,4
38800,1,5.0,0.0,1,2
38803,1,4.0,0.0,1,2
38806,1,5.0,0.0,1,2
38807,6,4.666666666666667,0.5163977794943221,2,4
38809,1,5.0,0.0,1,4
38816,2,3.5,0.7071067811865476,2,4
38818,1,4.0,0.0,1,4
38819,2,4.5,0.7071067811865476,2,2
38821,1,4.0,0.0,1,3
38825,2,4.0,0.0,2,3
38826,1,4.0,0.0,1,2
38827,5,4.4,0.5477225575051662,3,2
38828,1,5.0,0.0,1,5
38830,3,4.333333333333333,0.5773502691896257,3,3
38832,1,1.0,0.0,1,4
38833,1,5.0,0.0,1,2
38834,1,3.0,0.0,1,4
38835,2,5.0,0.0,1,2
38836,2,4.0,0.0,2,2
38838,1,4.0,0.0,1,4
38839,2,2.5,2.1213203435596424,1,3
38841,2,4.0,1.4142135623730951,2,2
38844,1,4.0,0.0,1,3
38846,1,5.0,0.0,1,2
38852,1,5.0,0.0,1,4
38853,1,4.0,0.0,1,3
38855,2,4.0,0.0,1,2
38856,1,4.0,0.0,1,3
38857,1,4.0,0.0,1,2
38861,1,2.0,0.0,1,3
38863,2,4.0,0.0,2,3
38864,1,4.0,0.0,1,2
38870,1,4.0,0.0,1,2
38873,1,5.0,0.0,1,3
38877,1,4.0,0.0,1,2
38878,3,4.666666666666667,0.5773502691896258,2,2
38880,1,3.0,0.0,1,4
38882,1,4.0,0.0,1,2
38883,2,4.5,0.7071067811865476,2,4
38885,1,5.0,0.0,1,3
38886,9,4.555555555555555,0.7264831572567789,4,2
38888,2,4.0,0.0,1,2
38889,1,4.0,0.0,1,4
38890,1,3.0,0.0,1,2
38894,1,5.0,0.0,1,2
38895,1,4.0,0.0,1,3
38899,1,5.0,0.0,1,4
38901,1,4.0,0.0,1,3
38904,1,3.0,0.0,1,4
38906,3,4.0,0.0,3,2
38909,1,4.0,0.0,1,4
38911,1,4.0,0.0,1,2
38914,1,3.0,0.0,1,3
38917,1,4.0,0.0,1,5
38918,1,4.0,0.0,1,2
38923,3,4.0,0.0,3,3
38925,1,3.0,0.0,1,3
38927,1,5.0,0.0,1,5
38929,1,5.0,0.0,1,3
38932,1,5.0,0.0,1,3
38934,1,1.0,0.0,1,4
38936,1,5.0,0.0,1,2
38938,2,3.5,2.1213203435596424,1,3
38939,1,5.0,0.0,1,3
38942,1,4.0,0.0,1,2
38946,1,5.0,0.0,1,2
38948,2,5.0,0.0,2,2
38949,1,4.0,0.0,1,5
38950,1,5.0,0.0,1,2
38951,4,3.75,0.5,3,2
38952,1,4.0,0.0,1,1
38953,4,4.25,0.4999999999999999,4,2
38954,2,5.0,0.0,2,2
38957,2,3.5,2.1213203435596424,2,2
38958,3,3.6666666666666665,1.5275252316519468,2,2
38959,3,4.333333333333333,1.1547005383792515,2,3
38965,1,4.0,0.0,1,2
38972,2,5.0,0.0,1,4
38974,1,3.0,0.0,1,2
38980,1,4.0,0.0,1,2
38982,6,4.166666666666667,0.983192080250175,5,2
38983,1,5.0,0.0,1,3
38989,1,4.0,0.0,1,2
38992,1,4.0,0.0,1,2
38993,2,3.5,2.1213203435596424,2,2
38999,3,4.333333333333333,1.1547005383792517,2,3
39000,1,4.0,0.0,1,2
39007,2,3.5,2.1213203435596424,2,2
39008,1,3.0,0.0,1,5
39009,1,5.0,0.0,1,3
39010,2,4.0,0.0,2,5
39012,1,4.0,0.0,1,2
39013,1,5.0,0.0,1,5
39015,1,3.0,0.0,1,5
39016,1,4.0,0.0,1,5
39017,4,4.0,1.4142135623730951,4,2
39018,1,4.0,0.0,1,2
39019,1,2.0,0.0,1,3
39020,1,4.0,0.0,1,5
39021,3,2.3333333333333335,1.5275252316519468,1,4
39025,2,4.0,1.4142135623730951,1,2
39026,3,4.333333333333333,0.5773502691896258,2,4
39028,1,5.0,0.0,1,2
39030,1,3.0,0.0,1,2
39034,2,4.0,0.0,2,4
39037,1,5.0,0.0,1,4
39038,1,4.0,0.0,1,4
39039,2,4.5,0.7071067811865476,2,2
39040,1,5.0,0.0,1,4
39041,1,3.0,0.0,1,2
39044,1,5.0,0.0,1,2
39045,1,5.0,0.0,1,2
39046,3,3.3333333333333335,1.1547005383792517,3,4
39051,1,5.0,0.0,1,3
39052,1,4.0,0.0,1,3
39053,2,4.5,0.7071067811865476,1,4
39058,1,5.0,0.0,1,3
39059,1,4.0,0.0,1,2
39061,3,5.0,0.0,3,2
39064,1,5.0,0.0,1,2
39067,1,5.0,0.0,1,4
39068,2,3.5,0.7071067811865476,2,2
39070,1,5.0,0.0,1,4
39071,1,5.0,0.0,1,3
39074,1,5.0,0.0,1,2
39075,1,5.0,0.0,1,3
39079,3,4.333333333333333,0.5773502691896257,3,3
39081,2,5.0,0.0,2,2
39082,1,4.0,0.0,1,2
39084,1,5.0,0.0,1,2
39088,1,5.0,0.0,1,4
39089,1,3.0,0.0,1,3
39091,1,4.0,0.0,1,4
39092,3,4.333333333333333,0.5773502691896257,2,4
39093,1,4.0,0.0,1,4
39096,1,5.0,0.0,1,3
39097,1,1.0,0.0,1,2
39098,3,4.333333333333333,0.5773502691896257,3,4
39101,1,3.0,0.0,1,2
39103,1,4.0,0.0,1,2
39104,1,4.0,0.0,1,2
39105,1,2.0,0.0,1,2
39107,2,4.5,0.7071067811865476,2,2
39108,2,4.5,0.7071067811865476,2,2
39110,1,4.0,0.0,1,3
39111,1,5.0,0.0,1,5
39112,3,4.0,0.0,2,4
39113,4,3.25,0.9574271077563381,4,4
39119,7,4.142857142857143,0.3779644730092273,6,4
39123,1,5.0,0.0,1,2
39129,1,4.0,0.0,1,4
39130,2,4.5,0.7071067811865476,2,3
39133,1,4.0,0.0,1,2
39136,2,4.5,0.7071067811865476,1,1
39137,1,5.0,0.0,1,4
39138,1,5.0,0.0,1,5
39139,1,4.0,0.0,1,2
39140,3,3.3333333333333335,0.5773502691896258,3,3
39143,1,4.0,0.0,1,2
39144,1,5.0,0.0,1,2
39149,1,4.0,0.0,1,3
39158,2,3.5,0.7071067811865476,2,4
39159,1,5.0,0.0,1,4
39161,1,5.0,0.0,1,4
39163,1,2.0,0.0,1,3
39164,2,4.0,0.0,2,3
39165,1,4.0,0.0,1,2
39166,1,4.0,0.0,1,2
39169,1,4.0,0.0,1,4
39171,1,5.0,0.0,1,4
39172,1,4.0,0.0,1,3
39173,1,5.0,0.0,1,3
39175,1,3.0,0.0,1,4
39178,1,5.0,0.0,1,2
39181,1,5.0,0.0,1,4
39184,1,4.0,0.0,1,4
39185,1,4.0,0.0,1,2
39188,1,4.0,0.0,1,3
39192,2,3.5,0.7071067811865476,1,4
39195,1,4.0,0.0,1,2
39197,2,3.5,2.1213203435596424,1,2
39198,2,5.0,0.0,2,2
39202,1,2.0,0.0,1,2
39207,1,2.0,0.0,1,3
39208,1,4.0,0.0,1,3
39212,1,5.0,0.0,1,2
39214,1,3.0,0.0,1,2
39215,1,4.0,0.0,1,4
39218,2,3.0,1.4142135623730951,2,4
39220,1,4.0,0.0,1,2
39222,2,5.0,0.0,1,2
39226,1,5.0,0.0,1,2
39228,1,3.0,0.0,1,4
39233,3,4.333333333333333,0.5773502691896258,3,2
39234,1,3.0,0.0,1,4
39237,1,4.0,0.0,1,3
39241,1,4.0,0.0,1,2
39242,1,5.0,0.0,1,5
39243,1,5.0,0.0,1,2
39244,4,3.0,0.0,4,2
39246,1,5.0,0.0,1,2
39247,1,5.0,0.0,1,2
39248,1,4.0,0.0,1,5
39249,2,4.5,0.7071067811865476,1,4
39251,1,3.0,0.0,1,3
39253,2,3.5,2.1213203435596424,2,2
39257,2,4.5,0.7071067811865476,2,2
39258,1,3.0,0.0,1,4
39259,1,4.0,0.0,1,2
39260,1,3.0,0.0,1,4
39264,1,5.0,0.0,1,2
39269,1,5.0,0.0,1,5
39270,1,5.0,0.0,1,2
39279,1,3.0,0.0,1,3
39281,2,4.5,0.7071067811865476,2,5
39282,1,1.0,0.0,1,5
39283,1,3.0,0.0,1,3
39290,1,4.0,0.0,1,2
39293,1,4.0,0.0,1,2
39295,1,5.0,0.0,1,3
39296,1,5.0,0.0,1,2
39300,1,5.0,0.0,1,1
39303,1,3.0,0.0,1,2
39306,2,3.5,0.7071067811865476,2,3
39311,1,4.0,0.0,1,4
39315,1,5.0,0.0,1,3
39319,1,5.0,0.0,1,2
39320,1,2.0,0.0,1,2
39326,1,4.0,0.0,1,2
39329,2,4.0,1.4142135623730951,2,3
39330,1,5.0,0.0,1,2
39332,1,5.0,0.0,1,1
39334,1,4.0,0.0,1,2
39335,2,3.0,0.0,2,2
39336,2,4.0,0.0,2,4
39339,3,5.0,0.0,3,3
39340,1,5.0,0.0,1,3
39347,1,5.0,0.0,1,2
39349,1,5.0,0.0,1,4
39351,2,3.0,1.4142135623730951,1,4
39352,1,4.0,0.0,1,2
39353,1,1.0,0.0,1,4
39354,1,4.0,0.0,1,2
39361,1,5.0,0.0,1,2
39369,1,5.0,0.0,1,2
39370,1,3.0,0.0,1,2
39371,2,3.5,0.7071067811865476,2,2
39372,1,5.0,0.0,1,3
39377,1,4.0,0.0,1,2
39380,1,5.0,0.0,1,2
39386,1,5.0,0.0,1,3
39388,1,1.0,0.0,1,3
39389,1,5.0,0.0,1,3
39390,1,5.0,0.0,1,4
39391,4,2.75,2.0615528128088303,4,3
39393,1,5.0,0.0,1,2
39395,1,1.0,0.0,1,3
39396,4,3.5,1.2909944487358056,1,4
39397,1,4.0,0.0,1,2
39398,1,5.0,0.0,1,4
39399,1,4.0,0.0,1,4
39401,1,5.0,0.0,1,2
39403,1,5.0,0.0,1,3
39404,1,4.0,0.0,1,4
39406,3,4.666666666666667,0.5773502691896257,3,2
39407,1,4.0,0.0,1,2
39410,1,4.0,0.0,1,3
39412,1,5.0,0.0,1,2
39413,1,5.0,0.0,1,4
39421,1,2.0,0.0,1,3
39422,2,4.0,0.0,2,2
39423,1,5.0,0.0,1,3
39424,2,4.5,0.7071067811865476,2,2
39425,1,4.0,0.0,1,2
39426,1,4.0,0.0,1,3
39427,1,5.0,0.0,1,2
39429,2,4.5,0.7071067811865476,2,3
39434,2,4.5,0.7071067811865476,2,2
39436,2,2.5,2.1213203435596424,2,3
39439,3,4.333333333333333,1.1547005383792517,3,3
39443,1,1.0,0.0,1,2
39445,1,5.0,0.0,1,2
39454,2,5.0,0.0,2,3
39455,2,5.0,0.0,2,3
39456,1,4.0,0.0,1,3
39457,1,5.0,0.0,1,3
39458,3,4.333333333333333,0.5773502691896257,3,4
39459,3,4.666666666666667,0.5773502691896258,1,4
39460,1,4.0,0.0,1,4
39461,1,5.0,0.0,1,3
39463,1,5.0,0.0,1,2
39464,2,5.0,0.0,2,4
39466,1,3.0,0.0,1,2
39474,1,5.0,0.0,1,5
39477,1,3.0,0.0,1,3
39479,1,3.0,0.0,1,4
39481,5,4.0,0.7071067811865476,1,4
39483,1,4.0,0.0,1,4
39485,1,4.0,0.0,1,1
39488,1,5.0,0.0,1,2
39491,1,5.0,0.0,1,5
39493,1,4.0,0.0,1,2
39494,1,5.0,0.0,1,4
39497,1,1.0,0.0,1,2
39498,2,4.5,0.7071067811865476,2,4
39504,2,3.5,2.1213203435596424,2,2
39505,3,4.666666666666667,0.5773502691896257,1,2
39508,1,4.0,0.0,1,3
39515,1,5.0,0.0,1,2
39516,1,4.0,0.0,1,3
39524,1,3.0,0.0,1,4
39526,1,5.0,0.0,1,3
39529,1,5.0,0.0,1,3
39530,1,2.0,0.0,1,2
39532,3,3.3333333333333335,0.5773502691896258,2,3
39536,1,5.0,0.0,1,3
39538,2,3.0,2.8284271247461903,2,2
39542,1,4.0,0.0,1,4
39544,1,4.0,0.0,1,3
39545,1,4.0,0.0,1,3
39546,2,5.0,0.0,2,2
39551,1,4.0,0.0,1,5
39552,1,5.0,0.0,1,2
39553,1,4.0,0.0,1,3
39555,1,5.0,0.0,1,2
39556,2,5.0,0.0,2,3
39561,1,5.0,0.0,1,4
39563,1,5.0,0.0,1,4
39565,1,4.0,0.0,1,5
39568,2,5.0,0.0,2,4
39574,1,5.0,0.0,1,3
39576,1,4.0,0.0,1,3
39577,1,4.0,0.0,1,2
39584,2,4.0,1.4142135623730951,2,4
39586,1,5.0,0.0,1,2
39588,2,4.0,0.0,2,2
39589,1,4.0,0.0,1,3
39593,2,4.0,0.0,1,4
39594,1,4.0,0.0,1,2
39601,1,5.0,0.0,1,4
39602,1,5.0,0.0,1,3
39603,1,5.0,0.0,1,3
39604,1,5.0,0.0,1,3
39607,1,4.0,0.0,1,4
39608,1,4.0,0.0,1,2
39611,1,5.0,0.0,1,2
39615,2,5.0,0.0,2,2
39616,4,4.25,0.5,4,4
39618,1,4.0,0.0,1,5
39619,1,3.0,0.0,1,3
39621,1,1.0,0.0,1,2
39623,2,4.0,0.0,2,3
39624,2,5.0,0.0,2,3
39631,1,4.0,0.0,1,4
39634,1,5.0,0.0,1,5
39637,2,5.0,0.0,1,3
39638,1,5.0,0.0,1,2
39639,1,4.0,0.0,1,4
39641,1,4.0,0.0,1,4
39646,1,4.0,0.0,1,2
39650,1,4.0,0.0,1,3
39665,1,5.0,0.0,1,5
39668,1,5.0,0.0,1,5
39670,1,5.0,0.0,1,3
39671,1,4.0,0.0,1,3
39672,3,4.333333333333333,1.1547005383792517,3,3
39675,1,3.0,0.0,1,4
39679,1,5.0,0.0,1,4
39682,1,3.0,0.0,1,2
39686,1,3.0,0.0,1,5
39688,3,4.0,1.0,2,3
39689,1,4.0,0.0,1,2
39692,1,4.0,0.0,1,4
39694,1,2.0,0.0,1,3
39695,2,5.0,0.0,1,2
39697,1,4.0,0.0,1,4
39699,1,4.0,0.0,1,2
39701,1,4.0,0.0,1,2
39709,4,3.5,1.2909944487358056,1,2
39711,2,5.0,0.0,2,4
39717,1,4.0,0.0,1,2
39719,1,5.0,0.0,1,2
39721,1,3.0,0.0,1,3
39723,1,5.0,0.0,1,3
39724,1,4.0,0.0,1,3
39725,1,4.0,0.0,1,3
39726,1,5.0,0.0,1,2
39727,1,4.0,0.0,1,5
39728,1,3.0,0.0,1,2
39733,1,4.0,0.0,1,5
39737,2,4.0,0.0,1,2
39738,1,5.0,0.0,1,2
39744,2,4.5,0.7071067811865476,2,5
39746,1,5.0,0.0,1,3
39749,1,5.0,0.0,1,5
39750,2,3.5,0.7071067811865476,2,2
39755,2,5.0,0.0,1,3
39758,1,5.0,0.0,1,4
39760,2,4.0,1.4142135623730951,2,3
39765,1,5.0,0.0,1,2
39769,1,3.0,0.0,1,5
39772,2,4.0,0.0,2,4
39775,6,3.8333333333333335,0.7527726527090809,3,4
39777,1,5.0,0.0,1,3
39779,1,4.0,0.0,1,4
39783,1,3.0,0.0,1,2
39785,1,4.0,0.0,1,4
39786,2,3.0,0.0,1,3
39789,1,5.0,0.0,1,3
39790,3,4.0,1.0,3,4
39800,1,5.0,0.0,1,2
39803,1,5.0,0.0,1,4
39812,1,5.0,0.0,1,4
39814,4,3.25,1.5,4,4
39817,1,4.0,0.0,1,4
39819,1,5.0,0.0,1,2
39821,1,1.0,0.0,1,4
39823,1,5.0,0.0,1,4
39827,1,4.0,0.0,1,4
39839,1,5.0,0.0,1,3
39846,2,5.0,0.0,1,2
39847,1,5.0,0.0,1,4
39849,2,4.5,0.7071067811865476,2,3
39850,1,5.0,0.0,1,4
39854,1,5.0,0.0,1,2
39856,2,5.0,0.0,2,2
39858,1,4.0,0.0,1,3
39861,1,5.0,0.0,1,2
39863,1,4.0,0.0,1,5
39864,3,4.333333333333333,0.5773502691896257,3,2
39865,2,4.5,0.7071067811865476,2,5
39866,1,4.0,0.0,1,2
39868,1,2.0,0.0,1,2
39870,1,3.0,0.0,1,2
39871,1,5.0,0.0,1,5
39874,1,4.0,0.0,1,4
39875,2,4.0,0.0,2,4
39876,1,5.0,0.0,1,2
39877,3,4.666666666666667,0.5773502691896258,3,3
39879,1,5.0,0.0,1,3
39880,1,4.0,0.0,1,3
39883,1,4.0,0.0,1,2
39885,1,5.0,0.0,1,2
39886,1,5.0,0.0,1,2
39891,2,4.0,1.4142135623730951,2,4
39892,2,4.0,0.0,2,2
39893,2,5.0,0.0,2,2
39903,2,3.0,0.0,2,2
39910,1,1.0,0.0,1,2
39911,2,5.0,0.0,2,3
39912,1,4.0,0.0,1,3
39913,3,4.0,1.0,3,3
39916,2,5.0,0.0,2,2
39917,1,5.0,0.0,1,2
39922,1,5.0,0.0,1,1
39923,1,3.0,0.0,1,3
39924,2,5.0,0.0,2,4
39925,1,5.0,0.0,1,5
39927,1,5.0,0.0,1,3
39929,1,5.0,0.0,1,4
39933,1,5.0,0.0,1,3
39937,3,4.333333333333333,0.5773502691896257,3,5
39941,2,5.0,0.0,2,3
39942,1,4.0,0.0,1,4
39946,1,3.0,0.0,1,5
39947,1,5.0,0.0,1,2
39953,2,4.0,0.0,1,3
39956,2,4.5,0.7071067811865476,1,3
39959,1,3.0,0.0,1,3
39960,1,5.0,0.0,1,3
39962,1,1.0,0.0,1,3
39963,1,5.0,0.0,1,4
39964,1,4.0,0.0,1,3
39965,1,3.0,0.0,1,2
39966,1,5.0,0.0,1,3
39968,1,5.0,0.0,1,4
39978,1,3.0,0.0,1,4
39980,1,3.0,0.0,1,2
39982,2,4.5,0.7071067811865476,2,2
39985,1,4.0,0.0,1,4
39988,3,4.666666666666667,0.5773502691896258,2,2
39989,1,5.0,0.0,1,3
39990,1,4.0,0.0,1,4
39993,1,5.0,0.0,1,2
39996,1,4.0,0.0,1,3
39997,1,5.0,0.0,1,4
39999,1,5.0,0.0,1,3
40000,2,4.5,0.7071067811865476,2,2
40004,1,5.0,0.0,1,2
40005,1,4.0,0.0,1,3
40006,1,5.0,0.0,1,5
40010,2,5.0,0.0,2,5
40013,1,4.0,0.0,1,2
40015,1,3.0,0.0,1,2
40017,1,4.0,0.0,1,2
40018,1,2.0,0.0,1,4
40020,4,4.0,0.8164965809277259,2,2
40021,2,4.5,0.7071067811865476,2,2
40023,1,5.0,0.0,1,3
40024,1,5.0,0.0,1,3
40029,1,4.0,0.0,1,3
40031,1,5.0,0.0,1,3
40032,1,4.0,0.0,1,3
40035,2,5.0,0.0,2,3
40037,1,4.0,0.0,1,3
40040,3,3.6666666666666665,0.5773502691896257,2,5
40041,1,3.0,0.0,1,2
40043,1,4.0,0.0,1,2
40048,1,3.0,0.0,1,2
40050,1,5.0,0.0,1,3
40052,2,4.5,0.7071067811865476,1,5
40061,1,5.0,0.0,1,3
40062,2,4.5,0.7071067811865476,2,2
40063,2,4.5,0.7071067811865476,2,2
40064,1,4.0,0.0,1,3
40066,1,5.0,0.0,1,4
40076,1,4.0,0.0,1,2
40078,2,3.5,0.7071067811865476,2,2
40079,2,4.0,0.0,2,2
40085,2,4.5,0.7071067811865476,1,2
40095,1,5.0,0.0,1,2
40096,3,3.3333333333333335,0.5773502691896258,2,5
40097,1,3.0,0.0,1,3
40102,1,5.0,0.0,1,4
40108,1,5.0,0.0,1,3
40116,1,5.0,0.0,1,3
40119,1,5.0,0.0,1,4
40121,3,5.0,0.0,3,4
40125,1,3.0,0.0,1,4
40131,1,4.0,0.0,1,2
40133,3,4.0,1.0,3,3
40134,1,3.0,0.0,1,2
40136,3,3.6666666666666665,2.3094010767585034,2,3
40139,1,5.0,0.0,1,3
40142,1,4.0,0.0,1,2
40148,1,2.0,0.0,1,4
40153,1,5.0,0.0,1,3
40158,2,4.0,1.4142135623730951,2,2
40160,1,4.0,0.0,1,5
40165,1,3.0,0.0,1,3
40167,2,3.5,0.7071067811865476,2,2
40168,1,5.0,0.0,1,3
40169,1,5.0,0.0,1,2
40171,1,5.0,0.0,1,3
40174,1,4.0,0.0,1,4
40175,3,4.666666666666667,0.5773502691896258,3,2
40176,2,3.5,0.7071067811865476,2,2
40177,2,5.0,0.0,2,2
40179,1,1.0,0.0,1,3
40180,3,3.3333333333333335,0.5773502691896258,3,3
40181,1,4.0,0.0,1,2
40182,2,4.0,0.0,2,3
40184,1,5.0,0.0,1,2
40187,3,3.6666666666666665,0.5773502691896258,3,2
40189,1,2.0,0.0,1,2
40190,1,4.0,0.0,1,5
40191,1,4.0,0.0,1,4
40196,1,3.0,0.0,1,3
40197,2,4.5,0.7071067811865476,2,2
40199,1,5.0,0.0,1,2
40201,1,4.0,0.0,1,2
40204,1,5.0,0.0,1,5
40207,1,3.0,0.0,1,4
40208,2,4.5,0.7071067811865476,2,2
40212,1,4.0,0.0,1,4
40213,1,5.0,0.0,1,3
40215,1,5.0,0.0,1,2
40216,1,5.0,0.0,1,5
40217,1,5.0,0.0,1,3
40218,1,4.0,0.0,1,3
40223,1,5.0,0.0,1,2
40226,1,5.0,0.0,1,4
40233,1,4.0,0.0,1,1
40240,2,4.0,0.0,2,4
40242,4,4.5,0.5773502691896257,2,1
40243,1,5.0,0.0,1,3
40245,1,3.0,0.0,1,2
40247,1,5.0,0.0,1,5
40249,1,5.0,0.0,1,2
40251,1,5.0,0.0,1,3
40252,1,4.0,0.0,1,2
40253,2,4.0,1.4142135623730951,2,2
40255,1,5.0,0.0,1,3
40256,1,5.0,0.0,1,3
40257,1,5.0,0.0,1,4
40260,1,5.0,0.0,1,1
40264,2,4.0,0.0,2,2
40267,1,5.0,0.0,1,2
40268,1,5.0,0.0,1,3
40273,3,3.3333333333333335,2.0816659994661326,3,4
40274,1,3.0,0.0,1,3
40275,2,4.5,0.7071067811865476,2,5
40276,1,5.0,0.0,1,5
40281,1,5.0,0.0,1,5
40283,1,3.0,0.0,1,2
40284,3,5.0,0.0,3,2
40287,1,5.0,0.0,1,3
40288,1,5.0,0.0,1,3
40295,1,4.0,0.0,1,2
40296,2,4.5,0.7071067811865476,2,2
40302,1,5.0,0.0,1,2
40305,3,4.0,1.7320508075688772,2,5
40306,3,4.333333333333333,1.1547005383792515,3,3
40317,1,5.0,0.0,1,2
40319,1,4.0,0.0,1,2
40320,1,5.0,0.0,1,2
40324,1,3.0,0.0,1,3
40325,2,5.0,0.0,1,3
40327,1,4.0,0.0,1,3
40329,2,4.5,0.7071067811865476,1,4
40330,1,5.0,0.0,1,2
40334,1,5.0,0.0,1,4
40336,1,5.0,0.0,1,4
40337,1,5.0,0.0,1,2
40338,1,5.0,0.0,1,4
40343,1,5.0,0.0,1,2
40344,1,4.0,0.0,1,2
40345,1,3.0,0.0,1,3
40347,2,4.5,0.7071067811865476,1,3
40348,1,5.0,0.0,1,4
40351,1,3.0,0.0,1,2
40353,1,5.0,0.0,1,4
40361,1,5.0,0.0,1,3
40362,1,4.0,0.0,1,3
40363,1,3.0,0.0,1,5
40366,2,5.0,0.0,2,2
40369,1,5.0,0.0,1,4
40370,2,4.5,0.7071067811865476,2,2
40371,2,4.5,0.7071067811865476,2,2
40377,1,4.0,0.0,1,2
40378,1,4.0,0.0,1,2
40383,1,5.0,0.0,1,2
40385,1,5.0,0.0,1,3
40386,1,5.0,0.0,1,2
40389,1,5.0,0.0,1,2
40391,1,5.0,0.0,1,4
40398,1,5.0,0.0,1,3
40403,1,5.0,0.0,1,2
40406,1,3.0,0.0,1,2
40407,2,4.0,1.4142135623730951,1,2
40409,2,4.0,0.0,2,4
40411,1,4.0,0.0,1,2
40412,1,5.0,0.0,1,2
40416,1,5.0,0.0,1,2
40417,2,3.5,0.7071067811865476,2,4
40420,1,5.0,0.0,1,4
40423,1,5.0,0.0,1,3
40426,1,5.0,0.0,1,3
40427,1,3.0,0.0,1,2
40434,1,5.0,0.0,1,3
40435,1,4.0,0.0,1,2
40436,1,5.0,0.0,1,2
40445,2,4.0,0.0,2,4
40447,2,3.5,0.7071067811865476,1,3
40451,1,3.0,0.0,1,4
40454,1,4.0,0.0,1,3
40456,1,3.0,0.0,1,3
40459,1,5.0,0.0,1,3
40461,3,4.666666666666667,0.5773502691896258,1,5
40462,1,5.0,0.0,1,2
40468,1,4.0,0.0,1,4
40469,1,4.0,0.0,1,3
40471,2,5.0,0.0,2,4
40473,1,3.0,0.0,1,5
40474,1,4.0,0.0,1,5
40477,3,4.0,1.0,1,2
40479,1,5.0,0.0,1,4
40480,1,4.0,0.0,1,3
40482,1,4.0,0.0,1,5
40484,1,5.0,0.0,1,4
40488,1,5.0,0.0,1,2
40491,1,3.0,0.0,1,2
40492,1,5.0,0.0,1,2
40497,3,4.666666666666667,0.5773502691896257,2,4
40499,1,5.0,0.0,1,2
40500,1,3.0,0.0,1,3
40503,1,4.0,0.0,1,2
40505,1,3.0,0.0,1,2
40509,1,5.0,0.0,1,2
40511,1,3.0,0.0,1,2
40512,1,4.0,0.0,1,2
40516,3,3.0,1.7320508075688772,3,4
40518,1,5.0,0.0,1,4
40520,1,2.0,0.0,1,5
40526,1,4.0,0.0,1,3
40530,1,4.0,0.0,1,3
40531,4,3.75,0.9574271077563381,4,3
40532,1,2.0,0.0,1,2
40536,2,4.5,0.7071067811865476,2,2
40537,1,5.0,0.0,1,3
40539,1,3.0,0.0,1,5
40540,1,3.0,0.0,1,4
40545,1,2.0,0.0,1,2
40546,1,5.0,0.0,1,4
40549,1,5.0,0.0,1,2
40550,1,5.0,0.0,1,5
40551,2,4.5,0.7071067811865476,2,2
40555,1,3.0,0.0,1,3
40562,2,5.0,0.0,2,3
40563,1,5.0,0.0,1,2
40566,2,4.0,1.4142135623730951,2,2
40567,3,4.666666666666667,0.5773502691896257,2,2
40568,1,3.0,0.0,1,2
40571,1,5.0,0.0,1,2
40578,1,4.0,0.0,1,2
40579,1,5.0,0.0,1,2
40582,2,4.0,1.4142135623730951,2,3
40586,1,5.0,0.0,1,2
40592,3,5.0,0.0,2,2
40593,5,3.6,1.140175425099138,4,4
40594,2,4.0,0.0,1,2
40596,8,4.5,0.7559289460184542,7,4
40597,1,5.0,0.0,1,2
40598,1,2.0,0.0,1,4
40601,1,5.0,0.0,1,3
40607,2,4.0,1.4142135623730951,2,2
40610,2,4.5,0.7071067811865476,1,3
40613,1,4.0,0.0,1,2
40615,1,4.0,0.0,1,3
40617,1,5.0,0.0,1,2
40619,2,4.0,0.0,2,4
40629,1,4.0,0.0,1,4
40635,1,4.0,0.0,1,2
40638,1,4.0,0.0,1,2
40640,2,4.0,1.4142135623730951,2,4
40645,1,4.0,0.0,1,2
40646,1,4.0,0.0,1,3
40651,2,5.0,0.0,1,3
40654,2,3.0,0.0,2,3
40655,2,3.5,0.7071067811865476,2,2
40661,1,5.0,0.0,1,4
40669,1,4.0,0.0,1,3
40670,1,5.0,0.0,1,3
40671,1,4.0,0.0,1,2
40680,3,5.0,0.0,3,2
40682,2,3.5,0.7071067811865476,2,2
40683,2,4.5,0.7071067811865476,1,3
40684,1,3.0,0.0,1,2
40686,1,5.0,0.0,1,4
40687,1,4.0,0.0,1,2
40688,1,5.0,0.0,1,3
40691,1,5.0,0.0,1,4
40692,1,5.0,0.0,1,2
40694,1,5.0,0.0,1,4
40695,3,4.0,0.0,3,2
40696,4,4.25,0.9574271077563381,1,4
40697,1,5.0,0.0,1,3
40698,1,5.0,0.0,1,4
40699,1,5.0,0.0,1,2
40700,1,5.0,0.0,1,2
40702,1,5.0,0.0,1,2
40703,1,5.0,0.0,1,5
40704,1,4.0,0.0,1,2
40705,1,5.0,0.0,1,2
40706,1,5.0,0.0,1,4
40707,1,5.0,0.0,1,3
40708,1,5.0,0.0,1,4
40709,1,4.0,0.0,1,2
40710,1,5.0,0.0,1,3
40712,1,3.0,0.0,1,2
40714,1,4.0,0.0,1,3
40717,2,5.0,0.0,2,2
40718,1,3.0,0.0,1,4
40719,1,5.0,0.0,1,2
40720,2,4.5,0.7071067811865476,2,4
40722,1,5.0,0.0,1,3
40724,2,5.0,0.0,2,3
40725,2,5.0,0.0,2,4
40726,1,5.0,0.0,1,2
40727,1,5.0,0.0,1,4
40732,1,2.0,0.0,1,4
40735,2,4.0,1.4142135623730951,2,4
40738,1,5.0,0.0,1,3
40739,1,4.0,0.0,1,4
40740,1,5.0,0.0,1,3
40741,2,5.0,0.0,1,2
40748,2,4.5,0.7071067811865476,2,4
40749,1,4.0,0.0,1,2
40751,1,1.0,0.0,1,2
40753,2,3.5,0.7071067811865476,2,2
40755,4,4.0,0.816496580927726,2,4
40756,1,5.0,0.0,1,2
40758,1,4.0,0.0,1,2
40760,1,3.0,0.0,1,1
40761,3,3.6666666666666665,0.5773502691896257,2,2
40764,1,4.0,0.0,1,2
40765,1,5.0,0.0,1,3
40766,4,4.5,0.5773502691896257,3,2
40769,1,5.0,0.0,1,3
40780,1,5.0,0.0,1,4
40785,1,4.0,0.0,1,2
40786,2,5.0,0.0,2,3
40787,1,4.0,0.0,1,2
40788,1,4.0,0.0,1,3
40789,1,4.0,0.0,1,3
40790,1,4.0,0.0,1,4
40791,1,5.0,0.0,1,2
40795,1,3.0,0.0,1,4
40796,1,5.0,0.0,1,3
40797,3,4.333333333333333,1.1547005383792517,3,5
40804,1,4.0,0.0,1,5
40805,1,3.0,0.0,1,2
40806,2,4.5,0.7071067811865476,2,4
40810,1,5.0,0.0,1,4
40814,1,5.0,0.0,1,4
40816,1,4.0,0.0,1,2
40817,1,5.0,0.0,1,4
40818,1,3.0,0.0,1,2
40820,2,4.0,0.0,2,2
40821,1,4.0,0.0,1,2
40822,1,5.0,0.0,1,2
40824,2,4.5,0.7071067811865476,2,2
40829,1,5.0,0.0,1,3
40830,1,4.0,0.0,1,2
40831,2,4.5,0.7071067811865476,2,4
40833,4,3.75,0.9574271077563381,4,4
40834,1,5.0,0.0,1,5
40835,1,5.0,0.0,1,3
40838,1,3.0,0.0,1,5
40839,1,4.0,0.0,1,2
40843,1,5.0,0.0,1,4
40849,1,5.0,0.0,1,3
40851,2,5.0,0.0,1,3
40855,2,5.0,0.0,1,2
40856,1,5.0,0.0,1,2
40857,1,4.0,0.0,1,3
40859,1,5.0,0.0,1,5
40862,1,5.0,0.0,1,2
40863,2,4.0,0.0,1,2
40865,1,4.0,0.0,1,4
40868,1,5.0,0.0,1,2
40869,1,5.0,0.0,1,2
40871,1,5.0,0.0,1,2
40872,1,4.0,0.0,1,4
40874,1,4.0,0.0,1,4
40876,1,2.0,0.0,1,2
40877,1,5.0,0.0,1,2
40880,2,4.5,0.7071067811865476,1,3
40881,1,5.0,0.0,1,2
40882,1,5.0,0.0,1,2
40884,1,4.0,0.0,1,4
40885,1,3.0,0.0,1,2
40887,1,4.0,0.0,1,2
40889,1,5.0,0.0,1,4
40890,1,5.0,0.0,1,3
40892,1,5.0,0.0,1,4
40893,1,2.0,0.0,1,2
40894,3,5.0,0.0,2,3
40895,1,5.0,0.0,1,4
40896,1,4.0,0.0,1,2
40898,2,5.0,0.0,2,2
40900,2,4.5,0.7071067811865476,2,2
40906,2,5.0,0.0,1,2
40909,1,5.0,0.0,1,2
40911,1,3.0,0.0,1,2
40912,6,4.666666666666667,0.5163977794943223,4,2
40914,1,5.0,0.0,1,3
40918,2,5.0,0.0,2,4
40923,1,2.0,0.0,1,3
40924,4,4.5,1.0,4,3
40926,1,3.0,0.0,1,3
40928,2,5.0,0.0,2,4
40929,1,5.0,0.0,1,3
40936,1,5.0,0.0,1,2
40937,1,1.0,0.0,1,3
40939,2,3.5,0.7071067811865476,2,2
40942,1,5.0,0.0,1,3
40945,2,5.0,0.0,2,3
40946,1,5.0,0.0,1,3
40949,1,5.0,0.0,1,3
40954,4,3.0,1.1547005383792515,4,2
40963,1,5.0,0.0,1,4
40969,1,5.0,0.0,1,1
40975,3,4.0,1.0,1,4
40976,2,5.0,0.0,2,2
40986,1,5.0,0.0,1,3
40987,1,4.0,0.0,1,2
40988,1,5.0,0.0,1,2
40991,3,4.333333333333333,0.5773502691896257,3,4
40992,2,4.5,0.7071067811865476,2,2
40994,1,1.0,0.0,1,2
40997,1,4.0,0.0,1,3
41000,1,5.0,0.0,1,1
41001,2,4.5,0.7071067811865476,2,1
41002,3,4.666666666666667,0.5773502691896257,3,3
41003,3,3.6666666666666665,0.5773502691896258,3,3
41012,3,4.666666666666667,0.5773502691896257,2,2
41014,1,4.0,0.0,1,3
41017,2,5.0,0.0,2,3
41018,1,5.0,0.0,1,2
41024,1,5.0,0.0,1,2
41025,1,5.0,0.0,1,2
41026,1,3.0,0.0,1,4
41030,1,5.0,0.0,1,5
41032,1,2.0,0.0,1,3
41040,2,3.5,2.1213203435596424,2,2
41046,2,4.0,0.0,2,3
41048,3,2.3333333333333335,0.5773502691896257,2,2
41049,2,5.0,0.0,2,3
41050,3,3.6666666666666665,0.5773502691896258,3,2
41054,1,4.0,0.0,1,3
41060,1,2.0,0.0,1,3
41063,1,5.0,0.0,1,3
41065,1,3.0,0.0,1,4
41067,1,4.0,0.0,1,2
41068,1,5.0,0.0,1,2
41071,1,5.0,0.0,1,4
41074,2,4.0,0.0,2,2
41075,2,3.5,0.7071067811865476,1,2
41077,1,4.0,0.0,1,3
41079,2,4.5,0.7071067811865476,2,2
41084,1,5.0,0.0,1,2
41086,1,5.0,0.0,1,2
41087,1,4.0,0.0,1,5
41089,1,5.0,0.0,1,4
41091,1,4.0,0.0,1,2
41095,1,4.0,0.0,1,2
41104,1,5.0,0.0,1,2
41105,3,4.333333333333333,0.5773502691896257,3,2
41106,1,5.0,0.0,1,3
41107,1,3.0,0.0,1,4
41109,1,3.0,0.0,1,2
41110,2,3.5,0.7071067811865476,2,2
41111,2,4.0,0.0,2,2
41118,2,4.5,0.7071067811865476,2,4
41119,3,5.0,0.0,2,4
41121,1,4.0,0.0,1,2
41122,1,5.0,0.0,1,3
41124,1,4.0,0.0,1,2
41126,2,3.0,1.4142135623730951,2,5
41128,1,5.0,0.0,1,2
41129,3,4.333333333333333,1.1547005383792517,2,2
41131,1,5.0,0.0,1,2
41132,1,5.0,0.0,1,4
41134,3,4.0,0.0,3,4
41135,1,4.0,0.0,1,2
41136,1,5.0,0.0,1,2
41139,3,4.333333333333333,0.5773502691896257,3,4
41142,1,5.0,0.0,1,2
41144,1,5.0,0.0,1,2
41151,1,5.0,0.0,1,4
41155,1,5.0,0.0,1,2
41157,3,5.0,0.0,3,5
41159,1,4.0,0.0,1,2
41165,2,4.5,0.7071067811865476,1,2
41166,1,5.0,0.0,1,4
41170,1,4.0,0.0,1,2
41171,1,3.0,0.0,1,4
41172,1,5.0,0.0,1,2
41176,1,5.0,0.0,1,3
41177,2,4.0,0.0,2,2
41178,1,3.0,0.0,1,2
41180,1,5.0,0.0,1,2
41183,5,4.4,0.8944271909999159,5,2
41190,4,4.25,0.9574271077563382,3,2
41197,1,5.0,0.0,1,4
41198,1,5.0,0.0,1,2
41200,1,4.0,0.0,1,3
41203,1,5.0,0.0,1,2
41212,2,2.5,2.1213203435596424,2,3
41213,2,4.5,0.7071067811865476,2,2
41215,1,4.0,0.0,1,2
41218,3,5.0,0.0,3,3
41220,2,3.5,0.7071067811865476,1,2
41221,1,5.0,0.0,1,3
41222,3,5.0,0.0,2,2
41223,1,1.0,0.0,1,3
41224,1,5.0,0.0,1,3
41225,2,4.0,1.4142135623730951,2,2
41226,1,4.0,0.0,1,4
41230,1,3.0,0.0,1,2
41236,1,5.0,0.0,1,3
41239,1,5.0,0.0,1,2
41242,2,4.5,0.7071067811865476,1,3
41244,1,4.0,0.0,1,3
41245,1,3.0,0.0,1,2
41246,1,2.0,0.0,1,2
41247,1,4.0,0.0,1,3
41251,1,1.0,0.0,1,2
41252,1,5.0,0.0,1,2
41253,1,5.0,0.0,1,5
41254,2,4.5,0.7071067811865476,2,2
41255,1,5.0,0.0,1,3
41256,1,5.0,0.0,1,2
41257,2,5.0,0.0,2,2
41258,4,2.75,2.0615528128088303,4,5
41260,3,3.6666666666666665,1.5275252316519465,2,2
41262,2,3.0,1.4142135623730951,2,2
41264,1,4.0,0.0,1,5
41268,1,5.0,0.0,1,2
41269,2,4.0,1.4142135623730951,1,3
41273,1,5.0,0.0,1,2
41274,1,5.0,0.0,1,3
41277,1,3.0,0.0,1,2
41279,1,4.0,0.0,1,3
41287,2,4.5,0.7071067811865476,2,2
41291,1,5.0,0.0,1,3
41292,1,5.0,0.0,1,3
41293,1,4.0,0.0,1,4
41297,1,4.0,0.0,1,3
41298,2,4.0,0.0,1,2
41306,1,5.0,0.0,1,2
41309,1,4.0,0.0,1,2
41310,3,4.333333333333333,0.5773502691896258,1,5
41311,1,5.0,0.0,1,2
41316,3,4.333333333333333,1.1547005383792517,3,3
41318,3,3.0,1.0,3,3
41319,1,5.0,0.0,1,4
41320,1,5.0,0.0,1,3
41323,3,5.0,0.0,3,2
41326,1,4.0,0.0,1,2
41328,1,5.0,0.0,1,3
41332,1,3.0,0.0,1,2
41333,2,4.5,0.7071067811865476,2,2
41335,1,5.0,0.0,1,3
41336,4,3.5,1.2909944487358056,1,3
41343,3,4.333333333333333,0.5773502691896258,3,3
41345,1,4.0,0.0,1,4
41350,1,1.0,0.0,1,2
41352,2,5.0,0.0,2,3
41356,1,5.0,0.0,1,4
41358,1,5.0,0.0,1,3
41359,3,4.333333333333333,0.5773502691896257,3,2
41360,1,5.0,0.0,1,3
41362,1,5.0,0.0,1,2
41363,1,4.0,0.0,1,3
41367,1,3.0,0.0,1,3
41369,3,2.6666666666666665,1.5275252316519465,3,4
41370,1,4.0,0.0,1,5
41374,2,3.5,0.7071067811865476,1,2
41376,2,4.0,1.4142135623730951,2,2
41378,2,5.0,0.0,2,4
41379,1,5.0,0.0,1,2
41380,1,5.0,0.0,1,2
41382,2,4.5,0.7071067811865476,2,3
41385,1,5.0,0.0,1,2
41389,2,4.0,0.0,2,2
41390,2,4.5,0.7071067811865476,2,2
41392,1,4.0,0.0,1,4
41394,1,5.0,0.0,1,3
41396,1,4.0,0.0,1,4
41398,1,5.0,0.0,1,3
41400,1,4.0,0.0,1,3
41401,1,4.0,0.0,1,2
41403,3,4.333333333333333,0.5773502691896257,2,2
41406,1,5.0,0.0,1,2
41409,1,3.0,0.0,1,2
41410,1,4.0,0.0,1,2
41413,1,4.0,0.0,1,2
41414,1,5.0,0.0,1,2
41422,1,4.0,0.0,1,2
41427,2,5.0,0.0,2,3
41432,1,5.0,0.0,1,3
41442,5,4.0,0.0,5,3
41443,1,4.0,0.0,1,3
41445,2,4.5,0.7071067811865476,2,3
41446,1,4.0,0.0,1,3
41448,1,3.0,0.0,1,3
41450,1,5.0,0.0,1,4
41456,1,4.0,0.0,1,3
41457,1,4.0,0.0,1,4
41458,2,4.5,0.7071067811865476,2,4
41464,2,4.0,1.4142135623730951,2,4
41465,1,3.0,0.0,1,3
41466,1,3.0,0.0,1,2
41467,1,4.0,0.0,1,2
41470,5,4.0,0.7071067811865475,2,2
41473,1,5.0,0.0,1,2
41474,1,4.0,0.0,1,2
41475,2,4.0,1.4142135623730951,2,4
41476,1,3.0,0.0,1,3
41479,1,3.0,0.0,1,3
41480,2,3.5,0.7071067811865476,2,2
41487,2,3.5,0.7071067811865476,2,2
41494,2,3.5,0.7071067811865476,2,4
41497,3,5.0,0.0,3,2
41498,2,4.5,0.7071067811865476,2,3
41502,1,4.0,0.0,1,4
41508,1,5.0,0.0,1,3
41509,1,4.0,0.0,1,3
41510,1,5.0,0.0,1,3
41511,1,4.0,0.0,1,3
41516,1,5.0,0.0,1,3
41518,1,4.0,0.0,1,3
41524,3,4.333333333333333,0.5773502691896257,1,2
41525,1,4.0,0.0,1,2
41528,1,5.0,0.0,1,2
41529,1,2.0,0.0,1,2
41530,1,5.0,0.0,1,3
41531,1,4.0,0.0,1,2
41532,1,3.0,0.0,1,2
41537,1,5.0,0.0,1,2
41539,1,5.0,0.0,1,4
41543,1,4.0,0.0,1,3
41549,2,5.0,0.0,2,3
41551,1,5.0,0.0,1,3
41554,1,5.0,0.0,1,3
41557,1,4.0,0.0,1,5
41558,1,5.0,0.0,1,4
41559,1,4.0,0.0,1,2
41562,2,4.5,0.7071067811865476,2,3
41564,1,3.0,0.0,1,2
41565,2,4.0,0.0,2,2
41569,1,5.0,0.0,1,1
41570,1,4.0,0.0,1,3
41571,1,4.0,0.0,1,2
41572,1,5.0,0.0,1,3
41573,2,5.0,0.0,1,3
41574,1,5.0,0.0,1,3
41575,2,3.5,0.7071067811865476,2,2
41576,1,3.0,0.0,1,2
41579,1,5.0,0.0,1,3
41580,2,5.0,0.0,2,4
41587,1,5.0,0.0,1,2
41588,1,3.0,0.0,1,3
41589,4,3.75,1.5,3,2
41590,1,5.0,0.0,1,3
41592,1,4.0,0.0,1,2
41593,1,5.0,0.0,1,3
41594,1,3.0,0.0,1,5
41598,1,3.0,0.0,1,2
41599,1,5.0,0.0,1,3
41600,1,1.0,0.0,1,4
41602,2,3.5,0.7071067811865476,1,2
41603,1,5.0,0.0,1,4
41605,1,5.0,0.0,1,2
41607,1,4.0,0.0,1,3
41612,1,5.0,0.0,1,2
41614,1,5.0,0.0,1,2
41617,1,4.0,0.0,1,3
41620,2,4.5,0.7071067811865476,2,2
41624,1,5.0,0.0,1,2
41625,2,3.5,0.7071067811865476,2,3
41627,2,4.5,0.7071067811865476,2,4
41629,1,5.0,0.0,1,5
41631,2,5.0,0.0,2,2
41637,2,4.0,1.4142135623730951,1,3
41638,1,5.0,0.0,1,4
41640,1,3.0,0.0,1,4
41641,1,5.0,0.0,1,2
41643,1,1.0,0.0,1,2
41644,1,2.0,0.0,1,2
41645,1,3.0,0.0,1,3
41646,1,4.0,0.0,1,2
41650,1,5.0,0.0,1,2
41652,1,1.0,0.0,1,3
41653,1,5.0,0.0,1,3
41654,1,4.0,0.0,1,3
41657,5,4.6,0.5477225575051661,3,2
41659,2,3.5,2.1213203435596424,2,2
41661,2,1.0,0.0,2,2
41663,2,4.0,0.0,2,2
41665,2,4.5,0.7071067811865476,2,3
41667,3,4.666666666666667,0.5773502691896257,3,2
41670,1,5.0,0.0,1,2
41671,1,4.0,0.0,1,2
41675,2,3.5,0.7071067811865476,1,2
41678,1,2.0,0.0,1,3
41679,1,5.0,0.0,1,4
41682,1,5.0,0.0,1,2
41684,1,4.0,0.0,1,2
41686,2,5.0,0.0,2,3
41687,3,4.666666666666667,0.5773502691896257,3,5
41693,1,5.0,0.0,1,3
41695,1,3.0,0.0,1,2
41697,3,3.6666666666666665,0.5773502691896258,3,2
41700,1,5.0,0.0,1,5
41701,1,5.0,0.0,1,2
41703,1,4.0,0.0,1,3
41707,2,4.5,0.7071067811865476,1,3
41711,1,2.0,0.0,1,4
41712,1,2.0,0.0,1,3
41714,1,5.0,0.0,1,2
41717,1,4.0,0.0,1,2
41719,1,4.0,0.0,1,2
41720,2,3.5,0.7071067811865476,2,2
41723,1,5.0,0.0,1,1
41725,1,3.0,0.0,1,3
41727,1,3.0,0.0,1,2
41729,2,2.5,2.1213203435596424,2,2
41734,2,5.0,0.0,2,3
41736,1,5.0,0.0,1,1
41737,2,5.0,0.0,1,3
41738,2,4.5,0.7071067811865476,1,3
41739,1,5.0,0.0,1,2
41742,1,1.0,0.0,1,4
41743,1,5.0,0.0,1,4
41749,1,5.0,0.0,1,2
41754,1,3.0,0.0,1,2
41757,1,4.0,0.0,1,5
41758,1,3.0,0.0,1,3
41759,1,4.0,0.0,1,3
41763,3,2.3333333333333335,1.1547005383792515,3,3
41775,1,5.0,0.0,1,2
41776,1,5.0,0.0,1,4
41777,2,4.5,0.7071067811865476,2,2
41783,2,4.5,0.7071067811865476,2,3
41785,1,1.0,0.0,1,2
41789,1,4.0,0.0,1,2
41791,1,4.0,0.0,1,2
41794,1,4.0,0.0,1,4
41796,1,5.0,0.0,1,2
41797,2,5.0,0.0,2,3
41798,1,4.0,0.0,1,4
41803,1,4.0,0.0,1,4
41804,2,5.0,0.0,2,3
41807,2,3.0,1.4142135623730951,1,2
41808,1,5.0,0.0,1,2
41810,1,4.0,0.0,1,2
41813,1,5.0,0.0,1,3
41816,2,5.0,0.0,2,2
41818,1,5.0,0.0,1,2
41819,2,5.0,0.0,2,2
41820,1,4.0,0.0,1,2
41832,1,5.0,0.0,1,3
41834,1,4.0,0.0,1,2
41837,1,5.0,0.0,1,4
41838,1,3.0,0.0,1,4
41839,2,4.5,0.7071067811865476,2,2
41842,1,4.0,0.0,1,3
41844,1,4.0,0.0,1,3
41846,1,5.0,0.0,1,3
41847,1,4.0,0.0,1,4
41848,1,4.0,0.0,1,4
41853,2,5.0,0.0,2,2
41856,2,3.0,2.8284271247461903,1,3
41857,2,3.0,1.4142135623730951,1,2
41862,1,2.0,0.0,1,2
41869,1,5.0,0.0,1,3
41873,1,5.0,0.0,1,2
41880,1,3.0,0.0,1,2
41882,1,5.0,0.0,1,2
41884,1,4.0,0.0,1,2
41886,1,4.0,0.0,1,4
41888,1,4.0,0.0,1,2
41890,2,4.0,0.0,2,2
41895,5,4.0,1.0,2,2
41896,1,1.0,0.0,1,3
41902,1,3.0,0.0,1,2
41905,1,4.0,0.0,1,3
41907,1,5.0,0.0,1,4
41908,2,4.5,0.7071067811865476,2,2
41909,1,5.0,0.0,1,2
41912,1,5.0,0.0,1,4
41915,1,2.0,0.0,1,5
41919,1,5.0,0.0,1,2
41920,3,4.333333333333333,0.5773502691896257,3,2
41922,1,5.0,0.0,1,2
41923,1,2.0,0.0,1,2
41924,1,5.0,0.0,1,2
41926,1,2.0,0.0,1,3
41927,2,5.0,0.0,2,3
41929,3,4.666666666666667,0.5773502691896257,3,2
41932,1,4.0,0.0,1,4
41933,1,5.0,0.0,1,3
41939,1,5.0,0.0,1,2
41940,1,5.0,0.0,1,4
41943,1,3.0,0.0,1,1
41946,1,2.0,0.0,1,2
41948,1,5.0,0.0,1,2
41949,1,5.0,0.0,1,3
41953,2,4.0,0.0,2,2
41958,1,5.0,0.0,1,2
41964,1,4.0,0.0,1,2
41966,2,4.5,0.7071067811865476,1,2
41969,1,3.0,0.0,1,2
41972,1,5.0,0.0,1,3
41973,1,4.0,0.0,1,4
41978,1,4.0,0.0,1,2
41979,1,5.0,0.0,1,2
41980,1,5.0,0.0,1,3
41983,4,4.25,0.4999999999999999,4,4
41984,2,4.5,0.7071067811865476,2,3
41990,2,3.0,1.4142135623730951,2,3
41994,2,4.5,0.7071067811865476,2,2
41997,1,3.0,0.0,1,2
41998,1,5.0,0.0,1,2
42006,2,4.5,0.7071067811865476,2,3
42011,2,4.0,1.4142135623730951,2,2
42016,1,5.0,0.0,1,3
42019,1,1.0,0.0,1,2
42026,1,1.0,0.0,1,2
42027,1,5.0,0.0,1,2
42032,1,1.0,0.0,1,1
42037,1,4.0,0.0,1,2
42038,1,4.0,0.0,1,2
42040,1,4.0,0.0,1,4
42043,1,5.0,0.0,1,3
42044,2,4.0,0.0,2,4
42047,1,5.0,0.0,1,2
42048,1,5.0,0.0,1,3
42050,5,4.4,0.8944271909999157,3,2
42052,1,2.0,0.0,1,3
42054,1,1.0,0.0,1,2
42057,3,5.0,0.0,3,2
42059,1,5.0,0.0,1,3
42060,1,5.0,0.0,1,5
42063,1,5.0,0.0,1,2
42064,1,4.0,0.0,1,4
42065,1,3.0,0.0,1,3
42066,1,5.0,0.0,1,2
42068,2,3.5,0.7071067811865476,2,3
42072,1,5.0,0.0,1,3
42074,2,4.5,0.7071067811865476,1,2
42076,5,4.0,0.7071067811865476,5,2
42078,1,5.0,0.0,1,2
42079,2,2.5,0.7071067811865476,2,2
42080,3,4.0,1.7320508075688772,3,4
42083,2,4.5,0.7071067811865476,2,2
42087,1,3.0,0.0,1,5
42089,1,5.0,0.0,1,3
42092,2,5.0,0.0,2,2
42094,1,5.0,0.0,1,2
42106,1,4.0,0.0,1,3
42109,1,3.0,0.0,1,3
42111,1,4.0,0.0,1,2
42112,1,4.0,0.0,1,2
42113,1,5.0,0.0,1,2
42115,2,3.5,0.7071067811865476,2,4
42116,1,5.0,0.0,1,2
42122,1,4.0,0.0,1,4
42124,1,4.0,0.0,1,4
42126,1,4.0,0.0,1,2
42128,1,5.0,0.0,1,3
42130,1,4.0,0.0,1,4
42131,2,3.0,2.8284271247461903,1,2
42134,1,5.0,0.0,1,4
42139,2,3.0,0.0,2,4
42140,1,5.0,0.0,1,2
42141,3,4.0,1.0,3,4
42144,2,4.0,1.4142135623730951,2,3
42146,1,5.0,0.0,1,2
42147,1,5.0,0.0,1,2
42152,1,5.0,0.0,1,4
42153,1,5.0,0.0,1,5
42154,3,4.666666666666667,0.5773502691896257,3,3
42156,1,5.0,0.0,1,2
42159,4,3.75,1.2583057392117916,4,2
42161,2,2.5,2.1213203435596424,2,5
42167,1,5.0,0.0,1,2
42169,1,5.0,0.0,1,2
42173,1,5.0,0.0,1,2
42176,1,5.0,0.0,1,2
42177,1,5.0,0.0,1,2
42178,1,5.0,0.0,1,2
42181,2,4.5,0.7071067811865476,2,3
42184,1,4.0,0.0,1,4
42189,1,5.0,0.0,1,4
42191,2,4.5,0.7071067811865476,1,3
42192,1,4.0,0.0,1,2
42197,1,5.0,0.0,1,3
42200,1,3.0,0.0,1,4
42201,1,5.0,0.0,1,4
42205,1,4.0,0.0,1,2
42206,1,3.0,0.0,1,3
42210,1,4.0,0.0,1,4
42214,1,4.0,0.0,1,2
42217,1,5.0,0.0,1,3
42218,1,4.0,0.0,1,2
42221,1,5.0,0.0,1,5
42222,2,4.0,1.4142135623730951,1,3
42223,10,3.7,0.6749485577105527,1,5
42226,1,4.0,0.0,1,4
42227,1,5.0,0.0,1,2
42228,1,4.0,0.0,1,2
42232,1,3.0,0.0,1,2
42234,3,3.6666666666666665,1.5275252316519465,3,2
42236,2,4.5,0.7071067811865476,2,2
42237,1,2.0,0.0,1,3
42238,1,2.0,0.0,1,2
42244,1,4.0,0.0,1,3
42246,2,4.5,0.7071067811865476,1,2
42247,1,5.0,0.0,1,3
42248,1,4.0,0.0,1,2
42249,1,5.0,0.0,1,2
42251,1,5.0,0.0,1,5
42254,1,1.0,0.0,1,3
42255,1,5.0,0.0,1,3
42256,1,5.0,0.0,1,2
42259,2,4.5,0.7071067811865476,2,3
42262,1,5.0,0.0,1,3
42265,1,5.0,0.0,1,2
42266,1,5.0,0.0,1,2
42271,2,3.0,0.0,2,4
42272,1,4.0,0.0,1,4
42273,2,3.0,2.8284271247461903,2,2
42275,1,2.0,0.0,1,4
42276,2,3.0,0.0,2,2
42277,1,4.0,0.0,1,2
42278,1,5.0,0.0,1,3
42279,1,5.0,0.0,1,5
42281,1,5.0,0.0,1,3
42282,2,4.0,0.0,2,5
42283,1,5.0,0.0,1,4
42284,1,4.0,0.0,1,5
42285,1,4.0,0.0,1,4
42290,2,4.0,0.0,1,4
42293,2,4.0,0.0,1,2
42297,1,5.0,0.0,1,5
42301,1,4.0,0.0,1,3
42305,1,5.0,0.0,1,3
42307,4,3.25,0.49999999999999994,4,2
42309,1,5.0,0.0,1,3
42310,1,4.0,0.0,1,2
42311,1,5.0,0.0,1,2
42313,1,5.0,0.0,1,2
42315,2,3.0,0.0,2,2
42317,2,5.0,0.0,1,2
42318,1,5.0,0.0,1,3
42319,1,5.0,0.0,1,2
42320,1,4.0,0.0,1,4
42328,1,5.0,0.0,1,4
42329,1,4.0,0.0,1,5
42331,7,4.142857142857143,1.0690449676496976,5,4
42333,1,4.0,0.0,1,5
42334,1,1.0,0.0,1,3
42336,1,5.0,0.0,1,3
42339,1,5.0,0.0,1,3
42342,1,4.0,0.0,1,3
42343,1,5.0,0.0,1,2
42344,1,5.0,0.0,1,3
42347,1,4.0,0.0,1,2
42348,1,5.0,0.0,1,2
42349,2,5.0,0.0,2,4
42350,1,5.0,0.0,1,3
42351,1,5.0,0.0,1,3
42355,2,3.0,1.4142135623730951,2,4
42356,1,5.0,0.0,1,3
42363,1,4.0,0.0,1,2
42367,1,4.0,0.0,1,3
42369,1,4.0,0.0,1,2
42377,1,5.0,0.0,1,3
42378,1,3.0,0.0,1,2
42379,2,5.0,0.0,2,2
42383,1,3.0,0.0,1,4
42385,1,5.0,0.0,1,4
42386,3,4.666666666666667,0.5773502691896257,3,2
42387,1,3.0,0.0,1,4
42388,1,4.0,0.0,1,2
42390,3,4.666666666666667,0.5773502691896258,2,4
42399,1,5.0,0.0,1,4
42401,1,3.0,0.0,1,3
42403,2,4.5,0.7071067811865476,2,3
42405,1,3.0,0.0,1,3
42409,1,5.0,0.0,1,3
42411,1,3.0,0.0,1,2
42414,1,3.0,0.0,1,4
42416,1,4.0,0.0,1,2
42417,2,5.0,0.0,2,3
42419,1,5.0,0.0,1,2
42424,1,4.0,0.0,1,3
42427,1,4.0,0.0,1,2
42428,1,4.0,0.0,1,5
42430,4,5.0,0.0,4,2
42433,1,5.0,0.0,1,2
42436,1,5.0,0.0,1,4
42442,1,5.0,0.0,1,3
42443,1,5.0,0.0,1,5
42445,1,5.0,0.0,1,2
42449,3,4.333333333333333,0.5773502691896257,3,2
42451,1,5.0,0.0,1,3
42458,1,5.0,0.0,1,4
42462,2,3.0,1.4142135623730951,2,3
42464,1,5.0,0.0,1,2
42465,1,2.0,0.0,1,4
42466,2,3.0,1.4142135623730951,2,3
42467,1,5.0,0.0,1,3
42473,1,4.0,0.0,1,2
42476,2,4.5,0.7071067811865476,2,3
42477,1,4.0,0.0,1,2
42478,1,5.0,0.0,1,3
42479,3,3.0,1.0,3,3
42481,1,5.0,0.0,1,4
42486,1,4.0,0.0,1,3
42487,1,5.0,0.0,1,3
42492,1,5.0,0.0,1,2
42493,2,3.5,0.7071067811865476,2,4
42494,1,4.0,0.0,1,4
42498,2,4.0,1.4142135623730951,2,2
42500,1,4.0,0.0,1,3
42502,1,5.0,0.0,1,4
42505,2,3.5,0.7071067811865476,1,5
42509,1,5.0,0.0,1,3
42510,4,5.0,0.0,4,2
42512,1,4.0,0.0,1,2
42514,4,5.0,0.0,2,4
42518,1,4.0,0.0,1,2
42520,1,5.0,0.0,1,4
42521,1,4.0,0.0,1,2
42522,1,2.0,0.0,1,5
42526,1,5.0,0.0,1,3
42528,1,5.0,0.0,1,4
42529,1,5.0,0.0,1,3
42531,1,4.0,0.0,1,2
42533,1,4.0,0.0,1,5
42535,1,4.0,0.0,1,4
42537,1,3.0,0.0,1,2
42538,1,2.0,0.0,1,4
42540,3,3.6666666666666665,0.5773502691896257,2,4
42541,2,4.5,0.7071067811865476,2,4
42542,1,5.0,0.0,1,4
42544,4,4.25,0.5,3,2
42546,1,5.0,0.0,1,3
42548,1,5.0,0.0,1,5
42550,1,4.0,0.0,1,3
42552,2,5.0,0.0,2,4
42554,1,3.0,0.0,1,2
42557,1,5.0,0.0,1,4
42558,1,4.0,0.0,1,4
42559,1,5.0,0.0,1,3
42560,1,5.0,0.0,1,3
42563,1,5.0,0.0,1,2
42564,1,2.0,0.0,1,2
42567,2,4.0,0.0,1,3
42572,1,5.0,0.0,1,3
42573,4,4.25,0.9574271077563381,4,4
42576,1,5.0,0.0,1,4
42577,1,3.0,0.0,1,5
42578,1,4.0,0.0,1,3
42584,1,5.0,0.0,1,3
42585,1,5.0,0.0,1,3
42586,1,1.0,0.0,1,3
42588,1,3.0,0.0,1,2
42590,1,5.0,0.0,1,3
42591,1,5.0,0.0,1,2
42598,1,5.0,0.0,1,3
42600,2,4.5,0.7071067811865476,1,3
42604,1,5.0,0.0,1,4
42610,1,3.0,0.0,1,2
42612,3,4.0,1.0,3,2
42615,1,5.0,0.0,1,2
42618,1,3.0,0.0,1,4
42619,1,5.0,0.0,1,2
42626,1,5.0,0.0,1,4
42628,1,5.0,0.0,1,3
42629,2,3.5,0.7071067811865476,2,2
42631,2,2.5,0.7071067811865476,2,2
42633,2,4.0,0.0,2,2
42635,1,3.0,0.0,1,5
42636,1,4.0,0.0,1,3
42637,1,1.0,0.0,1,2
42641,1,5.0,0.0,1,3
42643,1,4.0,0.0,1,4
42646,1,4.0,0.0,1,4
42648,1,3.0,0.0,1,5
42651,1,4.0,0.0,1,3
42654,1,5.0,0.0,1,3
42656,2,5.0,0.0,2,2
42662,2,3.0,0.0,2,2
42663,1,5.0,0.0,1,5
42664,1,5.0,0.0,1,2
42667,1,5.0,0.0,1,2
42669,1,5.0,0.0,1,3
42672,1,4.0,0.0,1,3
42673,5,5.0,0.0,5,1
42676,1,5.0,0.0,1,5
42680,1,5.0,0.0,1,4
42682,1,4.0,0.0,1,2
42692,1,4.0,0.0,1,2
42697,1,5.0,0.0,1,4
42698,3,4.666666666666667,0.5773502691896257,3,2
42699,2,3.0,0.0,2,2
42704,1,1.0,0.0,1,2
42705,2,4.5,0.7071067811865476,2,5
42707,1,4.0,0.0,1,2
42709,1,5.0,0.0,1,2
42711,3,4.333333333333333,1.1547005383792517,3,2
42712,1,5.0,0.0,1,2
42713,1,4.0,0.0,1,5
42714,1,5.0,0.0,1,2
42717,1,4.0,0.0,1,2
42723,1,4.0,0.0,1,4
42733,1,4.0,0.0,1,2
42735,2,2.0,0.0,2,3
42736,1,3.0,0.0,1,5
42740,1,4.0,0.0,1,2
42746,2,3.5,2.1213203435596424,2,2
42747,3,5.0,0.0,3,2
42752,1,4.0,0.0,1,5
42755,1,5.0,0.0,1,4
42756,1,5.0,0.0,1,2
42757,1,5.0,0.0,1,4
42761,1,4.0,0.0,1,2
42765,2,4.5,0.7071067811865476,2,3
42767,1,5.0,0.0,1,2
42768,1,3.0,0.0,1,2
42772,1,3.0,0.0,1,2
42773,3,4.333333333333333,1.1547005383792515,3,2
42774,1,4.0,0.0,1,2
42776,1,5.0,0.0,1,2
42777,1,4.0,0.0,1,4
42778,1,3.0,0.0,1,2
42788,1,4.0,0.0,1,3
42790,1,5.0,0.0,1,2
42793,1,4.0,0.0,1,2
42795,2,4.5,0.7071067811865476,2,4
42799,1,5.0,0.0,1,2
42801,5,4.0,1.4142135623730951,4,2
42802,1,5.0,0.0,1,3
42803,1,5.0,0.0,1,4
42806,1,4.0,0.0,1,4
42808,1,5.0,0.0,1,2
42810,1,5.0,0.0,1,5
42812,1,5.0,0.0,1,2
42813,1,5.0,0.0,1,2
42815,1,4.0,0.0,1,3
42817,3,4.666666666666667,0.5773502691896257,3,2
42825,1,3.0,0.0,1,2
42828,1,4.0,0.0,1,4
42830,3,2.0,1.0,3,2
42831,1,4.0,0.0,1,4
42832,1,4.0,0.0,1,3
42833,2,4.5,0.7071067811865476,2,2
42834,2,3.5,0.7071067811865476,2,4
42836,1,4.0,0.0,1,2
42838,1,5.0,0.0,1,3
42839,3,3.6666666666666665,2.3094010767585034,3,2
42842,1,4.0,0.0,1,2
42846,1,4.0,0.0,1,4
42847,6,4.5,0.8366600265340756,2,2
42850,1,5.0,0.0,1,2
42852,5,3.4,1.51657508881031,2,2
42854,2,5.0,0.0,1,3
42858,1,4.0,0.0,1,5
42860,1,4.0,0.0,1,3
42862,1,4.0,0.0,1,2
42864,1,4.0,0.0,1,2
42865,1,4.0,0.0,1,4
42866,1,3.0,0.0,1,2
42868,1,4.0,0.0,1,2
42874,2,3.5,0.7071067811865476,1,5
42877,1,5.0,0.0,1,3
42880,1,4.0,0.0,1,2
42882,1,1.0,0.0,1,2
42883,2,4.0,0.0,2,5
42890,3,3.3333333333333335,1.1547005383792515,3,3
42891,1,1.0,0.0,1,2
42892,2,4.0,1.4142135623730951,2,3
42895,1,5.0,0.0,1,2
42897,1,5.0,0.0,1,2
42907,1,4.0,0.0,1,3
42908,2,4.5,0.7071067811865476,2,2
42909,1,4.0,0.0,1,4
42913,1,5.0,0.0,1,2
42914,1,4.0,0.0,1,2
42917,2,4.5,0.7071067811865476,2,2
42918,1,5.0,0.0,1,4
42921,1,4.0,0.0,1,2
42929,1,4.0,0.0,1,4
42934,1,4.0,0.0,1,4
42941,1,1.0,0.0,1,2
42942,1,5.0,0.0,1,3
42944,1,5.0,0.0,1,3
42945,2,4.0,1.4142135623730951,2,3
42947,2,4.0,1.4142135623730951,2,2
42950,2,4.5,0.7071067811865476,1,4
42952,1,4.0,0.0,1,3
42955,1,5.0,0.0,1,5
42956,1,4.0,0.0,1,4
42958,1,5.0,0.0,1,3
42961,1,2.0,0.0,1,4
42965,1,4.0,0.0,1,3
42968,1,5.0,0.0,1,4
42970,1,4.0,0.0,1,2
42974,1,2.0,0.0,1,2
42977,1,5.0,0.0,1,4
42979,1,4.0,0.0,1,2
42985,1,5.0,0.0,1,4
42986,8,4.625,0.7440238091428449,7,4
42992,1,5.0,0.0,1,2
42994,1,4.0,0.0,1,3
42996,1,4.0,0.0,1,3
43004,1,4.0,0.0,1,2
43005,2,5.0,0.0,2,3
43007,2,5.0,0.0,2,2
43010,2,5.0,0.0,2,2
43011,1,5.0,0.0,1,5
43013,2,5.0,0.0,2,3
43016,1,5.0,0.0,1,3
43024,1,5.0,0.0,1,1
43028,1,5.0,0.0,1,3
43032,2,4.0,0.0,2,3
43033,1,5.0,0.0,1,3
43039,1,4.0,0.0,1,3
43044,1,5.0,0.0,1,2
43050,2,4.0,1.4142135623730951,2,5
43051,1,5.0,0.0,1,4
43055,1,5.0,0.0,1,4
43057,3,3.6666666666666665,1.1547005383792515,3,4
43058,1,5.0,0.0,1,2
43061,1,5.0,0.0,1,4
43062,3,4.666666666666667,0.5773502691896258,3,3
43063,2,2.0,0.0,2,2
43065,1,5.0,0.0,1,3
43067,1,5.0,0.0,1,2
43070,1,5.0,0.0,1,2
43072,2,3.5,0.7071067811865476,2,2
43076,1,5.0,0.0,1,2
43079,1,5.0,0.0,1,4
43082,2,4.0,0.0,2,2
43084,1,5.0,0.0,1,2
43085,2,5.0,0.0,2,2
43089,1,5.0,0.0,1,3
43090,1,5.0,0.0,1,4
43093,1,4.0,0.0,1,4
43094,2,5.0,0.0,2,2
43095,1,2.0,0.0,1,2
43100,1,2.0,0.0,1,2
43103,1,4.0,0.0,1,3
43104,2,5.0,0.0,2,2
43107,1,5.0,0.0,1,5
43109,1,5.0,0.0,1,2
43111,3,3.0,1.0,3,2
43121,2,4.5,0.7071067811865476,1,2
43123,3,4.0,0.0,3,2
43127,2,4.5,0.7071067811865476,1,2
43130,1,5.0,0.0,1,3
43131,1,5.0,0.0,1,2
43132,1,5.0,0.0,1,2
43133,4,4.25,0.5,4,2
43136,1,5.0,0.0,1,2
43138,1,5.0,0.0,1,2
43139,2,4.0,1.4142135623730951,2,2
43140,1,5.0,0.0,1,2
43142,1,4.0,0.0,1,2
43145,1,5.0,0.0,1,3
43147,2,5.0,0.0,2,2
43152,1,4.0,0.0,1,2
43153,1,2.0,0.0,1,5
43155,2,5.0,0.0,2,3
43156,2,4.0,1.4142135623730951,2,2
43161,1,3.0,0.0,1,2
43164,1,5.0,0.0,1,5
43167,2,4.5,0.7071067811865476,1,4
43168,2,3.5,0.7071067811865476,2,3
43171,1,1.0,0.0,1,2
43172,1,5.0,0.0,1,4
43173,1,5.0,0.0,1,2
43176,2,4.5,0.7071067811865476,1,5
43177,1,5.0,0.0,1,3
43179,1,5.0,0.0,1,3
43180,2,4.5,0.7071067811865476,2,2
43182,1,5.0,0.0,1,4
43183,1,5.0,0.0,1,2
43187,2,4.5,0.7071067811865476,2,3
43195,1,4.0,0.0,1,3
43197,1,4.0,0.0,1,2
43199,1,5.0,0.0,1,4
43200,1,4.0,0.0,1,3
43203,1,4.0,0.0,1,3
43206,1,5.0,0.0,1,3
43209,1,4.0,0.0,1,5
43210,1,4.0,0.0,1,4
43212,1,5.0,0.0,1,2
43213,1,1.0,0.0,1,5
43214,1,4.0,0.0,1,3
43220,1,4.0,0.0,1,5
43223,1,2.0,0.0,1,5
43224,1,3.0,0.0,1,4
43225,1,4.0,0.0,1,4
43228,1,3.0,0.0,1,3
43230,2,5.0,0.0,2,2
43231,1,4.0,0.0,1,2
43233,3,3.6666666666666665,0.5773502691896258,3,2
43237,1,5.0,0.0,1,3
43242,2,5.0,0.0,2,4
43244,1,2.0,0.0,1,2
43245,1,5.0,0.0,1,2
43247,1,5.0,0.0,1,5
43249,3,4.666666666666667,0.5773502691896257,3,3
43251,3,4.333333333333333,0.5773502691896257,1,3
43253,2,3.5,0.7071067811865476,2,2
43254,1,4.0,0.0,1,3
43256,1,5.0,0.0,1,4
43262,1,3.0,0.0,1,4
43264,1,5.0,0.0,1,3
43269,1,3.0,0.0,1,3
43270,3,3.0,0.0,2,2
43273,2,1.5,0.7071067811865476,2,2
43274,3,3.6666666666666665,1.5275252316519465,3,2
43277,1,5.0,0.0,1,5
43278,1,5.0,0.0,1,5
43280,1,3.0,0.0,1,5
43282,2,5.0,0.0,1,2
43286,1,3.0,0.0,1,2
43288,1,4.0,0.0,1,3
43290,1,3.0,0.0,1,3
43295,1,4.0,0.0,1,3
43297,1,5.0,0.0,1,3
43298,2,4.5,0.7071067811865476,2,3
43300,1,3.0,0.0,1,2
43303,1,4.0,0.0,1,4
43304,3,3.3333333333333335,0.5773502691896258,3,2
43305,2,4.5,0.7071067811865476,2,2
43306,2,4.5,0.7071067811865476,2,2
43307,1,5.0,0.0,1,4
43308,1,4.0,0.0,1,3
43309,1,4.0,0.0,1,2
43311,1,4.0,0.0,1,4
43320,1,4.0,0.0,1,2
43321,1,4.0,0.0,1,2
43323,1,5.0,0.0,1,2
43328,1,5.0,0.0,1,3
43331,1,4.0,0.0,1,3
43333,1,3.0,0.0,1,4
43334,1,4.0,0.0,1,2
43335,2,4.5,0.7071067811865476,2,3
43336,1,5.0,0.0,1,2
43337,1,4.0,0.0,1,2
43338,2,5.0,0.0,2,5
43341,1,3.0,0.0,1,2
43342,1,4.0,0.0,1,4
43343,3,5.0,0.0,3,4
43345,1,4.0,0.0,1,4
43346,1,4.0,0.0,1,2
43347,1,5.0,0.0,1,4
43349,2,4.0,1.4142135623730951,2,3
43350,1,4.0,0.0,1,2
43351,2,3.5,0.7071067811865476,2,5
43352,1,4.0,0.0,1,4
43355,1,5.0,0.0,1,5
43356,1,4.0,0.0,1,2
43358,3,5.0,0.0,3,3
43360,1,4.0,0.0,1,5
43362,1,5.0,0.0,1,2
43363,1,5.0,0.0,1,2
43364,2,4.5,0.7071067811865476,2,3
43368,2,4.5,0.7071067811865476,2,2
43370,1,4.0,0.0,1,4
43377,1,1.0,0.0,1,2
43378,3,5.0,0.0,3,2
43379,1,5.0,0.0,1,4
43382,1,5.0,0.0,1,3
43383,1,5.0,0.0,1,3
43386,1,3.0,0.0,1,4
43390,1,5.0,0.0,1,2
43391,2,3.5,2.1213203435596424,2,2
43395,1,5.0,0.0,1,3
43397,1,4.0,0.0,1,2
43399,2,4.0,0.0,2,5
43403,2,4.0,1.4142135623730951,2,2
43407,4,4.5,0.5773502691896257,4,3
43409,1,5.0,0.0,1,5
43410,1,5.0,0.0,1,3
43412,1,5.0,0.0,1,3
43414,1,4.0,0.0,1,1
43416,1,5.0,0.0,1,4
43418,1,4.0,0.0,1,2
43424,1,5.0,0.0,1,2
43425,1,5.0,0.0,1,2
43428,1,5.0,0.0,1,4
43430,1,5.0,0.0,1,5
43431,1,4.0,0.0,1,3
43433,4,5.0,0.0,3,4
43434,1,4.0,0.0,1,2
43435,1,4.0,0.0,1,5
43439,1,4.0,0.0,1,3
43441,2,1.0,0.0,2,2
43442,1,5.0,0.0,1,3
43444,4,3.75,0.957427107756338,4,4
43447,1,5.0,0.0,1,3
43448,1,4.0,0.0,1,4
43452,1,5.0,0.0,1,3
43453,1,5.0,0.0,1,3
43454,1,5.0,0.0,1,2
43456,4,4.0,0.8164965809277259,2,2
43458,1,4.0,0.0,1,2
43461,1,5.0,0.0,1,4
43465,1,4.0,0.0,1,2
43467,1,4.0,0.0,1,4
43469,1,4.0,0.0,1,2
43470,1,4.0,0.0,1,2
43471,1,5.0,0.0,1,4
43478,3,4.666666666666667,0.5773502691896257,1,2
43487,1,5.0,0.0,1,4
43488,2,5.0,0.0,1,3
43490,1,5.0,0.0,1,3
43494,1,5.0,0.0,1,2
43495,1,4.0,0.0,1,3
43499,1,3.0,0.0,1,3
43501,2,4.0,1.4142135623730951,2,2
43504,1,5.0,0.0,1,2
43505,1,5.0,0.0,1,3
43509,1,4.0,0.0,1,5
43510,2,3.5,0.7071067811865476,2,3
43513,1,5.0,0.0,1,2
43515,2,4.5,0.7071067811865476,2,5
43516,1,5.0,0.0,1,5
43518,1,4.0,0.0,1,2
43529,2,4.5,0.7071067811865476,2,3
43536,1,4.0,0.0,1,3
43539,2,4.0,0.0,2,4
43540,2,3.5,0.7071067811865476,2,2
43543,2,3.5,2.1213203435596424,1,3
43544,1,5.0,0.0,1,4
43545,1,4.0,0.0,1,2
43549,2,3.0,0.0,2,3
43554,1,5.0,0.0,1,3
43559,1,4.0,0.0,1,3
43563,2,5.0,0.0,2,3
43564,1,5.0,0.0,1,4
43569,1,5.0,0.0,1,3
43571,2,4.0,1.4142135623730951,2,2
43572,2,5.0,0.0,2,3
43580,2,5.0,0.0,2,3
43582,1,4.0,0.0,1,3
43585,1,5.0,0.0,1,2
43586,2,4.0,1.4142135623730951,2,5
43590,1,4.0,0.0,1,5
43592,1,5.0,0.0,1,1
43593,1,4.0,0.0,1,2
43594,1,5.0,0.0,1,4
43596,1,3.0,0.0,1,5
43599,2,1.0,0.0,2,2
43601,1,1.0,0.0,1,2
43602,1,4.0,0.0,1,3
43603,1,4.0,0.0,1,3
43608,1,3.0,0.0,1,3
43611,3,3.0,1.0,3,2
43618,1,5.0,0.0,1,3
43619,1,5.0,0.0,1,4
43623,1,5.0,0.0,1,2
43624,1,3.0,0.0,1,3
43625,1,5.0,0.0,1,4
43629,1,4.0,0.0,1,2
43630,1,4.0,0.0,1,2
43632,1,5.0,0.0,1,2
43636,2,3.5,0.7071067811865476,2,4
43641,1,5.0,0.0,1,3
43642,1,5.0,0.0,1,4
43643,1,5.0,0.0,1,2
43652,2,5.0,0.0,2,2
43653,1,5.0,0.0,1,4
43654,1,5.0,0.0,1,2
43655,6,3.8333333333333335,0.408248290463863,1,4
43658,1,3.0,0.0,1,2
43660,1,4.0,0.0,1,2
43662,1,5.0,0.0,1,3
43663,1,5.0,0.0,1,3
43665,2,4.5,0.7071067811865476,2,3
43667,1,4.0,0.0,1,3
43668,3,4.333333333333333,1.1547005383792517,3,3
43670,5,4.8,0.44721359549995787,5,2
43672,1,3.0,0.0,1,2
43673,1,4.0,0.0,1,5
43674,1,5.0,0.0,1,4
43675,2,4.5,0.7071067811865476,2,2
43676,1,5.0,0.0,1,3
43677,2,4.5,0.7071067811865476,2,2
43680,1,5.0,0.0,1,3
43682,1,4.0,0.0,1,4
43683,1,5.0,0.0,1,3
43684,1,5.0,0.0,1,3
43686,1,5.0,0.0,1,2
43688,1,5.0,0.0,1,3
43690,2,4.5,0.7071067811865476,2,3
43694,1,3.0,0.0,1,3
43695,2,3.5,2.1213203435596424,2,4
43698,2,4.0,1.4142135623730951,2,2
43699,2,4.5,0.7071067811865476,2,2
43700,2,3.5,0.7071067811865476,2,3
43701,1,5.0,0.0,1,2
43706,1,5.0,0.0,1,3
43707,1,4.0,0.0,1,2
43709,2,5.0,0.0,1,2
43713,2,5.0,0.0,2,2
43714,2,5.0,0.0,2,2
43715,1,5.0,0.0,1,3
43716,1,5.0,0.0,1,3
43717,1,5.0,0.0,1,3
43720,1,5.0,0.0,1,2
43722,4,4.0,0.0,4,4
43724,1,4.0,0.0,1,4
43730,1,5.0,0.0,1,2
43731,1,4.0,0.0,1,2
43732,1,4.0,0.0,1,2
43733,5,3.8,0.8366600265340756,4,3
43734,1,4.0,0.0,1,3
43742,5,4.4,0.5477225575051662,4,3
43744,1,3.0,0.0,1,3
43746,1,4.0,0.0,1,3
43748,1,5.0,0.0,1,3
43749,1,4.0,0.0,1,4
43750,2,5.0,0.0,2,5
43752,1,4.0,0.0,1,3
43753,1,5.0,0.0,1,3
43755,1,3.0,0.0,1,5
43758,2,2.5,2.1213203435596424,1,2
43763,2,4.5,0.7071067811865476,2,5
43765,2,3.5,2.1213203435596424,2,2
43769,1,3.0,0.0,1,5
43770,2,2.5,0.7071067811865476,2,2
43771,1,5.0,0.0,1,3
43773,2,5.0,0.0,2,4
43774,2,3.5,0.7071067811865476,1,4
43776,1,5.0,0.0,1,5
43778,1,5.0,0.0,1,4
43782,1,4.0,0.0,1,2
43783,1,4.0,0.0,1,3
43785,1,3.0,0.0,1,4
43787,1,5.0,0.0,1,4
43789,1,3.0,0.0,1,2
43791,1,3.0,0.0,1,4
43794,1,3.0,0.0,1,4
43808,1,4.0,0.0,1,2
43809,1,5.0,0.0,1,2
43812,2,4.5,0.7071067811865476,2,2
43814,1,5.0,0.0,1,3
43817,2,5.0,0.0,2,2
43818,2,4.5,0.7071067811865476,2,2
43819,5,4.4,0.894427190999916,5,2
43821,1,5.0,0.0,1,4
43823,2,4.0,1.4142135623730951,1,4
43824,1,5.0,0.0,1,4
43829,2,4.0,0.0,2,2
43830,1,4.0,0.0,1,3
43833,1,4.0,0.0,1,2
43834,1,4.0,0.0,1,3
43836,2,5.0,0.0,2,4
43846,1,3.0,0.0,1,2
43848,1,5.0,0.0,1,2
43851,3,4.666666666666667,0.5773502691896258,2,2
43852,3,3.6666666666666665,0.5773502691896258,3,3
43855,1,5.0,0.0,1,2
43856,1,1.0,0.0,1,3
43861,1,5.0,0.0,1,1
43864,1,4.0,0.0,1,3
43865,2,4.0,0.0,2,2
43867,1,5.0,0.0,1,2
43870,1,4.0,0.0,1,3
43872,1,2.0,0.0,1,5
43877,3,3.6666666666666665,2.3094010767585034,3,3
43878,2,4.0,0.0,2,3
43881,2,4.0,0.0,1,3
43882,4,4.75,0.4999999999999999,4,4
43883,1,4.0,0.0,1,3
43885,2,5.0,0.0,2,2
43887,1,3.0,0.0,1,5
43888,1,5.0,0.0,1,5
43891,1,5.0,0.0,1,2
43896,1,4.0,0.0,1,3
43903,1,4.0,0.0,1,3
43908,1,4.0,0.0,1,2
43918,1,4.0,0.0,1,2
43919,1,5.0,0.0,1,3
43920,1,4.0,0.0,1,2
43925,1,3.0,0.0,1,2
43927,1,3.0,0.0,1,2
43928,1,4.0,0.0,1,3
43933,1,4.0,0.0,1,2
43936,1,3.0,0.0,1,2
43937,2,4.5,0.7071067811865476,1,5
43938,1,4.0,0.0,1,2
43940,3,4.333333333333333,1.1547005383792515,3,3
43941,1,5.0,0.0,1,3
43942,1,3.0,0.0,1,2
43945,2,4.5,0.7071067811865476,2,3
43946,1,3.0,0.0,1,2
43947,1,5.0,0.0,1,2
43949,1,5.0,0.0,1,2
43951,1,3.0,0.0,1,2
43952,1,3.0,0.0,1,3
43953,1,4.0,0.0,1,3
43954,5,3.2,0.8366600265340756,4,5
43955,2,4.0,0.0,2,4
43958,1,4.0,0.0,1,5
43959,1,4.0,0.0,1,3
43961,1,5.0,0.0,1,2
43963,1,5.0,0.0,1,3
43966,2,4.0,0.0,2,2
43975,3,4.333333333333333,0.5773502691896257,3,2
43980,1,4.0,0.0,1,4
43986,1,3.0,0.0,1,2
43987,1,5.0,0.0,1,5
43989,1,5.0,0.0,1,2
43991,9,4.555555555555555,0.5270462766947299,6,2
43992,4,5.0,0.0,3,2
43993,2,4.0,0.0,2,4
43995,1,5.0,0.0,1,3
43996,1,4.0,0.0,1,3
43999,2,3.0,2.8284271247461903,2,4
44001,2,5.0,0.0,1,2
44007,3,2.6666666666666665,1.1547005383792515,3,4
44008,2,4.5,0.7071067811865476,2,2
44013,1,5.0,0.0,1,5
44014,13,4.3076923076923075,0.6304251719561152,4,2
44015,21,4.095238095238095,0.8309489698388165,10,2
44016,1,3.0,0.0,1,3
44017,1,5.0,0.0,1,1
44019,6,3.5,1.378404875209022,5,1
44021,1,4.0,0.0,1,2
44028,2,5.0,0.0,2,2
44031,4,5.0,0.0,4,2
44033,2,4.5,0.7071067811865476,1,2
44034,1,4.0,0.0,1,2
44035,1,4.0,0.0,1,3
44042,1,4.0,0.0,1,4
44043,1,2.0,0.0,1,3
44045,2,3.5,0.7071067811865476,2,2
44052,2,4.0,0.0,2,2
44055,3,4.0,0.0,3,2
44058,9,4.444444444444445,1.3333333333333333,5,2
44060,1,1.0,0.0,1,2
44062,2,3.5,0.7071067811865476,2,3
44063,1,3.0,0.0,1,2
44064,2,5.0,0.0,2,2
44065,1,3.0,0.0,1,2
44071,1,5.0,0.0,1,5
44075,1,5.0,0.0,1,2
44076,1,4.0,0.0,1,2
44078,1,4.0,0.0,1,1
44079,1,5.0,0.0,1,2
44084,1,4.0,0.0,1,3
44085,6,3.3333333333333335,1.505545305418162,4,3
44086,1,2.0,0.0,1,2
44087,1,5.0,0.0,1,2
44088,1,3.0,0.0,1,2
44092,1,4.0,0.0,1,3
44094,1,5.0,0.0,1,2
44095,11,4.0,0.7745966692414835,7,2
44098,1,5.0,0.0,1,2
44099,2,2.0,0.0,2,3
44106,1,3.0,0.0,1,2
44108,4,4.25,1.5,4,2
44109,1,5.0,0.0,1,3
44114,1,4.0,0.0,1,2
44116,2,4.5,0.7071067811865476,2,3
44121,1,4.0,0.0,1,3
44122,1,5.0,0.0,1,2
44123,1,5.0,0.0,1,2
44125,1,3.0,0.0,1,4
44126,1,5.0,0.0,1,4
44127,2,4.0,0.0,2,4
44131,1,3.0,0.0,1,2
44132,1,1.0,0.0,1,4
44134,1,5.0,0.0,1,2
44135,1,3.0,0.0,1,2
44138,3,3.6666666666666665,0.5773502691896258,3,2
44141,1,5.0,0.0,1,4
44146,1,5.0,0.0,1,4
44147,3,4.333333333333333,1.1547005383792515,2,4
44153,1,3.0,0.0,1,3
44154,1,5.0,0.0,1,2
44164,2,3.5,0.7071067811865476,1,3
44165,1,1.0,0.0,1,2
44167,3,4.333333333333333,1.1547005383792517,3,3
44168,2,5.0,0.0,2,3
44169,1,4.0,0.0,1,2
44170,2,3.0,1.4142135623730951,2,5
44172,1,4.0,0.0,1,1
44174,1,4.0,0.0,1,3
44176,1,4.0,0.0,1,4
44177,1,5.0,0.0,1,4
44182,1,5.0,0.0,1,2
44184,1,5.0,0.0,1,4
44189,1,5.0,0.0,1,4
44190,1,4.0,0.0,1,5
44193,3,4.666666666666667,0.5773502691896257,3,4
44194,4,2.75,0.5,3,2
44195,2,5.0,0.0,2,2
44199,1,4.0,0.0,1,4
44203,1,5.0,0.0,1,3
44204,3,4.666666666666667,0.5773502691896258,3,4
44213,1,5.0,0.0,1,3
44215,3,3.3333333333333335,1.1547005383792515,2,5
44216,1,3.0,0.0,1,3
44222,2,4.5,0.7071067811865476,1,1
44223,1,5.0,0.0,1,2
44224,2,4.5,0.7071067811865476,2,2
44226,1,5.0,0.0,1,3
44229,1,4.0,0.0,1,4
44230,1,4.0,0.0,1,2
44231,1,5.0,0.0,1,2
44234,1,5.0,0.0,1,5
44235,1,1.0,0.0,1,3
44237,1,3.0,0.0,1,2
44238,1,2.0,0.0,1,3
44243,1,5.0,0.0,1,5
44244,1,5.0,0.0,1,3
44247,2,4.0,0.0,2,3
44248,3,4.0,1.0,3,3
44249,2,4.5,0.7071067811865476,2,3
44252,1,2.0,0.0,1,3
44255,1,5.0,0.0,1,3
44260,4,4.5,0.5773502691896257,3,3
44263,1,5.0,0.0,1,3
44265,3,4.0,1.0,2,2
44270,3,4.666666666666667,0.5773502691896257,3,5
44273,1,5.0,0.0,1,4
44275,3,4.666666666666667,0.5773502691896257,2,3
44276,1,3.0,0.0,1,5
44279,1,5.0,0.0,1,4
44282,3,4.666666666666667,0.5773502691896258,2,3
44289,1,5.0,0.0,1,2
44292,2,3.5,0.7071067811865476,2,3
44294,2,4.5,0.7071067811865476,2,2
44300,1,5.0,0.0,1,2
44303,1,3.0,0.0,1,2
44305,1,5.0,0.0,1,3
44311,1,5.0,0.0,1,2
44312,1,5.0,0.0,1,3
44314,2,5.0,0.0,2,4
44318,1,3.0,0.0,1,2
44321,4,4.25,0.9574271077563382,2,2
44322,1,2.0,0.0,1,2
44323,1,5.0,0.0,1,2
44324,4,3.75,1.2583057392117916,3,2
44327,1,5.0,0.0,1,3
44331,1,4.0,0.0,1,2
44334,1,4.0,0.0,1,2
44339,2,3.5,0.7071067811865476,2,2
44343,1,3.0,0.0,1,4
44344,1,5.0,0.0,1,3
44348,1,3.0,0.0,1,4
44350,1,3.0,0.0,1,3
44352,1,3.0,0.0,1,3
44354,1,5.0,0.0,1,3
44357,2,3.5,2.1213203435596424,2,3
44358,3,3.6666666666666665,0.5773502691896258,1,2
44363,1,5.0,0.0,1,4
44366,1,4.0,0.0,1,2
44372,2,4.0,0.0,1,2
44374,1,3.0,0.0,1,2
44375,2,3.5,0.7071067811865476,1,4
44378,4,4.25,0.5,4,4
44381,1,3.0,0.0,1,2
44383,2,3.0,1.4142135623730951,1,2
44384,1,4.0,0.0,1,3
44385,1,5.0,0.0,1,3
44388,3,4.333333333333333,0.5773502691896257,2,2
44392,1,5.0,0.0,1,2
44396,1,5.0,0.0,1,2
44398,1,5.0,0.0,1,2
44403,3,3.6666666666666665,1.5275252316519465,1,3
44409,1,4.0,0.0,1,3
44410,1,4.0,0.0,1,4
44414,1,5.0,0.0,1,2
44418,1,5.0,0.0,1,5
44419,4,4.25,0.9574271077563381,3,2
44421,1,5.0,0.0,1,2
44424,1,4.0,0.0,1,2
44426,1,5.0,0.0,1,3
44428,2,4.0,1.4142135623730951,2,3
44429,2,4.0,1.4142135623730951,2,2
44431,2,5.0,0.0,2,2
44434,2,3.5,0.7071067811865476,2,2
44437,1,2.0,0.0,1,2
44445,1,5.0,0.0,1,4
44449,1,5.0,0.0,1,4
44450,1,3.0,0.0,1,3
44453,1,4.0,0.0,1,2
44456,1,5.0,0.0,1,3
44458,1,4.0,0.0,1,2
44460,1,2.0,0.0,1,2
44467,1,4.0,0.0,1,4
44468,1,5.0,0.0,1,3
44470,1,5.0,0.0,1,3
44472,1,5.0,0.0,1,2
44473,1,4.0,0.0,1,4
44475,1,5.0,0.0,1,3
44484,1,1.0,0.0,1,1
44485,1,4.0,0.0,1,4
44500,1,5.0,0.0,1,3
44501,1,4.0,0.0,1,2
44503,3,3.0,2.0,3,2
44507,1,5.0,0.0,1,2
44508,3,4.333333333333333,1.1547005383792517,3,2
44509,1,4.0,0.0,1,2
44510,2,4.0,0.0,2,2
44513,1,4.0,0.0,1,3
44514,1,3.0,0.0,1,3
44529,1,4.0,0.0,1,2
44530,1,4.0,0.0,1,2
44534,1,4.0,0.0,1,3
44535,4,3.75,1.2583057392117916,2,2
44536,1,2.0,0.0,1,2
44537,3,3.6666666666666665,1.1547005383792515,3,3
44539,2,4.0,0.0,2,2
44541,2,4.5,0.7071067811865476,2,2
44544,4,4.75,0.5,4,2
44545,2,4.5,0.7071067811865476,2,3
44546,2,3.5,0.7071067811865476,2,2
44548,1,2.0,0.0,1,3
44552,1,3.0,0.0,1,4
44557,5,3.6,0.8944271909999159,5,2
44558,1,4.0,0.0,1,2
44561,1,4.0,0.0,1,2
44562,2,4.0,0.0,2,2
44565,1,5.0,0.0,1,3
44569,2,3.5,0.7071067811865476,2,2
44571,1,4.0,0.0,1,2
44572,1,3.0,0.0,1,3
44573,1,5.0,0.0,1,2
44574,6,4.0,0.8944271909999159,1,2
44575,1,5.0,0.0,1,4
44576,1,2.0,0.0,1,3
44578,1,5.0,0.0,1,2
44583,1,5.0,0.0,1,2
44584,1,3.0,0.0,1,2
44585,2,3.5,0.7071067811865476,1,2
44586,1,5.0,0.0,1,3
44587,1,5.0,0.0,1,3
44588,1,5.0,0.0,1,4
44590,1,1.0,0.0,1,2
44592,1,5.0,0.0,1,2
44603,3,4.333333333333333,1.1547005383792515,3,3
44609,1,5.0,0.0,1,2
44610,1,4.0,0.0,1,4
44611,2,3.5,0.7071067811865476,2,2
44615,1,3.0,0.0,1,2
44616,4,5.0,0.0,3,2
44632,1,4.0,0.0,1,4
44634,1,2.0,0.0,1,2
44636,1,5.0,0.0,1,3
44637,1,5.0,0.0,1,4
44640,2,4.0,0.0,2,2
44643,1,3.0,0.0,1,2
44645,1,5.0,0.0,1,4
44650,1,5.0,0.0,1,2
44651,1,5.0,0.0,1,4
44656,3,4.333333333333333,0.5773502691896257,3,2
44657,1,3.0,0.0,1,2
44661,2,5.0,0.0,2,2
44665,2,4.0,0.0,2,3
44670,1,5.0,0.0,1,2
44673,1,4.0,0.0,1,5
44674,2,4.5,0.7071067811865476,2,2
44675,1,4.0,0.0,1,4
44680,2,3.0,1.4142135623730951,2,2
44683,1,4.0,0.0,1,5
44684,4,4.5,0.5773502691896257,4,4
44690,1,5.0,0.0,1,2
44691,2,4.0,0.0,2,3
44694,1,5.0,0.0,1,2
44696,1,5.0,0.0,1,3
44698,1,3.0,0.0,1,4
44699,1,5.0,0.0,1,3
44701,1,5.0,0.0,1,2
44702,2,4.5,0.7071067811865476,2,3
44703,1,3.0,0.0,1,2
44704,1,4.0,0.0,1,4
44705,3,4.333333333333333,1.1547005383792515,3,2
44707,1,4.0,0.0,1,2
44709,1,5.0,0.0,1,4
44712,1,5.0,0.0,1,2
44716,1,5.0,0.0,1,2
44718,1,5.0,0.0,1,2
44719,2,4.5,0.7071067811865476,1,1
44720,1,5.0,0.0,1,4
44721,1,5.0,0.0,1,3
44722,1,4.0,0.0,1,4
44726,1,4.0,0.0,1,2
44729,2,4.0,0.0,2,3
44731,1,4.0,0.0,1,3
44734,1,5.0,0.0,1,2
44737,1,4.0,0.0,1,2
44745,1,3.0,0.0,1,4
44746,1,5.0,0.0,1,3
44747,1,3.0,0.0,1,4
44748,1,5.0,0.0,1,2
44752,1,4.0,0.0,1,2
44755,2,3.5,0.7071067811865476,1,5
44756,1,4.0,0.0,1,2
44759,1,1.0,0.0,1,3
44762,1,5.0,0.0,1,3
44764,1,5.0,0.0,1,2
44767,3,2.3333333333333335,1.5275252316519468,1,3
44769,1,4.0,0.0,1,2
44770,1,5.0,0.0,1,3
44771,1,5.0,0.0,1,3
44773,1,5.0,0.0,1,2
44775,2,4.0,0.0,2,2
44777,1,5.0,0.0,1,2
44778,1,5.0,0.0,1,4
44779,1,4.0,0.0,1,3
44783,2,4.0,1.4142135623730951,2,3
44784,1,1.0,0.0,1,2
44785,1,3.0,0.0,1,5
44787,3,3.6666666666666665,1.1547005383792517,3,4
44790,1,5.0,0.0,1,3
44791,2,4.5,0.7071067811865476,2,2
44797,1,2.0,0.0,1,3
44800,1,4.0,0.0,1,2
44802,1,5.0,0.0,1,3
44803,5,4.4,1.3416407864998738,3,3
44804,1,5.0,0.0,1,4
44807,2,5.0,0.0,2,4
44809,2,3.5,0.7071067811865476,2,4
44810,1,4.0,0.0,1,2
44811,7,3.0,1.5275252316519468,5,2
44813,1,3.0,0.0,1,2
44814,2,4.0,1.4142135623730951,1,4
44815,1,5.0,0.0,1,2
44817,1,5.0,0.0,1,2
44819,1,5.0,0.0,1,3
44821,1,5.0,0.0,1,4
44824,1,1.0,0.0,1,2
44828,1,4.0,0.0,1,4
44833,1,5.0,0.0,1,3
44834,1,5.0,0.0,1,3
44835,1,3.0,0.0,1,4
44836,1,4.0,0.0,1,2
44845,1,4.0,0.0,1,2
44848,3,4.666666666666667,0.5773502691896257,3,5
44849,3,3.6666666666666665,0.5773502691896257,3,3
44850,1,5.0,0.0,1,4
44851,1,4.0,0.0,1,2
44853,1,5.0,0.0,1,2
44854,2,4.0,1.4142135623730951,2,2
44868,1,5.0,0.0,1,5
44871,1,3.0,0.0,1,2
44873,1,4.0,0.0,1,4
44874,1,5.0,0.0,1,2
44875,2,4.0,0.0,2,4
44876,1,4.0,0.0,1,3
44879,1,3.0,0.0,1,2
44882,1,5.0,0.0,1,2
44885,1,5.0,0.0,1,2
44887,1,3.0,0.0,1,2
44891,1,4.0,0.0,1,3
44892,1,5.0,0.0,1,3
44895,1,5.0,0.0,1,2
44900,1,4.0,0.0,1,2
44903,2,4.0,1.4142135623730951,2,2
44909,1,4.0,0.0,1,4
44910,3,3.6666666666666665,0.5773502691896257,3,2
44912,1,5.0,0.0,1,3
44915,1,5.0,0.0,1,2
44917,1,5.0,0.0,1,3
44919,1,3.0,0.0,1,2
44920,1,4.0,0.0,1,2
44923,1,4.0,0.0,1,3
44925,1,4.0,0.0,1,2
44929,1,4.0,0.0,1,2
44930,1,5.0,0.0,1,2
44932,1,4.0,0.0,1,3
44935,1,4.0,0.0,1,2
44937,1,4.0,0.0,1,4
44938,1,4.0,0.0,1,2
44939,1,5.0,0.0,1,2
44941,1,3.0,0.0,1,2
44942,3,4.333333333333333,0.5773502691896257,2,3
44943,1,5.0,0.0,1,1
44948,3,3.0,1.7320508075688772,3,5
44949,1,5.0,0.0,1,5
44951,1,5.0,0.0,1,4
44952,1,5.0,0.0,1,3
44956,1,5.0,0.0,1,4
44957,1,5.0,0.0,1,3
44958,2,4.5,0.7071067811865476,2,2
44959,2,2.5,0.7071067811865476,1,5
44962,1,5.0,0.0,1,2
44963,1,5.0,0.0,1,2
44966,1,5.0,0.0,1,4
44972,1,5.0,0.0,1,5
44973,1,5.0,0.0,1,2
44975,1,5.0,0.0,1,3
44976,1,3.0,0.0,1,2
44978,1,5.0,0.0,1,3
44979,1,4.0,0.0,1,1
44980,1,2.0,0.0,1,2
44984,1,4.0,0.0,1,3
44987,1,5.0,0.0,1,4
44988,1,4.0,0.0,1,2
44989,1,4.0,0.0,1,4
44991,1,3.0,0.0,1,5
44992,3,5.0,0.0,3,4
44993,6,3.8333333333333335,1.4719601443879746,3,2
44995,1,5.0,0.0,1,3
44997,1,5.0,0.0,1,2
45002,1,5.0,0.0,1,3
45005,1,5.0,0.0,1,2
45006,1,3.0,0.0,1,3
45015,2,4.0,0.0,2,2
45019,1,4.0,0.0,1,2
45020,1,5.0,0.0,1,2
45021,1,4.0,0.0,1,4
45024,2,4.0,1.4142135623730951,1,3
45026,2,4.0,0.0,2,2
45030,1,5.0,0.0,1,5
45031,3,3.6666666666666665,0.5773502691896258,3,3
45032,2,4.5,0.7071067811865476,2,2
45034,1,3.0,0.0,1,2
45044,2,3.5,0.7071067811865476,1,3
45046,1,5.0,0.0,1,4
45048,1,4.0,0.0,1,5
45056,1,5.0,0.0,1,4
45058,1,5.0,0.0,1,3
45059,1,4.0,0.0,1,4
45065,1,5.0,0.0,1,2
45068,1,5.0,0.0,1,3
45069,1,3.0,0.0,1,4
45071,2,5.0,0.0,1,3
45079,1,3.0,0.0,1,3
45084,2,1.0,0.0,1,2
45085,1,5.0,0.0,1,3
45086,3,3.0,1.0,3,2
45088,1,3.0,0.0,1,3
45089,1,5.0,0.0,1,3
45091,4,4.25,1.5,4,3
45092,2,3.0,0.0,1,2
45095,1,4.0,0.0,1,2
45096,1,4.0,0.0,1,2
45099,1,5.0,0.0,1,3
45102,1,5.0,0.0,1,2
45103,1,5.0,0.0,1,4
45113,1,4.0,0.0,1,3
45114,1,3.0,0.0,1,3
45115,1,5.0,0.0,1,4
45116,1,4.0,0.0,1,4
45120,3,4.0,0.0,3,2
45121,1,5.0,0.0,1,4
45125,1,5.0,0.0,1,2
45126,1,4.0,0.0,1,2
45127,2,4.5,0.7071067811865476,1,2
45128,1,4.0,0.0,1,4
45129,1,5.0,0.0,1,2
45130,1,4.0,0.0,1,4
45133,1,5.0,0.0,1,4
45135,2,3.0,1.4142135623730951,2,2
45136,2,3.5,0.7071067811865476,1,4
45138,1,4.0,0.0,1,3
45149,2,4.5,0.7071067811865476,2,4
45157,3,5.0,0.0,2,3
45160,1,5.0,0.0,1,4
45164,1,5.0,0.0,1,3
45166,1,3.0,0.0,1,4
45171,1,5.0,0.0,1,2
45172,1,3.0,0.0,1,2
45173,1,5.0,0.0,1,2
45178,1,5.0,0.0,1,3
45182,2,4.0,1.4142135623730951,2,2
45185,1,5.0,0.0,1,2
45191,2,4.5,0.7071067811865476,2,2
45192,2,3.5,0.7071067811865476,2,3
45193,1,5.0,0.0,1,3
45194,1,4.0,0.0,1,5
45195,1,2.0,0.0,1,3
45197,2,5.0,0.0,2,3
45200,1,5.0,0.0,1,2
45201,5,4.2,0.44721359549995787,3,2
45202,1,4.0,0.0,1,2
45203,1,1.0,0.0,1,4
45207,1,5.0,0.0,1,3
45208,1,5.0,0.0,1,2
45209,1,5.0,0.0,1,2
45210,3,4.0,1.0,3,3
45211,1,3.0,0.0,1,5
45213,4,3.5,1.0,4,2
45216,1,4.0,0.0,1,2
45217,1,5.0,0.0,1,2
45218,1,5.0,0.0,1,2
45219,5,4.6,0.8944271909999159,4,3
45221,1,3.0,0.0,1,4
45223,1,3.0,0.0,1,4
45226,1,4.0,0.0,1,2
45229,2,5.0,0.0,2,3
45230,1,4.0,0.0,1,4
45232,2,5.0,0.0,2,2
45234,4,4.0,0.816496580927726,4,2
45235,2,5.0,0.0,2,3
45236,1,5.0,0.0,1,4
45237,9,3.888888888888889,1.0540925533894596,6,2
45240,1,3.0,0.0,1,4
45246,1,5.0,0.0,1,4
45249,1,5.0,0.0,1,3
45250,1,5.0,0.0,1,3
45252,1,5.0,0.0,1,2
45253,1,5.0,0.0,1,2
45262,1,5.0,0.0,1,3
45263,1,5.0,0.0,1,4
45267,1,5.0,0.0,1,5
45274,1,3.0,0.0,1,2
45276,1,4.0,0.0,1,3
45293,1,5.0,0.0,1,3
45296,1,5.0,0.0,1,3
45298,1,5.0,0.0,1,4
45300,2,4.0,1.4142135623730951,2,2
45304,1,5.0,0.0,1,3
45310,2,4.0,1.4142135623730951,1,4
45313,1,3.0,0.0,1,4
45315,1,3.0,0.0,1,3
45319,1,3.0,0.0,1,3
45321,2,5.0,0.0,1,4
45322,2,3.5,0.7071067811865476,1,4
45323,1,4.0,0.0,1,2
45324,1,5.0,0.0,1,2
45325,1,5.0,0.0,1,1
45329,1,4.0,0.0,1,4
45331,2,4.5,0.7071067811865476,2,4
45333,1,3.0,0.0,1,2
45339,2,3.5,0.7071067811865476,1,5
45346,1,5.0,0.0,1,3
45348,1,4.0,0.0,1,4
45355,2,2.5,0.7071067811865476,2,2
45356,1,4.0,0.0,1,3
45358,1,5.0,0.0,1,3
45359,2,4.0,0.0,2,4
45363,1,5.0,0.0,1,3
45364,1,3.0,0.0,1,2
45368,1,5.0,0.0,1,4
45370,1,4.0,0.0,1,4
45371,1,3.0,0.0,1,2
45372,1,3.0,0.0,1,2
45373,1,3.0,0.0,1,3
45374,1,3.0,0.0,1,2
45378,3,4.0,1.0,3,2
45380,1,3.0,0.0,1,3
45381,1,5.0,0.0,1,4
45382,1,5.0,0.0,1,3
45383,5,4.8,0.4472135954999579,3,4
45384,1,5.0,0.0,1,4
45389,1,3.0,0.0,1,2
45391,6,3.8333333333333335,1.6020819787597222,3,2
45397,1,5.0,0.0,1,2
45399,1,5.0,0.0,1,5
45400,1,5.0,0.0,1,2
45401,2,5.0,0.0,2,2
45404,1,2.0,0.0,1,5
45405,1,3.0,0.0,1,4
45407,2,5.0,0.0,2,5
45408,1,4.0,0.0,1,2
45410,1,5.0,0.0,1,2
45415,4,4.25,0.9574271077563381,4,2
45420,1,4.0,0.0,1,3
45422,1,3.0,0.0,1,5
45423,2,3.5,0.7071067811865476,2,2
45424,1,5.0,0.0,1,2
45425,1,5.0,0.0,1,2
45428,1,5.0,0.0,1,2
45429,1,5.0,0.0,1,5
45432,2,4.5,0.7071067811865476,2,2
45436,1,5.0,0.0,1,3
45437,1,5.0,0.0,1,2
45442,1,5.0,0.0,1,1
45445,1,4.0,0.0,1,4
45446,2,3.5,0.7071067811865476,2,3
45447,1,3.0,0.0,1,2
45450,1,4.0,0.0,1,2
45452,2,5.0,0.0,2,2
45457,1,5.0,0.0,1,3
45458,1,5.0,0.0,1,3
45461,1,4.0,0.0,1,2
45462,2,5.0,0.0,2,2
45463,1,5.0,0.0,1,3
45465,2,3.5,0.7071067811865476,2,2
45480,1,5.0,0.0,1,3
45483,1,3.0,0.0,1,2
45484,1,5.0,0.0,1,3
45490,1,5.0,0.0,1,3
45492,3,4.333333333333333,0.5773502691896257,3,4
45494,3,4.0,1.0,2,4
45495,1,4.0,0.0,1,2
45496,1,1.0,0.0,1,2
45498,1,5.0,0.0,1,2
45501,1,5.0,0.0,1,3
45502,1,4.0,0.0,1,2
45510,1,4.0,0.0,1,3
45511,1,3.0,0.0,1,3
45512,1,5.0,0.0,1,3
45517,2,4.0,1.4142135623730951,2,2
45521,2,3.5,0.7071067811865476,2,2
45522,1,4.0,0.0,1,5
45525,1,5.0,0.0,1,3
45526,1,5.0,0.0,1,2
45528,1,4.0,0.0,1,3
45531,1,3.0,0.0,1,4
45532,1,5.0,0.0,1,2
45533,1,3.0,0.0,1,2
45534,1,4.0,0.0,1,3
45539,5,3.0,1.5811388300841898,1,2
45540,1,5.0,0.0,1,2
45542,1,3.0,0.0,1,3
45545,1,5.0,0.0,1,2
45548,1,4.0,0.0,1,5
45549,2,3.5,0.7071067811865476,2,4
45553,2,5.0,0.0,2,1
45556,1,4.0,0.0,1,3
45557,1,3.0,0.0,1,2
45561,1,4.0,0.0,1,2
45564,2,4.5,0.7071067811865476,2,2
45567,1,5.0,0.0,1,4
45570,2,3.0,0.0,2,2
45571,2,5.0,0.0,1,3
45573,2,2.5,0.7071067811865476,2,2
45574,1,3.0,0.0,1,2
45575,2,5.0,0.0,2,2
45580,2,3.0,0.0,2,4
45582,1,4.0,0.0,1,4
45583,1,5.0,0.0,1,2
45586,1,1.0,0.0,1,4
45587,1,5.0,0.0,1,2
45592,1,5.0,0.0,1,2
45593,1,4.0,0.0,1,2
45594,1,4.0,0.0,1,2
45597,3,4.0,1.0,1,2
45599,1,5.0,0.0,1,4
45601,1,5.0,0.0,1,2
45602,1,4.0,0.0,1,3
45603,1,4.0,0.0,1,3
45607,1,4.0,0.0,1,2
45610,5,3.8,1.3038404810405297,3,2
45611,2,3.5,0.7071067811865476,1,2
45612,3,3.3333333333333335,2.0816659994661326,3,4
45614,4,4.5,0.5773502691896257,2,2
45616,1,5.0,0.0,1,3
45620,1,5.0,0.0,1,2
45625,12,4.416666666666667,0.9962049198956219,7,2
45626,4,4.0,0.816496580927726,4,2
45629,1,5.0,0.0,1,3
45630,12,3.5833333333333335,0.9962049198956218,7,2
45633,3,3.0,2.0,2,2
45634,1,4.0,0.0,1,2
45636,1,3.0,0.0,1,2
45637,1,2.0,0.0,1,4
45639,1,4.0,0.0,1,2
45640,2,4.5,0.7071067811865476,2,2
45643,6,3.8333333333333335,1.4719601443879744,4,2
45644,2,4.5,0.7071067811865476,2,4
45645,1,4.0,0.0,1,4
45648,1,5.0,0.0,1,2
45649,1,5.0,0.0,1,2
45650,1,4.0,0.0,1,3
45652,1,4.0,0.0,1,3
45653,1,5.0,0.0,1,2
45659,1,5.0,0.0,1,2
45660,1,4.0,0.0,1,2
45667,3,4.0,0.0,3,2
45668,1,4.0,0.0,1,4
45669,1,4.0,0.0,1,2
45671,1,5.0,0.0,1,2
45672,2,4.0,0.0,1,2
45683,1,2.0,0.0,1,4
45691,1,5.0,0.0,1,3
45693,3,3.6666666666666665,0.5773502691896258,3,4
45707,5,4.2,0.8366600265340756,4,2
45708,1,5.0,0.0,1,4
45709,1,4.0,0.0,1,2
45710,1,5.0,0.0,1,2
45711,1,3.0,0.0,1,3
45714,1,5.0,0.0,1,2
45718,1,5.0,0.0,1,2
45725,1,3.0,0.0,1,2
45728,1,3.0,0.0,1,2
45732,2,4.5,0.7071067811865476,2,2
45734,1,1.0,0.0,1,3
45735,2,3.5,0.7071067811865476,1,1
45739,1,4.0,0.0,1,4
45740,1,5.0,0.0,1,3
45750,2,4.0,1.4142135623730951,2,4
45751,1,4.0,0.0,1,3
45753,1,5.0,0.0,1,3
45757,1,4.0,0.0,1,3
45758,2,4.5,0.7071067811865476,2,2
45760,2,4.5,0.7071067811865476,1,4
45767,1,3.0,0.0,1,2
45768,1,3.0,0.0,1,1
45769,3,4.0,1.0,3,4
45770,4,4.5,0.5773502691896257,3,2
45774,1,4.0,0.0,1,2
45778,1,5.0,0.0,1,4
45781,1,2.0,0.0,1,3
45783,1,5.0,0.0,1,3
45785,1,4.0,0.0,1,2
45786,1,5.0,0.0,1,2
45789,1,4.0,0.0,1,2
45790,1,4.0,0.0,1,2
45791,1,5.0,0.0,1,2
45792,1,3.0,0.0,1,2
45794,4,3.5,0.5773502691896257,4,3
45798,2,4.0,0.0,2,4
45800,2,4.5,0.7071067811865476,1,4
45804,1,5.0,0.0,1,2
45809,1,2.0,0.0,1,2
45817,2,4.5,0.7071067811865476,2,3
45818,1,5.0,0.0,1,3
45820,1,5.0,0.0,1,5
45823,1,5.0,0.0,1,2
45828,1,4.0,0.0,1,2
45830,1,5.0,0.0,1,3
45832,1,3.0,0.0,1,4
45833,1,1.0,0.0,1,3
45834,1,3.0,0.0,1,2
45841,1,5.0,0.0,1,2
45843,1,5.0,0.0,1,4
45845,1,5.0,0.0,1,2
45853,1,4.0,0.0,1,4
45854,1,3.0,0.0,1,2
45855,1,4.0,0.0,1,4
45856,1,4.0,0.0,1,4
45857,1,2.0,0.0,1,5
45858,2,4.0,0.0,2,3
45859,1,4.0,0.0,1,2
45860,1,5.0,0.0,1,2
45861,1,5.0,0.0,1,4
45866,1,5.0,0.0,1,4
45868,1,5.0,0.0,1,4
45869,2,4.0,0.0,2,2
45871,1,5.0,0.0,1,4
45872,1,3.0,0.0,1,2
45873,1,4.0,0.0,1,2
45877,1,4.0,0.0,1,2
45878,1,3.0,0.0,1,2
45883,1,3.0,0.0,1,3
45886,1,4.0,0.0,1,3
45891,1,5.0,0.0,1,2
45894,1,5.0,0.0,1,3
45896,2,5.0,0.0,2,3
45899,1,5.0,0.0,1,3
45900,3,3.3333333333333335,2.0816659994661326,3,2
45901,1,2.0,0.0,1,4
45902,1,5.0,0.0,1,3
45906,1,4.0,0.0,1,3
45907,1,4.0,0.0,1,4
45909,1,5.0,0.0,1,3
45912,1,3.0,0.0,1,3
45913,1,4.0,0.0,1,2
45914,1,5.0,0.0,1,2
45915,1,4.0,0.0,1,3
45921,1,4.0,0.0,1,4
45922,1,4.0,0.0,1,2
45924,1,5.0,0.0,1,2
45926,1,4.0,0.0,1,4
45929,1,1.0,0.0,1,3
45930,1,3.0,0.0,1,3
45932,1,5.0,0.0,1,2
45934,1,5.0,0.0,1,2
45937,1,4.0,0.0,1,3
45942,2,3.5,2.1213203435596424,1,3
45944,2,3.5,2.1213203435596424,2,2
45947,1,5.0,0.0,1,2
45948,1,3.0,0.0,1,2
45950,1,3.0,0.0,1,3
45954,4,4.0,0.0,3,3
45957,1,2.0,0.0,1,4
45958,2,5.0,0.0,2,5
45966,1,5.0,0.0,1,5
45968,1,5.0,0.0,1,3
45972,1,5.0,0.0,1,4
45973,1,5.0,0.0,1,1
45974,3,4.333333333333333,1.1547005383792517,3,2
45975,2,4.0,0.0,1,2
45976,1,5.0,0.0,1,2
45977,1,5.0,0.0,1,2
45978,1,5.0,0.0,1,4
45979,1,5.0,0.0,1,2
45980,2,4.5,0.7071067811865476,2,2
45981,1,5.0,0.0,1,2
45982,1,5.0,0.0,1,2
45984,1,5.0,0.0,1,4
45986,1,3.0,0.0,1,2
45990,1,1.0,0.0,1,3
45992,2,5.0,0.0,2,5
45993,1,3.0,0.0,1,3
45994,1,4.0,0.0,1,2
45995,1,3.0,0.0,1,2
46000,1,4.0,0.0,1,2
46002,1,3.0,0.0,1,5
46007,2,4.5,0.7071067811865476,2,2
46008,1,5.0,0.0,1,3
46013,1,5.0,0.0,1,3
46014,1,5.0,0.0,1,2
46016,1,5.0,0.0,1,2
46020,1,5.0,0.0,1,3
46021,1,5.0,0.0,1,2
46024,1,1.0,0.0,1,2
46027,1,5.0,0.0,1,2
46028,2,5.0,0.0,2,2
46030,1,5.0,0.0,1,4
46031,2,3.5,0.7071067811865476,2,3
46037,3,2.3333333333333335,1.1547005383792515,1,4
46040,1,5.0,0.0,1,2
46043,3,4.333333333333333,1.1547005383792515,3,3
46044,1,4.0,0.0,1,3
46048,1,5.0,0.0,1,2
46050,2,4.5,0.7071067811865476,2,4
46053,3,5.0,0.0,1,2
46054,1,4.0,0.0,1,3
46057,1,4.0,0.0,1,3
46059,1,5.0,0.0,1,3
46060,1,3.0,0.0,1,4
46062,4,4.75,0.4999999999999999,4,3
46063,1,5.0,0.0,1,2
46065,1,4.0,0.0,1,2
46070,5,4.4,0.5477225575051663,4,3
46072,1,4.0,0.0,1,3
46073,1,4.0,0.0,1,3
46074,3,4.666666666666667,0.5773502691896257,2,3
46075,1,4.0,0.0,1,2
46079,2,5.0,0.0,2,3
46080,1,1.0,0.0,1,5
46082,1,4.0,0.0,1,2
46084,1,5.0,0.0,1,2
46085,2,3.5,0.7071067811865476,2,2
46093,2,5.0,0.0,2,2
46104,1,5.0,0.0,1,3
46106,1,4.0,0.0,1,2
46109,1,5.0,0.0,1,2
46116,1,4.0,0.0,1,4
46118,1,4.0,0.0,1,3
46119,1,4.0,0.0,1,2
46120,2,5.0,0.0,2,5
46123,1,1.0,0.0,1,4
46124,1,4.0,0.0,1,3
46125,1,5.0,0.0,1,3
46127,1,4.0,0.0,1,3
46132,2,4.5,0.7071067811865476,2,2
46133,2,4.0,1.4142135623730951,2,2
46140,3,5.0,0.0,3,3
46142,2,3.5,0.7071067811865476,1,2
46145,1,5.0,0.0,1,2
46148,1,5.0,0.0,1,2
46153,1,5.0,0.0,1,2
46156,1,2.0,0.0,1,2
46158,1,5.0,0.0,1,3
46159,1,5.0,0.0,1,2
46161,1,5.0,0.0,1,3
46163,1,5.0,0.0,1,2
46164,2,4.0,1.4142135623730951,2,2
46170,1,5.0,0.0,1,2
46171,1,4.0,0.0,1,3
46174,1,3.0,0.0,1,4
46176,1,5.0,0.0,1,3
46177,1,5.0,0.0,1,4
46178,1,5.0,0.0,1,3
46181,1,3.0,0.0,1,5
46182,1,4.0,0.0,1,3
46192,1,5.0,0.0,1,2
46194,1,4.0,0.0,1,4
46195,1,2.0,0.0,1,2
46196,1,5.0,0.0,1,2
46198,1,5.0,0.0,1,2
46200,2,4.0,0.0,2,3
46202,1,3.0,0.0,1,2
46204,1,4.0,0.0,1,4
46205,1,4.0,0.0,1,2
46208,1,4.0,0.0,1,2
46212,1,5.0,0.0,1,4
46214,2,3.5,0.7071067811865476,2,3
46215,1,4.0,0.0,1,4
46220,2,5.0,0.0,1,1
46227,2,5.0,0.0,2,2
46228,1,5.0,0.0,1,3
46229,1,5.0,0.0,1,3
46230,1,5.0,0.0,1,2
46238,1,5.0,0.0,1,3
46239,1,5.0,0.0,1,3
46243,1,1.0,0.0,1,3
46246,1,3.0,0.0,1,3
46247,1,3.0,0.0,1,2
46248,1,4.0,0.0,1,4
46249,1,5.0,0.0,1,2
46250,3,4.333333333333333,0.5773502691896258,3,2
46257,1,4.0,0.0,1,2
46262,1,5.0,0.0,1,4
46263,5,2.8,0.447213595499958,5,3
46268,1,4.0,0.0,1,3
46271,1,5.0,0.0,1,2
46281,1,4.0,0.0,1,2
46282,2,4.0,0.0,2,2
46283,2,5.0,0.0,2,2
46285,1,5.0,0.0,1,2
46286,1,4.0,0.0,1,2
46288,2,4.5,0.7071067811865476,2,2
46291,1,5.0,0.0,1,5
46293,1,4.0,0.0,1,2
46295,1,5.0,0.0,1,5
46311,1,3.0,0.0,1,3
46313,1,4.0,0.0,1,1
46315,1,5.0,0.0,1,3
46316,2,5.0,0.0,2,2
46317,1,3.0,0.0,1,4
46318,2,4.0,1.4142135623730951,2,2
46319,1,4.0,0.0,1,4
46323,2,4.5,0.7071067811865476,2,3
46325,1,5.0,0.0,1,3
46328,2,4.0,0.0,2,2
46331,1,5.0,0.0,1,4
46332,1,5.0,0.0,1,2
46334,1,5.0,0.0,1,2
46339,2,4.5,0.7071067811865476,2,3
46340,1,5.0,0.0,1,2
46341,2,4.0,0.0,2,4
46342,1,5.0,0.0,1,3
46345,3,4.666666666666667,0.5773502691896258,3,4
46346,1,4.0,0.0,1,2
46348,2,4.0,0.0,2,2
46349,1,5.0,0.0,1,2
46352,1,5.0,0.0,1,2
46354,1,5.0,0.0,1,4
46357,1,4.0,0.0,1,4
46358,2,4.5,0.7071067811865476,2,3
46361,2,4.5,0.7071067811865476,2,2
46363,1,5.0,0.0,1,2
46374,1,5.0,0.0,1,4
46376,1,4.0,0.0,1,4
46379,1,5.0,0.0,1,2
46381,1,3.0,0.0,1,3
46382,1,5.0,0.0,1,3
46383,1,3.0,0.0,1,4
46384,1,5.0,0.0,1,2
46386,1,4.0,0.0,1,4
46390,1,5.0,0.0,1,2
46394,2,4.5,0.7071067811865476,2,2
46395,3,4.0,1.0,3,2
46396,2,3.0,1.4142135623730951,2,2
46399,1,3.0,0.0,1,3
46400,1,5.0,0.0,1,4
46401,1,5.0,0.0,1,4
46402,2,4.5,0.7071067811865476,2,3
46410,1,5.0,0.0,1,4
46414,1,3.0,0.0,1,2
46416,1,2.0,0.0,1,2
46417,1,3.0,0.0,1,2
46421,1,5.0,0.0,1,4
46422,1,3.0,0.0,1,5
46423,1,5.0,0.0,1,2
46425,1,5.0,0.0,1,2
46430,1,4.0,0.0,1,2
46431,2,4.5,0.7071067811865476,2,2
46433,2,4.5,0.7071067811865476,2,2
46435,1,5.0,0.0,1,5
46438,1,5.0,0.0,1,4
46439,1,5.0,0.0,1,2
46446,1,4.0,0.0,1,2
46447,1,5.0,0.0,1,3
46448,2,4.5,0.7071067811865476,2,4
46453,1,1.0,0.0,1,3
46455,1,5.0,0.0,1,2
46460,1,4.0,0.0,1,4
46464,1,2.0,0.0,1,2
46466,1,5.0,0.0,1,4
46471,4,5.0,0.0,3,4
46472,1,4.0,0.0,1,2
46473,1,5.0,0.0,1,3
46475,1,4.0,0.0,1,4
46476,1,5.0,0.0,1,3
46486,4,4.25,0.957427107756338,4,2
46487,1,5.0,0.0,1,2
46492,1,5.0,0.0,1,3
46497,5,3.8,1.7888543819998317,3,2
46505,1,3.0,0.0,1,4
46506,1,2.0,0.0,1,2
46509,1,3.0,0.0,1,4
46510,6,4.333333333333333,1.0327955589886444,6,2
46512,1,5.0,0.0,1,2
46513,1,5.0,0.0,1,4
46516,1,5.0,0.0,1,3
46517,1,1.0,0.0,1,3
46519,1,5.0,0.0,1,3
46520,1,5.0,0.0,1,2
46521,1,4.0,0.0,1,5
46526,1,5.0,0.0,1,2
46528,1,5.0,0.0,1,3
46532,1,5.0,0.0,1,2
46533,1,4.0,0.0,1,5
46534,1,5.0,0.0,1,3
46536,1,5.0,0.0,1,2
46537,2,5.0,0.0,1,2
46538,1,3.0,0.0,1,2
46539,1,5.0,0.0,1,2
46540,2,5.0,0.0,1,2
46541,3,4.333333333333333,0.5773502691896258,2,3
46544,1,4.0,0.0,1,4
46545,1,5.0,0.0,1,2
46547,1,5.0,0.0,1,4
46549,1,4.0,0.0,1,4
46553,2,4.5,0.7071067811865476,2,2
46554,1,4.0,0.0,1,2
46555,1,3.0,0.0,1,5
46556,1,5.0,0.0,1,2
46559,1,3.0,0.0,1,2
46560,1,5.0,0.0,1,3
46561,1,5.0,0.0,1,4
46562,1,5.0,0.0,1,2
46566,1,4.0,0.0,1,1
46567,1,3.0,0.0,1,2
46568,2,5.0,0.0,2,3
46569,1,5.0,0.0,1,4
46571,1,5.0,0.0,1,3
46573,1,4.0,0.0,1,2
46574,1,4.0,0.0,1,3
46577,1,5.0,0.0,1,3
46580,1,5.0,0.0,1,3
46581,1,4.0,0.0,1,2
46582,1,4.0,0.0,1,2
46583,5,4.4,0.8944271909999161,5,3
46595,1,5.0,0.0,1,2
46598,1,4.0,0.0,1,4
46601,2,3.5,0.7071067811865476,2,4
46602,2,4.5,0.7071067811865476,2,2
46603,1,5.0,0.0,1,3
46606,1,4.0,0.0,1,2
46610,1,5.0,0.0,1,2
46613,1,4.0,0.0,1,3
46619,1,4.0,0.0,1,2
46621,1,5.0,0.0,1,1
46623,1,5.0,0.0,1,4
46624,1,4.0,0.0,1,4
46625,1,5.0,0.0,1,3
46626,2,3.0,1.4142135623730951,2,2
46628,2,5.0,0.0,2,2
46633,3,4.0,1.0,3,3
46636,2,4.5,0.7071067811865476,2,2
46638,2,2.5,0.7071067811865476,1,2
46639,2,4.5,0.7071067811865476,1,2
46640,1,4.0,0.0,1,2
46642,2,4.5,0.7071067811865476,2,2
46643,1,5.0,0.0,1,4
46651,1,3.0,0.0,1,3
46655,1,4.0,0.0,1,4
46658,1,5.0,0.0,1,3
46659,2,4.5,0.7071067811865476,2,2
46662,3,3.6666666666666665,0.5773502691896257,2,2
46666,1,3.0,0.0,1,4
46671,2,5.0,0.0,1,3
46674,1,1.0,0.0,1,4
46676,2,4.0,1.4142135623730951,2,2
46679,1,5.0,0.0,1,4
46681,1,4.0,0.0,1,2
46683,2,4.0,1.4142135623730951,2,2
46684,1,3.0,0.0,1,4
46687,1,4.0,0.0,1,4
46689,1,4.0,0.0,1,2
46691,1,5.0,0.0,1,3
46692,1,4.0,0.0,1,2
46695,2,4.5,0.7071067811865476,1,2
46697,1,5.0,0.0,1,5
46699,1,3.0,0.0,1,3
46701,1,4.0,0.0,1,4
46702,1,4.0,0.0,1,4
46703,1,4.0,0.0,1,3
46704,1,4.0,0.0,1,2
46711,1,5.0,0.0,1,4
46712,1,4.0,0.0,1,3
46713,1,5.0,0.0,1,2
46715,1,1.0,0.0,1,2
46717,1,4.0,0.0,1,3
46718,2,3.0,0.0,2,2
46720,1,4.0,0.0,1,2
46721,2,3.5,0.7071067811865476,2,2
46726,1,5.0,0.0,1,2
46728,4,4.0,0.816496580927726,4,3
46730,1,5.0,0.0,1,2
46732,1,3.0,0.0,1,4
46736,1,5.0,0.0,1,4
46737,1,5.0,0.0,1,3
46738,1,5.0,0.0,1,2
46745,1,1.0,0.0,1,3
46751,1,5.0,0.0,1,2
46752,1,5.0,0.0,1,3
46758,1,5.0,0.0,1,3
46763,1,5.0,0.0,1,2
46764,1,5.0,0.0,1,3
46765,1,4.0,0.0,1,2
46767,2,4.0,0.0,2,2
46768,2,3.0,0.0,2,3
46770,1,3.0,0.0,1,2
46772,1,1.0,0.0,1,3
46773,1,5.0,0.0,1,4
46776,1,4.0,0.0,1,4
46777,1,2.0,0.0,1,3
46780,1,5.0,0.0,1,2
46782,1,3.0,0.0,1,4
46783,1,4.0,0.0,1,2
46786,1,4.0,0.0,1,3
46787,1,4.0,0.0,1,5
46789,1,3.0,0.0,1,2
46790,1,4.0,0.0,1,2
46791,2,5.0,0.0,2,3
46792,1,3.0,0.0,1,3
46793,1,3.0,0.0,1,5
46794,1,4.0,0.0,1,3
46796,1,4.0,0.0,1,3
46797,2,4.5,0.7071067811865476,2,4
46801,1,5.0,0.0,1,2
46802,1,4.0,0.0,1,3
46804,1,4.0,0.0,1,2
46805,2,3.5,0.7071067811865476,1,3
46807,1,3.0,0.0,1,3
46809,1,5.0,0.0,1,2
46810,1,4.0,0.0,1,2
46812,1,4.0,0.0,1,3
46814,1,5.0,0.0,1,3
46818,1,2.0,0.0,1,5
46821,1,5.0,0.0,1,2
46823,1,4.0,0.0,1,3
46826,1,5.0,0.0,1,3
46828,1,3.0,0.0,1,2
46836,2,3.0,1.4142135623730951,2,3
46837,1,1.0,0.0,1,4
46839,1,3.0,0.0,1,2
46841,1,4.0,0.0,1,2
46842,1,3.0,0.0,1,5
46844,1,3.0,0.0,1,4
46845,1,5.0,0.0,1,2
46846,1,5.0,0.0,1,3
46848,1,5.0,0.0,1,3
46849,1,5.0,0.0,1,3
46851,2,3.5,0.7071067811865476,2,3
46853,2,4.5,0.7071067811865476,2,5
46855,1,4.0,0.0,1,3
46859,4,3.0,0.0,4,3
46861,1,5.0,0.0,1,4
46863,2,4.5,0.7071067811865476,2,2
46869,2,3.0,2.8284271247461903,2,3
46870,3,2.6666666666666665,0.5773502691896258,3,2
46872,2,4.5,0.7071067811865476,2,4
46874,1,4.0,0.0,1,2
46875,1,4.0,0.0,1,2
46876,1,5.0,0.0,1,2
46879,1,5.0,0.0,1,3
46880,2,4.0,0.0,2,3
46881,1,3.0,0.0,1,2
46882,1,5.0,0.0,1,3
46888,1,5.0,0.0,1,3
46902,1,5.0,0.0,1,3
46903,1,2.0,0.0,1,2
46910,1,4.0,0.0,1,2
46913,8,4.125,0.83452296039628,3,5
46914,1,4.0,0.0,1,3
46916,1,3.0,0.0,1,2
46917,1,5.0,0.0,1,4
46918,1,4.0,0.0,1,2
46920,2,3.0,2.8284271247461903,2,2
46921,1,5.0,0.0,1,2
46922,1,5.0,0.0,1,4
46927,1,4.0,0.0,1,4
46929,1,5.0,0.0,1,3
46930,1,5.0,0.0,1,3
46938,1,3.0,0.0,1,4
46939,1,3.0,0.0,1,2
46944,1,5.0,0.0,1,4
46950,1,5.0,0.0,1,4
46952,1,4.0,0.0,1,3
46954,1,3.0,0.0,1,2
46957,1,4.0,0.0,1,3
46959,1,3.0,0.0,1,2
46960,2,5.0,0.0,2,2
46961,1,4.0,0.0,1,4
46962,2,5.0,0.0,2,2
46963,1,3.0,0.0,1,2
46967,2,5.0,0.0,2,2
46968,1,4.0,0.0,1,2
46969,6,4.166666666666667,0.40824829046386296,4,2
46970,1,1.0,0.0,1,2
46971,1,5.0,0.0,1,2
46975,1,4.0,0.0,1,3
46979,1,4.0,0.0,1,4
46984,2,4.0,1.4142135623730951,2,4
46987,1,4.0,0.0,1,3
46995,3,3.0,1.0,1,2
46996,1,4.0,0.0,1,3
46998,1,4.0,0.0,1,2
47000,2,5.0,0.0,2,4
47003,1,3.0,0.0,1,2
47004,2,4.5,0.7071067811865476,1,3
47009,2,4.0,0.0,2,3
47014,1,5.0,0.0,1,3
47015,2,5.0,0.0,2,3
47016,2,4.5,0.7071067811865476,2,2
47018,1,5.0,0.0,1,3
47025,2,4.0,1.4142135623730951,2,4
47026,1,4.0,0.0,1,3
47027,1,4.0,0.0,1,3
47029,1,4.0,0.0,1,2
47030,1,5.0,0.0,1,4
47031,1,5.0,0.0,1,2
47032,1,5.0,0.0,1,3
47033,1,5.0,0.0,1,3
47034,1,5.0,0.0,1,5
47035,1,5.0,0.0,1,4
47036,1,5.0,0.0,1,2
47038,1,5.0,0.0,1,3
47039,1,5.0,0.0,1,2
47042,1,5.0,0.0,1,4
47043,1,4.0,0.0,1,4
47044,4,4.25,0.4999999999999999,4,3
47047,2,5.0,0.0,1,2
47051,1,5.0,0.0,1,3
47052,1,5.0,0.0,1,4
47053,2,5.0,0.0,2,2
47054,1,5.0,0.0,1,4
47055,3,5.0,0.0,3,4
47057,2,2.5,2.1213203435596424,2,2
47058,1,5.0,0.0,1,2
47061,1,3.0,0.0,1,4
47063,1,5.0,0.0,1,2
47067,9,3.888888888888889,1.05409255338946,5,2
47068,1,5.0,0.0,1,3
47071,1,4.0,0.0,1,2
47073,1,4.0,0.0,1,2
47076,1,4.0,0.0,1,3
47086,2,4.0,1.4142135623730951,2,3
47087,1,5.0,0.0,1,3
47088,1,4.0,0.0,1,3
47092,8,4.25,0.7071067811865474,5,3
47100,3,3.6666666666666665,0.5773502691896258,3,2
47102,1,5.0,0.0,1,4
47103,1,5.0,0.0,1,2
47104,1,5.0,0.0,1,3
47106,1,5.0,0.0,1,4
47108,1,1.0,0.0,1,3
47116,1,4.0,0.0,1,3
47125,1,4.0,0.0,1,2
47126,1,5.0,0.0,1,5
47128,1,4.0,0.0,1,4
47129,1,4.0,0.0,1,2
47139,1,4.0,0.0,1,2
47140,2,4.0,0.0,2,3
47142,1,4.0,0.0,1,2
47145,1,4.0,0.0,1,3
47150,3,3.6666666666666665,1.1547005383792517,2,2
47151,1,5.0,0.0,1,2
47155,1,3.0,0.0,1,3
47158,1,4.0,0.0,1,2
47161,1,5.0,0.0,1,4
47163,2,3.5,0.7071067811865476,1,2
47164,3,5.0,0.0,2,2
47165,1,3.0,0.0,1,2
47166,1,5.0,0.0,1,2
47168,1,5.0,0.0,1,4
47174,1,1.0,0.0,1,5
47175,5,4.4,0.894427190999916,2,3
47177,1,5.0,0.0,1,2
47180,1,4.0,0.0,1,3
47182,1,5.0,0.0,1,2
47183,1,5.0,0.0,1,4
47185,1,5.0,0.0,1,4
47187,1,1.0,0.0,1,4
47191,1,5.0,0.0,1,3
47192,1,4.0,0.0,1,4
47194,1,5.0,0.0,1,3
47195,1,5.0,0.0,1,2
47196,1,5.0,0.0,1,3
47197,1,5.0,0.0,1,4
47198,1,5.0,0.0,1,2
47199,1,5.0,0.0,1,2
47201,1,3.0,0.0,1,2
47203,2,4.5,0.7071067811865476,2,3
47204,1,5.0,0.0,1,3
47208,1,5.0,0.0,1,3
47209,1,5.0,0.0,1,4
47212,1,3.0,0.0,1,4
47215,1,2.0,0.0,1,4
47216,4,4.25,0.5,3,2
47217,2,3.5,0.7071067811865476,2,4
47218,1,5.0,0.0,1,2
47219,1,5.0,0.0,1,4
47221,1,3.0,0.0,1,3
47223,3,4.666666666666667,0.5773502691896257,2,3
47225,1,5.0,0.0,1,2
47227,2,2.5,0.7071067811865476,1,2
47229,2,3.5,0.7071067811865476,2,4
47232,2,4.5,0.7071067811865476,2,2
47234,2,4.0,1.4142135623730951,2,3
47235,2,3.5,0.7071067811865476,2,2
47236,1,4.0,0.0,1,2
47237,1,5.0,0.0,1,3
47243,1,5.0,0.0,1,3
47244,3,4.333333333333333,0.5773502691896257,3,3
47245,1,4.0,0.0,1,3
47248,1,4.0,0.0,1,3
47250,1,5.0,0.0,1,3
47251,1,5.0,0.0,1,4
47255,1,2.0,0.0,1,3
47257,1,5.0,0.0,1,3
47260,1,5.0,0.0,1,2
47270,1,1.0,0.0,1,3
47272,1,4.0,0.0,1,2
47275,1,3.0,0.0,1,4
47280,1,5.0,0.0,1,3
47282,1,5.0,0.0,1,3
47285,1,3.0,0.0,1,4
47286,1,4.0,0.0,1,2
47287,1,5.0,0.0,1,3
47288,3,4.666666666666667,0.5773502691896258,3,3
47289,1,2.0,0.0,1,3
47291,2,4.5,0.7071067811865476,2,2
47292,2,5.0,0.0,1,3
47293,2,4.0,1.4142135623730951,2,3
47294,1,5.0,0.0,1,5
47295,1,4.0,0.0,1,2
47298,2,4.5,0.7071067811865476,2,4
47300,1,4.0,0.0,1,5
47305,1,5.0,0.0,1,2
47306,1,5.0,0.0,1,3
47307,1,1.0,0.0,1,4
47317,1,4.0,0.0,1,2
47323,3,3.0,1.0,3,4
47325,1,5.0,0.0,1,5
47328,1,4.0,0.0,1,3
47331,1,5.0,0.0,1,3
47333,1,2.0,0.0,1,4
47337,1,4.0,0.0,1,2
47339,6,3.1666666666666665,1.4719601443879746,1,2
47346,1,4.0,0.0,1,3
47347,1,5.0,0.0,1,2
47353,1,3.0,0.0,1,2
47358,1,5.0,0.0,1,3
47360,1,5.0,0.0,1,3
47368,5,4.4,0.5477225575051661,5,1
47370,3,5.0,0.0,2,5
47371,3,4.0,1.0,1,2
47372,1,3.0,0.0,1,5
47373,3,3.6666666666666665,0.5773502691896257,3,2
47376,2,4.5,0.7071067811865476,1,2
47380,1,4.0,0.0,1,2
47381,1,5.0,0.0,1,5
47383,1,3.0,0.0,1,3
47384,1,5.0,0.0,1,2
47387,2,5.0,0.0,2,2
47390,1,5.0,0.0,1,2
47392,1,4.0,0.0,1,5
47393,1,4.0,0.0,1,3
47394,1,5.0,0.0,1,2
47398,1,5.0,0.0,1,4
47401,2,4.0,0.0,2,2
47404,3,3.6666666666666665,0.5773502691896257,2,3
47407,3,3.3333333333333335,1.1547005383792515,1,4
47414,2,4.0,1.4142135623730951,2,2
47415,1,2.0,0.0,1,2
47417,1,5.0,0.0,1,2
47420,6,4.666666666666667,0.8164965809277261,5,4
47421,1,5.0,0.0,1,2
47423,2,4.0,1.4142135623730951,1,2
47426,2,4.5,0.7071067811865476,1,4
47427,4,4.0,1.4142135623730951,3,3
47428,1,5.0,0.0,1,2
47429,3,4.333333333333333,0.5773502691896257,1,2
47431,2,4.5,0.7071067811865476,2,3
47432,3,4.0,1.0,3,3
47436,1,4.0,0.0,1,2
47440,1,5.0,0.0,1,2
47442,1,5.0,0.0,1,3
47443,1,4.0,0.0,1,4
47445,1,5.0,0.0,1,3
47449,1,4.0,0.0,1,5
47450,1,4.0,0.0,1,2
47452,1,5.0,0.0,1,4
47454,1,4.0,0.0,1,3
47455,1,5.0,0.0,1,4
47456,1,3.0,0.0,1,3
47458,1,5.0,0.0,1,2
47459,1,5.0,0.0,1,3
47460,2,3.5,2.1213203435596424,2,4
47461,1,5.0,0.0,1,3
47463,1,5.0,0.0,1,2
47464,3,4.0,0.0,3,3
47467,1,5.0,0.0,1,3
47470,1,3.0,0.0,1,4
47472,1,5.0,0.0,1,2
47474,1,5.0,0.0,1,3
47478,1,4.0,0.0,1,2
47485,1,3.0,0.0,1,2
47487,3,4.333333333333333,0.5773502691896257,3,2
47489,5,3.4,1.1401754250991378,2,5
47492,1,3.0,0.0,1,4
47494,1,5.0,0.0,1,2
47499,1,4.0,0.0,1,2
47501,1,3.0,0.0,1,3
47504,1,5.0,0.0,1,2
47505,1,5.0,0.0,1,3
47506,1,5.0,0.0,1,5
47518,1,5.0,0.0,1,5
47519,1,5.0,0.0,1,3
47521,2,5.0,0.0,2,3
47522,1,2.0,0.0,1,2
47523,1,5.0,0.0,1,2
47524,1,4.0,0.0,1,2
47525,1,4.0,0.0,1,4
47527,1,4.0,0.0,1,3
47530,1,5.0,0.0,1,4
47531,1,3.0,0.0,1,1
47535,1,4.0,0.0,1,2
47538,6,4.0,0.6324555320336759,1,5
47542,1,3.0,0.0,1,5
47544,1,4.0,0.0,1,2
47547,1,5.0,0.0,1,2
47551,2,4.5,0.7071067811865476,2,2
47556,1,5.0,0.0,1,4
47558,1,4.0,0.0,1,3
47560,1,5.0,0.0,1,4
47563,1,1.0,0.0,1,3
47568,1,5.0,0.0,1,3
47574,1,4.0,0.0,1,3
47575,1,3.0,0.0,1,2
47577,2,4.0,0.0,2,2
47578,1,5.0,0.0,1,5
47580,1,3.0,0.0,1,4
47582,2,5.0,0.0,2,3
47590,1,4.0,0.0,1,4
47591,1,5.0,0.0,1,3
47592,1,4.0,0.0,1,4
47596,1,5.0,0.0,1,4
47598,2,4.5,0.7071067811865476,1,5
47600,1,4.0,0.0,1,3
47601,1,5.0,0.0,1,2
47602,1,5.0,0.0,1,1
47606,1,4.0,0.0,1,2
47607,1,5.0,0.0,1,3
47609,1,5.0,0.0,1,2
47610,1,4.0,0.0,1,3
47615,2,5.0,0.0,2,2
47618,1,5.0,0.0,1,4
47619,1,5.0,0.0,1,5
47622,2,4.5,0.7071067811865476,2,4
47624,1,3.0,0.0,1,3
47626,1,2.0,0.0,1,2
47627,1,4.0,0.0,1,2
47629,1,2.0,0.0,1,3
47630,2,4.5,0.7071067811865476,2,3
47631,2,3.5,0.7071067811865476,2,3
47632,1,4.0,0.0,1,4
47634,1,1.0,0.0,1,4
47638,2,2.0,1.4142135623730951,2,2
47641,1,4.0,0.0,1,2
47642,1,3.0,0.0,1,5
47647,2,3.0,2.8284271247461903,2,2
47649,1,5.0,0.0,1,1
47651,1,5.0,0.0,1,5
47652,1,4.0,0.0,1,3
47653,1,5.0,0.0,1,4
47656,1,1.0,0.0,1,3
47662,4,4.0,0.8164965809277259,3,2
47663,1,5.0,0.0,1,3
47664,1,5.0,0.0,1,3
47667,1,4.0,0.0,1,2
47668,1,5.0,0.0,1,2
47669,1,4.0,0.0,1,2
47674,1,5.0,0.0,1,3
47675,1,5.0,0.0,1,3
47677,1,5.0,0.0,1,2
47680,1,4.0,0.0,1,4
47682,1,5.0,0.0,1,4
47683,1,4.0,0.0,1,3
47684,1,5.0,0.0,1,1
47685,1,5.0,0.0,1,3
47687,1,5.0,0.0,1,2
47691,1,5.0,0.0,1,4
47692,1,2.0,0.0,1,4
47696,2,5.0,0.0,2,2
47697,1,5.0,0.0,1,2
47701,1,5.0,0.0,1,5
47702,1,4.0,0.0,1,2
47707,1,5.0,0.0,1,2
47708,1,3.0,0.0,1,2
47710,4,4.0,0.816496580927726,3,2
47711,2,4.5,0.7071067811865476,2,2
47712,1,3.0,0.0,1,4
47715,1,5.0,0.0,1,3
47716,1,4.0,0.0,1,4
47718,1,5.0,0.0,1,3
47720,1,5.0,0.0,1,4
47723,1,5.0,0.0,1,3
47724,1,4.0,0.0,1,3
47728,1,4.0,0.0,1,3
47733,1,5.0,0.0,1,5
47738,2,4.0,1.4142135623730951,2,2
47739,2,5.0,0.0,2,2
47740,2,4.0,0.0,1,2
47741,2,4.5,0.7071067811865476,1,2
47742,2,4.5,0.7071067811865476,2,5
47744,1,5.0,0.0,1,2
47745,1,5.0,0.0,1,4
47747,2,3.0,2.8284271247461903,2,4
47749,1,4.0,0.0,1,2
47752,1,5.0,0.0,1,2
47753,1,4.0,0.0,1,2
47754,1,5.0,0.0,1,3
47759,1,3.0,0.0,1,2
47761,2,3.5,2.1213203435596424,2,2
47766,1,3.0,0.0,1,2
47769,2,4.5,0.7071067811865476,2,2
47770,4,3.75,0.9574271077563382,3,4
47775,1,5.0,0.0,1,3
47777,1,4.0,0.0,1,5
47778,1,4.0,0.0,1,4
47779,2,4.0,1.4142135623730951,2,3
47780,2,3.5,0.7071067811865476,2,3
47781,1,4.0,0.0,1,3
47783,1,4.0,0.0,1,2
47784,2,5.0,0.0,2,4
47787,2,5.0,0.0,1,3
47789,1,3.0,0.0,1,2
47793,1,4.0,0.0,1,4
47795,2,5.0,0.0,2,3
47796,1,4.0,0.0,1,4
47802,2,4.5,0.7071067811865476,2,2
47803,1,4.0,0.0,1,3
47805,1,5.0,0.0,1,2
47806,1,5.0,0.0,1,2
47807,1,4.0,0.0,1,2
47808,3,4.0,1.0,3,2
47809,1,4.0,0.0,1,3
47814,1,5.0,0.0,1,4
47816,2,3.5,0.7071067811865476,1,3
47818,1,5.0,0.0,1,2
47828,1,5.0,0.0,1,5
47829,4,4.75,0.5,2,4
47830,2,4.5,0.7071067811865476,2,2
47841,1,3.0,0.0,1,4
47843,1,3.0,0.0,1,2
47849,1,5.0,0.0,1,2
47858,2,4.5,0.7071067811865476,2,2
47862,1,5.0,0.0,1,2
47863,1,3.0,0.0,1,3
47865,2,4.0,0.0,2,1
47867,1,4.0,0.0,1,3
47870,1,5.0,0.0,1,2
47871,2,4.5,0.7071067811865476,2,2
47875,1,4.0,0.0,1,4
47877,2,4.5,0.7071067811865476,2,2
47878,1,5.0,0.0,1,3
47881,1,5.0,0.0,1,5
47887,1,5.0,0.0,1,4
47890,1,4.0,0.0,1,3
47891,3,4.0,1.7320508075688772,3,4
47894,1,5.0,0.0,1,3
47896,1,4.0,0.0,1,3
47897,1,2.0,0.0,1,4
47898,1,4.0,0.0,1,2
47899,1,5.0,0.0,1,3
47901,3,3.0,1.0,1,4
47903,1,4.0,0.0,1,3
47904,1,5.0,0.0,1,3
47906,1,2.0,0.0,1,2
47911,1,5.0,0.0,1,5
47913,1,5.0,0.0,1,2
47914,1,5.0,0.0,1,2
47915,1,5.0,0.0,1,4
47916,1,4.0,0.0,1,3
47918,1,4.0,0.0,1,4
47924,2,4.5,0.7071067811865476,2,3
47926,2,5.0,0.0,2,4
47931,1,5.0,0.0,1,2
47936,2,3.0,2.8284271247461903,2,4
47938,1,5.0,0.0,1,4
47945,1,3.0,0.0,1,5
47947,1,3.0,0.0,1,4
47948,2,4.5,0.7071067811865476,2,2
47949,1,3.0,0.0,1,3
47950,1,4.0,0.0,1,3
47952,1,5.0,0.0,1,2
47953,1,2.0,0.0,1,2
47958,1,5.0,0.0,1,2
47959,2,4.5,0.7071067811865476,2,2
47962,1,5.0,0.0,1,4
47964,1,5.0,0.0,1,3
47965,1,5.0,0.0,1,3
47969,1,5.0,0.0,1,2
47971,1,5.0,0.0,1,2
47972,1,4.0,0.0,1,2
47979,1,3.0,0.0,1,4
47980,1,5.0,0.0,1,2
47981,2,4.5,0.7071067811865476,1,2
47984,1,5.0,0.0,1,3
47985,1,1.0,0.0,1,3
47986,1,5.0,0.0,1,3
47987,1,4.0,0.0,1,4
47990,1,5.0,0.0,1,2
47991,1,3.0,0.0,1,2
47993,2,3.0,0.0,2,3
47997,1,4.0,0.0,1,2
48000,3,3.6666666666666665,0.5773502691896258,3,2
48004,1,4.0,0.0,1,2
48005,5,4.0,0.0,2,4
48011,1,4.0,0.0,1,4
48015,1,4.0,0.0,1,2
48022,1,5.0,0.0,1,2
48024,1,5.0,0.0,1,5
48026,2,3.0,2.8284271247461903,2,3
48029,1,5.0,0.0,1,4
48034,3,4.333333333333333,0.5773502691896257,3,2
48038,7,4.571428571428571,0.7867957924694431,5,3
48039,1,4.0,0.0,1,3
48049,4,4.75,0.5,3,4
48055,1,5.0,0.0,1,2
48056,2,5.0,0.0,2,4
48060,1,3.0,0.0,1,2
48061,2,4.0,0.0,1,3
48065,1,5.0,0.0,1,2
48066,2,4.0,0.0,2,2
48073,2,3.5,0.7071067811865476,2,2
48077,1,5.0,0.0,1,3
48080,1,4.0,0.0,1,3
48082,1,4.0,0.0,1,3
48087,1,3.0,0.0,1,2
48091,1,3.0,0.0,1,4
48093,1,5.0,0.0,1,3
48094,1,5.0,0.0,1,4
48097,1,5.0,0.0,1,5
48099,2,4.0,1.4142135623730951,2,3
48105,1,5.0,0.0,1,2
48109,1,5.0,0.0,1,4
48110,1,5.0,0.0,1,2
48116,1,3.0,0.0,1,4
48118,3,5.0,0.0,3,2
48119,1,4.0,0.0,1,2
48122,1,3.0,0.0,1,2
48125,3,4.0,0.0,3,4
48126,1,3.0,0.0,1,4
48127,1,4.0,0.0,1,2
48128,1,5.0,0.0,1,3
48129,1,5.0,0.0,1,2
48131,1,3.0,0.0,1,4
48134,1,5.0,0.0,1,2
48135,1,2.0,0.0,1,4
48138,1,5.0,0.0,1,3
48141,1,4.0,0.0,1,4
48142,1,5.0,0.0,1,2
48144,1,5.0,0.0,1,2
48146,1,5.0,0.0,1,2
48150,2,4.5,0.7071067811865476,2,2
48151,1,4.0,0.0,1,2
48153,1,2.0,0.0,1,4
48154,1,5.0,0.0,1,2
48155,1,1.0,0.0,1,2
48156,2,3.5,0.7071067811865476,1,2
48159,1,4.0,0.0,1,2
48161,3,5.0,0.0,3,4
48164,1,4.0,0.0,1,2
48168,2,2.5,2.1213203435596424,2,2
48169,1,4.0,0.0,1,2
48170,1,4.0,0.0,1,2
48171,1,4.0,0.0,1,4
48172,1,4.0,0.0,1,2
48173,1,5.0,0.0,1,2
48174,1,5.0,0.0,1,4
48175,2,4.5,0.7071067811865476,1,3
48178,2,5.0,0.0,2,1
48179,1,5.0,0.0,1,2
48182,1,5.0,0.0,1,1
48183,1,2.0,0.0,1,3
48190,1,5.0,0.0,1,2
48196,2,4.0,0.0,2,2
48197,1,5.0,0.0,1,2
48203,1,4.0,0.0,1,2
48210,2,3.5,0.7071067811865476,1,2
48213,1,4.0,0.0,1,2
48214,2,5.0,0.0,1,3
48216,1,4.0,0.0,1,2
48218,1,5.0,0.0,1,4
48219,1,5.0,0.0,1,3
48220,2,4.5,0.7071067811865476,2,2
48221,1,3.0,0.0,1,4
48222,1,5.0,0.0,1,3
48223,1,5.0,0.0,1,4
48228,1,4.0,0.0,1,3
48229,1,5.0,0.0,1,4
48235,1,4.0,0.0,1,4
48242,2,4.5,0.7071067811865476,2,2
48243,2,3.5,0.7071067811865476,2,3
48244,2,5.0,0.0,2,3
48245,1,5.0,0.0,1,2
48247,1,5.0,0.0,1,2
48248,1,4.0,0.0,1,2
48252,1,3.0,0.0,1,3
48253,1,5.0,0.0,1,3
48254,3,4.333333333333333,0.5773502691896257,3,2
48255,2,4.0,1.4142135623730951,2,3
48256,4,4.5,0.5773502691896257,4,4
48257,4,2.25,1.2583057392117916,1,3
48258,1,4.0,0.0,1,4
48262,1,5.0,0.0,1,3
48263,1,5.0,0.0,1,2
48265,1,5.0,0.0,1,2
48271,1,5.0,0.0,1,2
48272,1,4.0,0.0,1,4
48274,1,2.0,0.0,1,2
48278,1,5.0,0.0,1,2
48279,1,4.0,0.0,1,2
48280,1,5.0,0.0,1,4
48282,1,5.0,0.0,1,2
48283,1,5.0,0.0,1,2
48284,1,5.0,0.0,1,4
48286,1,5.0,0.0,1,3
48288,1,5.0,0.0,1,5
48290,1,5.0,0.0,1,3
48291,2,5.0,0.0,2,2
48295,1,5.0,0.0,1,5
48298,1,3.0,0.0,1,2
48300,1,5.0,0.0,1,3
48303,1,2.0,0.0,1,3
48305,1,5.0,0.0,1,3
48310,1,3.0,0.0,1,2
48317,1,5.0,0.0,1,4
48323,1,4.0,0.0,1,2
48324,1,5.0,0.0,1,3
48326,2,4.0,0.0,2,4
48327,2,5.0,0.0,2,2
48328,1,5.0,0.0,1,3
48331,1,4.0,0.0,1,4
48334,1,5.0,0.0,1,2
48335,1,5.0,0.0,1,5
48337,1,2.0,0.0,1,3
48338,1,5.0,0.0,1,2
48339,1,1.0,0.0,1,2
48343,3,3.6666666666666665,0.5773502691896258,3,5
48344,1,5.0,0.0,1,5
48346,1,5.0,0.0,1,4
48349,1,5.0,0.0,1,3
48352,1,4.0,0.0,1,4
48353,1,5.0,0.0,1,4
48354,1,4.0,0.0,1,2
48356,1,5.0,0.0,1,2
48358,1,3.0,0.0,1,3
48364,1,4.0,0.0,1,5
48368,4,4.0,0.0,3,3
48372,3,3.6666666666666665,0.5773502691896258,3,2
48379,1,5.0,0.0,1,3
48380,4,5.0,0.0,4,1
48387,1,5.0,0.0,1,4
48389,2,5.0,0.0,2,4
48391,1,4.0,0.0,1,4
48396,1,3.0,0.0,1,3
48409,3,3.3333333333333335,2.0816659994661326,1,5
48414,1,3.0,0.0,1,2
48415,1,4.0,0.0,1,2
48418,1,3.0,0.0,1,2
48420,1,4.0,0.0,1,4
48426,1,1.0,0.0,1,5
48427,1,5.0,0.0,1,4
48430,1,5.0,0.0,1,2
48433,2,3.0,0.0,2,2
48435,2,3.5,0.7071067811865476,2,5
48436,1,3.0,0.0,1,4
48438,1,4.0,0.0,1,2
48439,1,5.0,0.0,1,3
48440,1,5.0,0.0,1,3
48441,1,4.0,0.0,1,5
48444,2,4.0,0.0,1,2
48447,3,3.3333333333333335,2.0816659994661326,3,4
48449,1,4.0,0.0,1,2
48450,1,5.0,0.0,1,2
48451,1,5.0,0.0,1,4
48456,1,3.0,0.0,1,4
48457,1,5.0,0.0,1,4
48459,2,5.0,0.0,2,5
48461,1,5.0,0.0,1,2
48463,1,4.0,0.0,1,5
48467,1,5.0,0.0,1,2
48471,1,5.0,0.0,1,3
48474,2,4.0,0.0,2,2
48476,2,4.0,1.4142135623730951,2,2
48478,1,5.0,0.0,1,3
48481,1,4.0,0.0,1,3
48482,1,5.0,0.0,1,2
48484,1,2.0,0.0,1,2
48488,2,5.0,0.0,2,4
48494,1,4.0,0.0,1,2
48495,3,1.3333333333333333,0.5773502691896257,1,3
48499,1,4.0,0.0,1,2
48507,2,5.0,0.0,1,3
48509,1,4.0,0.0,1,4
48510,4,4.75,0.4999999999999999,1,2
48513,1,4.0,0.0,1,2
48514,1,4.0,0.0,1,2
48517,1,4.0,0.0,1,3
48518,1,3.0,0.0,1,5
48519,1,5.0,0.0,1,3
48521,2,4.0,0.0,1,3
48523,1,3.0,0.0,1,3
48529,1,5.0,0.0,1,2
48530,1,5.0,0.0,1,3
48531,1,5.0,0.0,1,2
48532,1,3.0,0.0,1,2
48535,1,4.0,0.0,1,3
48537,1,4.0,0.0,1,2
48538,1,4.0,0.0,1,3
48539,1,4.0,0.0,1,5
48541,1,4.0,0.0,1,2
48542,1,5.0,0.0,1,3
48548,1,5.0,0.0,1,5
48553,1,4.0,0.0,1,2
48556,1,4.0,0.0,1,2
48558,2,5.0,0.0,2,5
48560,1,4.0,0.0,1,4
48562,1,5.0,0.0,1,5
48566,1,4.0,0.0,1,2
48567,1,4.0,0.0,1,2
48568,1,5.0,0.0,1,3
48571,1,4.0,0.0,1,3
48573,2,4.5,0.7071067811865476,1,4
48576,1,5.0,0.0,1,3
48577,1,5.0,0.0,1,2
48580,1,5.0,0.0,1,2
48584,1,1.0,0.0,1,4
48586,2,4.5,0.7071067811865476,2,3
48587,3,4.333333333333333,1.1547005383792517,3,2
48590,2,4.5,0.7071067811865476,2,4
48592,2,3.5,0.7071067811865476,1,2
48594,1,5.0,0.0,1,4
48599,3,5.0,0.0,3,2
48601,1,5.0,0.0,1,4
48603,1,4.0,0.0,1,2
48606,1,4.0,0.0,1,2
48609,1,5.0,0.0,1,3
48610,2,3.5,0.7071067811865476,2,2
48611,1,5.0,0.0,1,2
48614,1,5.0,0.0,1,3
48615,2,4.5,0.7071067811865476,1,4
48616,2,4.5,0.7071067811865476,2,5
48618,1,4.0,0.0,1,4
48621,1,4.0,0.0,1,4
48635,1,3.0,0.0,1,2
48636,2,4.0,0.0,1,2
48637,1,4.0,0.0,1,4
48638,2,3.0,1.4142135623730951,2,2
48639,1,5.0,0.0,1,4
48640,1,5.0,0.0,1,3
48642,2,3.5,0.7071067811865476,2,3
48644,2,5.0,0.0,2,4
48645,3,4.666666666666667,0.5773502691896257,1,2
48651,1,4.0,0.0,1,2
48654,1,5.0,0.0,1,1
48656,1,1.0,0.0,1,4
48658,1,5.0,0.0,1,4
48663,1,4.0,0.0,1,3
48665,1,4.0,0.0,1,3
48666,1,5.0,0.0,1,2
48670,1,4.0,0.0,1,2
48674,1,4.0,0.0,1,4
48678,1,5.0,0.0,1,4
48679,2,4.0,0.0,2,4
48681,1,4.0,0.0,1,3
48683,2,4.0,1.4142135623730951,2,3
48685,1,2.0,0.0,1,2
48688,1,5.0,0.0,1,2
48689,1,4.0,0.0,1,4
48691,1,5.0,0.0,1,5
48694,1,4.0,0.0,1,2
48695,1,4.0,0.0,1,2
48696,2,3.5,2.1213203435596424,2,2
48698,1,5.0,0.0,1,3
48701,1,3.0,0.0,1,3
48705,9,3.7777777777777777,1.3017082793177759,6,4
48707,1,3.0,0.0,1,4
48713,1,5.0,0.0,1,2
48718,1,4.0,0.0,1,4
48721,2,4.5,0.7071067811865476,2,2
48722,2,4.0,0.0,2,2
48725,1,4.0,0.0,1,4
48731,2,5.0,0.0,2,2
48732,1,3.0,0.0,1,2
48733,1,5.0,0.0,1,4
48734,1,4.0,0.0,1,3
48737,3,5.0,0.0,2,4
48738,2,3.5,2.1213203435596424,2,3
48739,2,4.5,0.7071067811865476,2,3
48740,1,5.0,0.0,1,2
48743,1,3.0,0.0,1,3
48744,1,4.0,0.0,1,2
48745,1,4.0,0.0,1,4
48747,1,5.0,0.0,1,2
48748,1,5.0,0.0,1,4
48750,1,3.0,0.0,1,3
48751,2,5.0,0.0,2,2
48761,2,5.0,0.0,2,2
48762,2,5.0,0.0,2,2
48764,1,2.0,0.0,1,3
48767,1,4.0,0.0,1,5
48770,1,4.0,0.0,1,3
48774,1,5.0,0.0,1,2
48776,1,2.0,0.0,1,2
48778,1,4.0,0.0,1,3
48781,2,4.5,0.7071067811865476,2,2
48785,1,5.0,0.0,1,2
48787,1,4.0,0.0,1,1
48788,1,5.0,0.0,1,2
48789,1,4.0,0.0,1,2
48790,1,5.0,0.0,1,5
48791,2,4.5,0.7071067811865476,2,2
48796,2,5.0,0.0,1,2
48797,2,3.5,0.7071067811865476,1,2
48798,1,4.0,0.0,1,2
48805,1,5.0,0.0,1,4
48810,1,4.0,0.0,1,2
48811,1,5.0,0.0,1,3
48812,1,5.0,0.0,1,2
48813,1,4.0,0.0,1,4
48814,3,4.0,1.0,3,2
48826,1,5.0,0.0,1,3
48829,1,4.0,0.0,1,3
48830,1,4.0,0.0,1,2
48833,3,4.0,1.0,1,5
48834,1,5.0,0.0,1,2
48835,1,4.0,0.0,1,5
48836,1,5.0,0.0,1,5
48837,1,4.0,0.0,1,4
48843,1,5.0,0.0,1,2
48849,3,3.6666666666666665,0.5773502691896257,2,3
48854,1,4.0,0.0,1,4
48856,2,3.5,0.7071067811865476,2,3
48858,2,4.5,0.7071067811865476,1,4
48861,1,3.0,0.0,1,3
48862,1,4.0,0.0,1,4
48869,1,3.0,0.0,1,3
48873,1,5.0,0.0,1,4
48879,1,5.0,0.0,1,2
48884,4,4.75,0.4999999999999999,4,2
48885,1,1.0,0.0,1,3
48886,1,4.0,0.0,1,4
48889,1,3.0,0.0,1,2
48895,2,4.0,0.0,2,3
48898,1,4.0,0.0,1,3
48899,2,5.0,0.0,1,3
48905,1,4.0,0.0,1,2
48907,2,4.0,1.4142135623730951,2,2
48909,1,5.0,0.0,1,3
48910,1,5.0,0.0,1,3
48911,1,5.0,0.0,1,1
48912,1,5.0,0.0,1,5
48915,1,5.0,0.0,1,3
48916,1,4.0,0.0,1,2
48917,1,4.0,0.0,1,3
48921,1,4.0,0.0,1,2
48922,1,5.0,0.0,1,3
48925,1,5.0,0.0,1,3
48927,1,4.0,0.0,1,2
48928,1,3.0,0.0,1,2
48931,1,5.0,0.0,1,3
48934,1,4.0,0.0,1,4
48940,4,4.5,0.5773502691896258,3,3
48954,1,5.0,0.0,1,2
48955,1,4.0,0.0,1,4
48957,1,4.0,0.0,1,4
48958,2,2.0,1.4142135623730951,2,3
48960,1,4.0,0.0,1,2
48961,1,4.0,0.0,1,2
48962,4,3.0,1.632993161855452,3,2
48964,1,2.0,0.0,1,2
48965,2,5.0,0.0,1,2
48967,1,5.0,0.0,1,2
48969,2,2.5,0.7071067811865476,1,4
48970,1,5.0,0.0,1,2
48976,1,3.0,0.0,1,3
48978,1,5.0,0.0,1,5
48980,2,4.0,0.0,2,3
48983,1,5.0,0.0,1,3
48987,1,5.0,0.0,1,3
48991,2,3.5,2.1213203435596424,2,3
48994,2,3.0,0.0,2,2
48995,1,4.0,0.0,1,2
48998,2,5.0,0.0,2,2
49001,2,3.5,0.7071067811865476,2,2
49005,1,5.0,0.0,1,3
49007,2,4.0,1.4142135623730951,2,3
49008,1,4.0,0.0,1,3
49010,1,4.0,0.0,1,3
49011,3,4.333333333333333,1.1547005383792515,2,2
49013,1,4.0,0.0,1,4
49015,1,5.0,0.0,1,3
49016,1,5.0,0.0,1,3
49017,1,5.0,0.0,1,2
49021,1,3.0,0.0,1,4
49023,3,2.3333333333333335,1.5275252316519465,1,5
49024,2,4.0,0.0,2,3
49025,1,4.0,0.0,1,2
49026,3,4.0,1.0,3,2
49027,1,5.0,0.0,1,3
49028,1,3.0,0.0,1,3
49033,1,5.0,0.0,1,4
49034,1,5.0,0.0,1,4
49035,1,4.0,0.0,1,3
49036,1,3.0,0.0,1,4
49037,1,4.0,0.0,1,2
49039,3,5.0,0.0,3,2
49042,1,5.0,0.0,1,3
49044,1,4.0,0.0,1,2
49046,1,5.0,0.0,1,3
49055,1,4.0,0.0,1,2
49056,1,3.0,0.0,1,2
49057,1,3.0,0.0,1,3
49058,1,5.0,0.0,1,2
49061,1,5.0,0.0,1,2
49062,3,5.0,0.0,3,4
49065,1,5.0,0.0,1,2
49066,1,3.0,0.0,1,2
49067,1,4.0,0.0,1,3
49068,2,5.0,0.0,1,3
49070,1,5.0,0.0,1,3
49072,2,5.0,0.0,1,3
49073,3,2.3333333333333335,2.3094010767585034,3,2
49074,1,2.0,0.0,1,3
49075,1,5.0,0.0,1,3
49079,1,5.0,0.0,1,3
49080,1,3.0,0.0,1,2
49083,2,5.0,0.0,2,4
49084,1,5.0,0.0,1,3
49085,3,5.0,0.0,3,2
49086,1,5.0,0.0,1,3
49087,1,4.0,0.0,1,2
49094,1,5.0,0.0,1,4
49096,1,1.0,0.0,1,2
49100,1,5.0,0.0,1,3
49102,1,5.0,0.0,1,3
49107,2,4.5,0.7071067811865476,2,3
49109,1,4.0,0.0,1,4
49113,1,5.0,0.0,1,3
49115,1,5.0,0.0,1,3
49116,1,5.0,0.0,1,2
49120,1,5.0,0.0,1,4
49122,1,4.0,0.0,1,2
49128,1,5.0,0.0,1,2
49129,2,3.5,0.7071067811865476,2,3
49131,1,5.0,0.0,1,2
49135,1,1.0,0.0,1,2
49136,1,4.0,0.0,1,3
49138,1,5.0,0.0,1,2
49140,1,3.0,0.0,1,5
49141,2,3.5,2.1213203435596424,1,4
49146,1,4.0,0.0,1,4
49155,1,5.0,0.0,1,3
49157,2,3.0,2.8284271247461903,2,3
49160,2,4.0,1.4142135623730951,1,3
49163,1,4.0,0.0,1,2
49164,2,3.5,0.7071067811865476,2,2
49166,4,3.75,0.5,4,4
49169,1,5.0,0.0,1,3
49172,1,4.0,0.0,1,2
49177,1,1.0,0.0,1,4
49181,2,1.5,0.7071067811865476,1,2
49184,1,4.0,0.0,1,3
49185,1,3.0,0.0,1,2
49186,1,5.0,0.0,1,3
49188,1,5.0,0.0,1,4
49189,2,4.5,0.7071067811865476,2,4
49190,1,4.0,0.0,1,2
49191,2,4.5,0.7071067811865476,2,3
49193,1,4.0,0.0,1,2
49194,3,4.666666666666667,0.5773502691896257,3,2
49198,1,5.0,0.0,1,4
49200,1,4.0,0.0,1,3
49201,1,5.0,0.0,1,3
49202,2,3.5,0.7071067811865476,1,4
49207,5,4.8,0.44721359549995787,3,3
49209,5,4.6,0.8944271909999157,5,4
49210,1,1.0,0.0,1,2
49211,1,5.0,0.0,1,4
49212,4,4.75,0.4999999999999999,4,3
49217,4,4.25,0.4999999999999999,4,3
49218,1,4.0,0.0,1,3
49219,3,5.0,0.0,3,1
49221,5,3.4,1.1401754250991378,4,2
49226,2,4.0,0.0,1,2
49227,7,3.7142857142857144,1.3801311186847085,5,2
49228,1,5.0,0.0,1,2
49229,2,3.0,1.4142135623730951,1,2
49231,1,4.0,0.0,1,2
49232,11,4.454545454545454,0.5222329678670934,7,3
49235,1,5.0,0.0,1,2
49240,1,4.0,0.0,1,2
49241,1,4.0,0.0,1,4
49243,2,4.5,0.7071067811865476,2,4
49245,1,5.0,0.0,1,5
49246,2,4.0,1.4142135623730951,1,5
49253,1,5.0,0.0,1,5
49258,1,4.0,0.0,1,4
49260,1,4.0,0.0,1,2
49263,1,4.0,0.0,1,2
49264,1,3.0,0.0,1,4
49265,1,5.0,0.0,1,5
49267,1,4.0,0.0,1,5
49269,1,5.0,0.0,1,2
49270,1,3.0,0.0,1,2
49274,1,4.0,0.0,1,3
49276,1,4.0,0.0,1,3
49281,1,4.0,0.0,1,2
49290,1,5.0,0.0,1,3
49293,2,3.5,0.7071067811865476,2,4
49307,1,4.0,0.0,1,2
49309,2,4.0,0.0,2,3
49310,1,3.0,0.0,1,2
49311,1,4.0,0.0,1,3
49312,1,3.0,0.0,1,2
49314,1,5.0,0.0,1,2
49315,8,4.375,0.5175491695067657,5,2
49316,1,4.0,0.0,1,4
49317,1,5.0,0.0,1,4
49320,1,5.0,0.0,1,3
49321,1,4.0,0.0,1,2
49322,2,4.5,0.7071067811865476,2,5
49323,1,2.0,0.0,1,2
49329,1,5.0,0.0,1,3
49330,3,3.6666666666666665,1.5275252316519465,3,2
49338,2,4.0,1.4142135623730951,2,2
49339,1,5.0,0.0,1,2
49347,3,3.0,1.0,3,2
49348,2,2.0,1.4142135623730951,2,2
49349,1,3.0,0.0,1,5
49351,2,3.0,1.4142135623730951,2,3
49354,1,3.0,0.0,1,2
49358,1,2.0,0.0,1,2
49361,1,5.0,0.0,1,3
49362,2,4.0,1.4142135623730951,2,2
49364,1,5.0,0.0,1,4
49367,1,5.0,0.0,1,3
49369,1,4.0,0.0,1,3
49376,1,4.0,0.0,1,3
49378,1,4.0,0.0,1,4
49379,2,5.0,0.0,2,2
49381,4,3.5,1.9148542155126762,4,3
49386,2,4.5,0.7071067811865476,2,2
49387,2,4.5,0.7071067811865476,2,3
49390,2,4.5,0.7071067811865476,2,2
49391,2,4.5,0.7071067811865476,2,2
49394,1,4.0,0.0,1,2
49395,1,5.0,0.0,1,4
49396,1,4.0,0.0,1,2
49400,1,5.0,0.0,1,4
49403,2,3.5,2.1213203435596424,2,2
49405,1,4.0,0.0,1,2
49408,1,5.0,0.0,1,5
49409,4,4.75,0.5,4,1
49411,1,3.0,0.0,1,3
49416,2,5.0,0.0,2,4
49418,2,5.0,0.0,2,4
49420,1,5.0,0.0,1,2
49421,1,4.0,0.0,1,3
49424,1,4.0,0.0,1,3
49429,1,4.0,0.0,1,4
49431,2,5.0,0.0,1,4
49432,1,5.0,0.0,1,2
49435,1,4.0,0.0,1,4
49436,1,4.0,0.0,1,2
49439,2,4.5,0.7071067811865476,2,3
49440,1,4.0,0.0,1,5
49441,3,4.666666666666667,0.5773502691896258,3,2
49443,1,4.0,0.0,1,2
49447,1,5.0,0.0,1,4
49449,1,3.0,0.0,1,2
49455,1,5.0,0.0,1,2
49456,2,5.0,0.0,2,3
49459,1,4.0,0.0,1,4
49460,3,5.0,0.0,2,2
49461,1,5.0,0.0,1,2
49465,1,5.0,0.0,1,3
49467,1,3.0,0.0,1,3
49468,2,4.5,0.7071067811865476,2,1
49469,1,4.0,0.0,1,2
49477,1,4.0,0.0,1,3
49478,1,3.0,0.0,1,2
49479,2,4.0,0.0,2,2
49482,1,4.0,0.0,1,2
49489,1,5.0,0.0,1,3
49491,2,4.5,0.7071067811865476,2,3
49492,1,5.0,0.0,1,2
49493,1,5.0,0.0,1,5
49494,1,4.0,0.0,1,2
49495,1,5.0,0.0,1,3
49496,1,5.0,0.0,1,2
49498,1,4.0,0.0,1,1
49499,1,4.0,0.0,1,3
49501,1,4.0,0.0,1,4
49503,1,5.0,0.0,1,4
49504,2,4.0,0.0,1,2
49507,1,5.0,0.0,1,4
49509,1,5.0,0.0,1,2
49510,1,3.0,0.0,1,4
49512,1,4.0,0.0,1,5
49515,1,4.0,0.0,1,2
49516,1,5.0,0.0,1,3
49517,1,5.0,0.0,1,4
49518,1,5.0,0.0,1,2
49519,1,4.0,0.0,1,5
49524,1,5.0,0.0,1,3
49525,1,5.0,0.0,1,4
49528,1,5.0,0.0,1,2
49530,1,4.0,0.0,1,4
49531,1,5.0,0.0,1,3
49532,1,4.0,0.0,1,5
49540,1,5.0,0.0,1,2
49543,3,4.666666666666667,0.5773502691896258,3,3
49548,1,5.0,0.0,1,4
49549,1,4.0,0.0,1,4
49552,1,5.0,0.0,1,2
49554,2,5.0,0.0,1,4
49555,1,4.0,0.0,1,4
49557,2,4.5,0.7071067811865476,2,4
49559,3,4.666666666666667,0.5773502691896257,3,2
49560,1,5.0,0.0,1,3
49564,1,5.0,0.0,1,3
49566,1,5.0,0.0,1,5
49567,1,5.0,0.0,1,4
49571,1,5.0,0.0,1,2
49576,1,5.0,0.0,1,2
49578,1,5.0,0.0,1,4
49579,1,5.0,0.0,1,3
49584,1,5.0,0.0,1,5
49586,1,5.0,0.0,1,5
49588,2,4.5,0.7071067811865476,2,2
49593,1,5.0,0.0,1,2
49595,1,5.0,0.0,1,2
49596,2,4.0,1.4142135623730951,2,3
49598,1,4.0,0.0,1,2
49599,1,1.0,0.0,1,3
49600,1,5.0,0.0,1,2
49601,2,4.5,0.7071067811865476,2,3
49603,1,4.0,0.0,1,3
49604,1,5.0,0.0,1,2
49606,1,5.0,0.0,1,3
49609,1,5.0,0.0,1,2
49611,2,5.0,0.0,2,2
49613,1,4.0,0.0,1,2
49616,2,4.0,0.0,2,3
49618,2,3.5,0.7071067811865476,2,2
49623,1,3.0,0.0,1,3
49624,2,5.0,0.0,2,3
49625,1,5.0,0.0,1,2
49626,1,4.0,0.0,1,4
49628,1,5.0,0.0,1,2
49629,1,5.0,0.0,1,2
49632,1,3.0,0.0,1,3
49635,1,5.0,0.0,1,4
49636,1,2.0,0.0,1,4
49638,1,4.0,0.0,1,4
49640,2,3.0,1.4142135623730951,2,2
49642,1,4.0,0.0,1,4
49643,1,4.0,0.0,1,2
49646,1,2.0,0.0,1,2
49649,3,4.333333333333333,1.1547005383792517,3,3
49652,1,2.0,0.0,1,2
49653,1,5.0,0.0,1,3
49655,2,3.5,2.1213203435596424,1,5
49656,1,4.0,0.0,1,2
49660,4,3.75,0.9574271077563381,3,2
49661,1,5.0,0.0,1,4
49666,1,5.0,0.0,1,5
49669,1,5.0,0.0,1,4
49671,2,4.5,0.7071067811865476,2,2
49673,3,4.333333333333333,0.5773502691896257,3,2
49674,2,4.5,0.7071067811865476,2,2
49682,1,5.0,0.0,1,4
49685,9,4.0,1.0,6,2
49689,1,5.0,0.0,1,2
49692,1,4.0,0.0,1,2
49696,1,5.0,0.0,1,3
49698,1,1.0,0.0,1,2
49701,1,4.0,0.0,1,2
49704,1,5.0,0.0,1,4
49705,1,5.0,0.0,1,2
49713,1,1.0,0.0,1,4
49717,2,5.0,0.0,2,4
49718,2,5.0,0.0,1,3
49719,1,4.0,0.0,1,2
49727,2,4.5,0.7071067811865476,2,2
49729,1,4.0,0.0,1,2
49730,1,2.0,0.0,1,4
49732,1,5.0,0.0,1,2
49733,2,4.0,0.0,1,3
49734,1,5.0,0.0,1,4
49736,1,4.0,0.0,1,2
49740,2,4.0,0.0,2,2
49742,2,4.5,0.7071067811865476,2,3
49744,1,5.0,0.0,1,3
49745,4,3.5,1.7320508075688772,3,2
49746,3,3.3333333333333335,2.0816659994661326,3,2
49749,2,4.0,1.4142135623730951,2,4
49753,1,5.0,0.0,1,5
49759,1,4.0,0.0,1,5
49761,1,3.0,0.0,1,5
49763,1,3.0,0.0,1,4
49765,1,4.0,0.0,1,4
49766,4,4.0,0.8164965809277259,4,2
49767,1,4.0,0.0,1,5
49772,5,4.6,0.894427190999916,4,2
49773,1,5.0,0.0,1,3
49776,1,4.0,0.0,1,3
49778,1,5.0,0.0,1,2
49779,2,4.5,0.7071067811865476,2,4
49780,1,4.0,0.0,1,2
49781,1,4.0,0.0,1,3
49782,3,4.0,0.0,3,2
49783,1,5.0,0.0,1,2
49784,1,4.0,0.0,1,2
49792,1,5.0,0.0,1,3
49793,1,4.0,0.0,1,2
49795,1,4.0,0.0,1,2
49802,1,3.0,0.0,1,5
49803,1,5.0,0.0,1,2
49808,1,1.0,0.0,1,3
49812,1,5.0,0.0,1,2
49813,1,5.0,0.0,1,2
49815,1,5.0,0.0,1,3
49817,1,4.0,0.0,1,5
49821,5,4.2,0.8366600265340756,5,2
49830,1,5.0,0.0,1,2
49831,1,4.0,0.0,1,4
49832,1,5.0,0.0,1,2
49833,2,4.5,0.7071067811865476,2,2
49836,1,5.0,0.0,1,5
49839,2,4.0,1.4142135623730951,2,2
49840,1,5.0,0.0,1,2
49841,1,4.0,0.0,1,4
49842,1,4.0,0.0,1,2
49844,1,5.0,0.0,1,5
49845,1,5.0,0.0,1,3
49849,1,5.0,0.0,1,2
49852,1,1.0,0.0,1,2
49853,1,4.0,0.0,1,2
49855,1,4.0,0.0,1,4
49858,1,4.0,0.0,1,4
49859,2,5.0,0.0,2,3
49860,1,5.0,0.0,1,4
49861,1,5.0,0.0,1,4
49864,3,4.0,1.0,3,3
49869,2,4.5,0.7071067811865476,2,3
49871,2,5.0,0.0,2,4
49873,1,4.0,0.0,1,4
49874,1,4.0,0.0,1,4
49876,2,4.0,0.0,2,4
49879,1,1.0,0.0,1,3
49883,1,5.0,0.0,1,4
49884,1,4.0,0.0,1,2
49888,2,3.5,0.7071067811865476,2,3
49889,1,4.0,0.0,1,2
49892,1,4.0,0.0,1,3
49898,1,5.0,0.0,1,3
49899,1,5.0,0.0,1,3
49901,1,5.0,0.0,1,4
49904,1,5.0,0.0,1,3
49905,1,4.0,0.0,1,2
49908,1,5.0,0.0,1,3
49914,1,2.0,0.0,1,2
49915,4,4.25,0.4999999999999999,3,3
49917,1,5.0,0.0,1,4
49918,1,4.0,0.0,1,3
49920,1,5.0,0.0,1,2
49922,1,3.0,0.0,1,2
49924,1,5.0,0.0,1,2
49927,1,2.0,0.0,1,2
49928,1,4.0,0.0,1,3
49929,1,5.0,0.0,1,4
49931,1,5.0,0.0,1,5
49933,3,4.0,1.0,3,2
49934,1,4.0,0.0,1,4
49939,1,4.0,0.0,1,2
49941,2,5.0,0.0,2,4
49947,1,5.0,0.0,1,3
49948,1,5.0,0.0,1,5
49949,1,5.0,0.0,1,2
49951,1,3.0,0.0,1,2
49955,2,3.0,0.0,1,2
49957,1,5.0,0.0,1,2
49962,1,5.0,0.0,1,2
49967,2,3.5,0.7071067811865476,2,3
49968,3,4.0,1.0,3,2
49969,2,4.0,0.0,2,2
49970,1,3.0,0.0,1,3
49971,1,4.0,0.0,1,2
49973,1,5.0,0.0,1,4
49974,2,3.5,0.7071067811865476,2,4
49976,1,5.0,0.0,1,3
49977,3,4.0,1.0,1,4
49978,1,4.0,0.0,1,3
49979,1,4.0,0.0,1,2
49981,1,4.0,0.0,1,2
49982,2,3.5,0.7071067811865476,2,2
49983,2,3.5,0.7071067811865476,2,2
49989,1,5.0,0.0,1,3
50000,1,4.0,0.0,1,4
50006,1,5.0,0.0,1,3
50007,2,4.5,0.7071067811865476,2,4
50008,1,4.0,0.0,1,3
50010,1,2.0,0.0,1,5
50011,1,5.0,0.0,1,4
50012,1,5.0,0.0,1,3
50013,1,3.0,0.0,1,2
50014,1,5.0,0.0,1,5
50017,1,4.0,0.0,1,3
50020,1,5.0,0.0,1,2
50026,1,5.0,0.0,1,3
50029,1,5.0,0.0,1,2
50031,1,4.0,0.0,1,5
50032,1,5.0,0.0,1,2
50035,1,3.0,0.0,1,3
50037,1,5.0,0.0,1,4
50038,1,3.0,0.0,1,2
50039,1,4.0,0.0,1,4
50041,1,5.0,0.0,1,3
50042,1,4.0,0.0,1,4
50043,1,5.0,0.0,1,3
50044,1,4.0,0.0,1,2
50045,1,3.0,0.0,1,5
50047,1,5.0,0.0,1,2
50050,1,5.0,0.0,1,3
50051,1,5.0,0.0,1,4
50052,1,1.0,0.0,1,3
50056,1,5.0,0.0,1,5
50061,1,4.0,0.0,1,4
50063,4,4.0,0.8164965809277259,2,3
50073,1,4.0,0.0,1,2
50075,1,5.0,0.0,1,4
50076,1,4.0,0.0,1,3
50078,2,2.5,2.1213203435596424,2,2
50081,2,4.5,0.7071067811865476,2,2
50082,1,3.0,0.0,1,2
50086,2,5.0,0.0,2,2
50087,1,4.0,0.0,1,4
50092,1,4.0,0.0,1,2
50095,1,5.0,0.0,1,3
50096,1,5.0,0.0,1,4
50098,1,5.0,0.0,1,2
50102,1,5.0,0.0,1,2
50104,1,5.0,0.0,1,2
50105,1,4.0,0.0,1,4
50107,3,4.666666666666667,0.5773502691896257,3,3
50110,1,5.0,0.0,1,4
50111,1,5.0,0.0,1,3
50114,1,4.0,0.0,1,2
50115,1,5.0,0.0,1,2
50116,1,5.0,0.0,1,4
50118,1,5.0,0.0,1,3
50119,1,4.0,0.0,1,2
50120,2,4.0,0.0,2,2
50121,1,5.0,0.0,1,4
50124,2,4.0,0.0,2,3
50125,1,4.0,0.0,1,2
50127,2,4.0,1.4142135623730951,2,2
50128,1,5.0,0.0,1,4
50130,1,3.0,0.0,1,4
50131,1,5.0,0.0,1,2
50135,1,4.0,0.0,1,2
50136,1,5.0,0.0,1,2
50137,1,5.0,0.0,1,2
50138,2,5.0,0.0,2,4
50142,1,4.0,0.0,1,2
50144,1,4.0,0.0,1,4
50145,2,3.0,0.0,1,2
50146,2,4.0,0.0,1,2
50151,1,3.0,0.0,1,4
50153,1,5.0,0.0,1,2
50155,1,4.0,0.0,1,2
50158,1,5.0,0.0,1,3
50159,1,2.0,0.0,1,2
50160,2,4.0,0.0,2,2
50162,1,2.0,0.0,1,3
50163,1,5.0,0.0,1,3
50168,1,5.0,0.0,1,5
50171,1,4.0,0.0,1,2
50172,1,5.0,0.0,1,2
50176,1,5.0,0.0,1,3
50179,2,4.5,0.7071067811865476,2,2
50180,2,5.0,0.0,2,4
50183,1,4.0,0.0,1,2
50187,1,1.0,0.0,1,3
50190,1,1.0,0.0,1,3
50191,1,4.0,0.0,1,4
50193,1,5.0,0.0,1,3
50196,1,2.0,0.0,1,3
50197,1,5.0,0.0,1,2
50202,1,3.0,0.0,1,3
50203,1,3.0,0.0,1,2
50204,1,5.0,0.0,1,5
50205,1,4.0,0.0,1,3
50207,1,4.0,0.0,1,3
50212,1,4.0,0.0,1,3
50216,1,4.0,0.0,1,2
50217,1,5.0,0.0,1,2
50219,2,4.0,1.4142135623730951,2,2
50221,2,4.0,1.4142135623730951,2,3
50231,1,5.0,0.0,1,3
50232,2,5.0,0.0,2,4
50234,3,5.0,0.0,3,4
50235,1,5.0,0.0,1,2
50236,3,4.0,0.0,2,4
50237,1,2.0,0.0,1,2
50241,1,3.0,0.0,1,3
50245,1,5.0,0.0,1,3
50246,1,3.0,0.0,1,2
50247,2,4.5,0.7071067811865476,2,2
50249,1,5.0,0.0,1,3
50255,1,3.0,0.0,1,3
50256,2,4.5,0.7071067811865476,2,3
50257,1,5.0,0.0,1,4
50264,1,3.0,0.0,1,5
50265,1,4.0,0.0,1,3
50268,2,3.0,2.8284271247461903,2,3
50271,1,4.0,0.0,1,3
50273,2,5.0,0.0,2,2
50277,2,4.5,0.7071067811865476,2,5
50278,1,5.0,0.0,1,2
50288,1,4.0,0.0,1,2
50289,1,5.0,0.0,1,2
50291,1,5.0,0.0,1,2
50293,1,5.0,0.0,1,3
50298,1,4.0,0.0,1,2
50300,1,4.0,0.0,1,2
50301,1,3.0,0.0,1,4
50307,2,4.5,0.7071067811865476,2,2
50311,1,4.0,0.0,1,2
50313,2,4.5,0.7071067811865476,2,3
50318,1,4.0,0.0,1,4
50321,1,4.0,0.0,1,2
50324,1,5.0,0.0,1,3
50329,3,3.6666666666666665,0.5773502691896258,3,2
50334,2,4.0,0.0,2,2
50337,1,3.0,0.0,1,3
50339,2,3.5,0.7071067811865476,2,4
50341,1,5.0,0.0,1,3
50349,1,5.0,0.0,1,2
50350,1,4.0,0.0,1,3
50351,1,3.0,0.0,1,4
50352,1,4.0,0.0,1,3
50353,5,3.0,1.5811388300841898,1,3
50355,1,3.0,0.0,1,2
50356,1,5.0,0.0,1,2
50359,1,4.0,0.0,1,2
50362,1,5.0,0.0,1,4
50365,2,5.0,0.0,2,3
50366,1,5.0,0.0,1,4
50368,3,4.0,0.0,3,2
50370,1,4.0,0.0,1,2
50373,1,4.0,0.0,1,3
50374,1,5.0,0.0,1,3
50377,1,4.0,0.0,1,3
50381,1,5.0,0.0,1,3
50382,1,5.0,0.0,1,5
50386,2,3.0,2.8284271247461903,2,3
50387,2,4.5,0.7071067811865476,2,3
50389,1,3.0,0.0,1,3
50390,1,4.0,0.0,1,2
50391,1,5.0,0.0,1,4
50392,1,4.0,0.0,1,4
50393,1,4.0,0.0,1,2
50396,2,3.0,0.0,2,4
50398,1,2.0,0.0,1,3
50400,1,5.0,0.0,1,2
50401,2,4.0,0.0,2,2
50402,1,4.0,0.0,1,5
50403,2,5.0,0.0,2,4
50409,1,5.0,0.0,1,3
50410,1,5.0,0.0,1,4
50412,1,5.0,0.0,1,3
50417,1,4.0,0.0,1,2
50419,1,3.0,0.0,1,3
50428,1,4.0,0.0,1,3
50432,1,5.0,0.0,1,2
50433,1,3.0,0.0,1,2
50435,1,5.0,0.0,1,2
50436,1,5.0,0.0,1,3
50439,1,4.0,0.0,1,2
50440,1,4.0,0.0,1,2
50451,2,5.0,0.0,2,4
50458,1,4.0,0.0,1,4
50459,1,3.0,0.0,1,4
50464,2,4.0,0.0,2,2
50465,2,2.5,0.7071067811865476,2,2
50469,1,3.0,0.0,1,2
50470,2,5.0,0.0,2,4
50471,1,5.0,0.0,1,2
50472,1,4.0,0.0,1,4
50473,1,2.0,0.0,1,3
50474,2,2.5,0.7071067811865476,2,2
50477,1,5.0,0.0,1,4
50479,1,4.0,0.0,1,5
50480,3,2.6666666666666665,0.5773502691896258,3,2
50485,1,5.0,0.0,1,2
50487,1,5.0,0.0,1,2
50489,1,4.0,0.0,1,2
50490,1,3.0,0.0,1,2
50491,1,3.0,0.0,1,2
50492,2,3.0,2.8284271247461903,2,2
50496,1,1.0,0.0,1,5
50500,1,2.0,0.0,1,4
50502,1,5.0,0.0,1,2
50504,1,5.0,0.0,1,2
50506,1,4.0,0.0,1,3
50508,1,5.0,0.0,1,3
50509,4,4.0,0.816496580927726,3,2
50511,1,4.0,0.0,1,2
50516,2,3.5,2.1213203435596424,1,5
50518,1,4.0,0.0,1,2
50520,1,5.0,0.0,1,2
50523,1,5.0,0.0,1,4
50525,2,4.5,0.7071067811865476,2,2
50528,1,5.0,0.0,1,2
50530,1,4.0,0.0,1,2
50532,1,5.0,0.0,1,3
50533,1,5.0,0.0,1,3
50536,3,3.6666666666666665,1.1547005383792515,3,3
50538,1,5.0,0.0,1,3
50539,1,4.0,0.0,1,3
50541,1,5.0,0.0,1,3
50542,2,5.0,0.0,2,2
50544,1,5.0,0.0,1,2
50545,1,5.0,0.0,1,2
50549,1,5.0,0.0,1,4
50552,3,3.3333333333333335,0.5773502691896257,3,4
50553,3,3.3333333333333335,0.5773502691896258,2,2
50555,2,4.5,0.7071067811865476,2,3
50556,1,4.0,0.0,1,2
50561,1,5.0,0.0,1,3
50574,1,3.0,0.0,1,2
50575,1,5.0,0.0,1,4
50579,1,4.0,0.0,1,2
50581,1,5.0,0.0,1,4
50588,1,5.0,0.0,1,3
50590,1,4.0,0.0,1,3
50591,1,5.0,0.0,1,3
50596,1,4.0,0.0,1,2
50601,1,4.0,0.0,1,3
50602,1,4.0,0.0,1,2
50604,1,5.0,0.0,1,2
50607,2,4.0,0.0,1,2
50611,1,4.0,0.0,1,4
50612,1,5.0,0.0,1,2
50613,1,5.0,0.0,1,2
50614,1,5.0,0.0,1,4
50618,1,5.0,0.0,1,4
50622,2,4.5,0.7071067811865476,1,3
50625,1,2.0,0.0,1,2
50626,1,5.0,0.0,1,3
50630,2,4.5,0.7071067811865476,1,2
50631,2,4.0,1.4142135623730951,2,2
50633,1,4.0,0.0,1,4
50635,1,4.0,0.0,1,2
50637,2,4.5,0.7071067811865476,2,2
50639,1,5.0,0.0,1,2
50640,3,4.333333333333333,1.1547005383792517,3,3
50641,1,5.0,0.0,1,2
50642,1,5.0,0.0,1,2
50645,1,5.0,0.0,1,2
50650,1,5.0,0.0,1,1
50651,1,4.0,0.0,1,2
50652,1,4.0,0.0,1,3
50654,1,5.0,0.0,1,5
50655,1,5.0,0.0,1,4
50656,1,4.0,0.0,1,4
50657,1,5.0,0.0,1,4
50660,1,5.0,0.0,1,2
50661,1,3.0,0.0,1,4
50668,1,5.0,0.0,1,3
50672,1,5.0,0.0,1,4
50675,2,5.0,0.0,2,2
50680,1,4.0,0.0,1,2
50686,1,3.0,0.0,1,2
50688,1,5.0,0.0,1,2
50690,2,4.0,0.0,2,2
50691,4,4.75,0.4999999999999999,4,3
50692,2,3.0,1.4142135623730951,2,2
50694,1,5.0,0.0,1,2
50696,1,2.0,0.0,1,5
50708,1,5.0,0.0,1,2
50711,1,5.0,0.0,1,2
50712,2,4.5,0.7071067811865476,2,4
50714,1,3.0,0.0,1,3
50715,1,5.0,0.0,1,3
50716,2,3.0,0.0,1,2
50717,1,4.0,0.0,1,5
50718,2,4.0,0.0,2,2
50720,1,4.0,0.0,1,2
50722,1,5.0,0.0,1,3
50726,3,3.6666666666666665,1.1547005383792515,3,2
50727,1,5.0,0.0,1,2
50729,1,5.0,0.0,1,3
50731,1,5.0,0.0,1,2
50732,2,5.0,0.0,1,2
50733,2,3.5,0.7071067811865476,2,2
50743,2,4.0,1.4142135623730951,2,2
50746,2,3.5,0.7071067811865476,2,3
50748,1,4.0,0.0,1,3
50749,1,5.0,0.0,1,2
50754,1,5.0,0.0,1,3
50755,1,4.0,0.0,1,4
50757,1,5.0,0.0,1,2
50758,1,4.0,0.0,1,4
50759,1,5.0,0.0,1,3
50761,1,5.0,0.0,1,3
50762,1,5.0,0.0,1,4
50764,1,4.0,0.0,1,4
50769,1,4.0,0.0,1,2
50776,1,4.0,0.0,1,2
50780,1,4.0,0.0,1,4
50784,1,5.0,0.0,1,4
50785,1,4.0,0.0,1,2
50788,1,5.0,0.0,1,3
50791,3,4.0,1.0,1,4
50793,1,4.0,0.0,1,3
50795,1,4.0,0.0,1,2
50799,3,4.333333333333333,1.1547005383792517,3,2
50801,2,3.0,1.4142135623730951,2,3
50804,3,4.666666666666667,0.5773502691896258,3,5
50805,1,3.0,0.0,1,2
50806,2,4.0,1.4142135623730951,1,3
50809,3,4.333333333333333,0.5773502691896257,3,2
50810,1,5.0,0.0,1,2
50814,1,4.0,0.0,1,2
50815,1,4.0,0.0,1,4
50819,1,1.0,0.0,1,2
50820,1,1.0,0.0,1,2
50821,1,4.0,0.0,1,4
50823,4,4.0,0.816496580927726,2,3
50828,1,5.0,0.0,1,4
50829,3,4.666666666666667,0.5773502691896258,3,2
50830,1,3.0,0.0,1,4
50831,1,2.0,0.0,1,5
50842,1,5.0,0.0,1,2
50855,2,4.0,1.4142135623730951,1,4
50856,1,5.0,0.0,1,2
50858,2,1.0,0.0,2,2
50859,3,4.0,1.7320508075688772,1,4
50862,1,4.0,0.0,1,3
50863,2,4.0,0.0,1,4
50867,4,4.0,0.0,4,4
50868,1,5.0,0.0,1,4
50870,1,3.0,0.0,1,4
50871,1,4.0,0.0,1,2
50874,1,3.0,0.0,1,5
50875,1,4.0,0.0,1,4
50877,1,4.0,0.0,1,1
50878,2,4.5,0.7071067811865476,1,2
50879,1,5.0,0.0,1,4
50887,1,3.0,0.0,1,5
50888,2,5.0,0.0,2,2
50889,1,5.0,0.0,1,2
50895,1,1.0,0.0,1,2
50896,1,4.0,0.0,1,4
50897,4,4.25,1.5,1,3
50898,1,4.0,0.0,1,3
50899,3,4.666666666666667,0.5773502691896258,3,2
50902,2,3.5,0.7071067811865476,2,4
50904,1,4.0,0.0,1,2
50906,1,5.0,0.0,1,4
50908,1,4.0,0.0,1,4
50909,1,4.0,0.0,1,3
50914,1,5.0,0.0,1,2
50915,2,3.0,0.0,1,2
50920,1,5.0,0.0,1,2
50922,1,5.0,0.0,1,2
50923,1,5.0,0.0,1,4
50924,1,5.0,0.0,1,4
50925,1,5.0,0.0,1,3
50928,3,4.0,1.0,1,4
50929,1,5.0,0.0,1,4
50932,2,5.0,0.0,1,3
50934,1,4.0,0.0,1,1
50935,1,4.0,0.0,1,4
50936,1,5.0,0.0,1,2
50938,1,5.0,0.0,1,5
50940,1,5.0,0.0,1,3
50941,1,5.0,0.0,1,2
50942,1,5.0,0.0,1,2
50946,2,5.0,0.0,2,3
50951,1,3.0,0.0,1,4
50953,1,5.0,0.0,1,2
50954,2,5.0,0.0,2,3
50956,1,5.0,0.0,1,3
50958,2,5.0,0.0,1,3
50959,2,4.5,0.7071067811865476,2,2
50961,1,5.0,0.0,1,4
50962,1,4.0,0.0,1,4
50967,2,5.0,0.0,2,3
50968,1,4.0,0.0,1,2
50970,1,5.0,0.0,1,2
50972,1,5.0,0.0,1,4
50976,1,4.0,0.0,1,3
50977,1,5.0,0.0,1,3
50979,1,4.0,0.0,1,2
50981,4,2.5,1.2909944487358056,1,4
50986,1,3.0,0.0,1,2
50988,1,1.0,0.0,1,4
50989,1,5.0,0.0,1,2
50991,3,4.666666666666667,0.5773502691896258,3,3
50994,1,5.0,0.0,1,5
50995,3,3.6666666666666665,0.5773502691896257,3,4
51002,1,3.0,0.0,1,4
51003,1,5.0,0.0,1,3
51009,1,3.0,0.0,1,1
51011,1,3.0,0.0,1,4
51014,1,5.0,0.0,1,2
51015,3,2.3333333333333335,1.1547005383792515,1,5
51018,1,4.0,0.0,1,3
51021,1,2.0,0.0,1,2
51022,1,3.0,0.0,1,2
51033,1,5.0,0.0,1,3
51034,1,2.0,0.0,1,4
51035,2,5.0,0.0,2,3
51039,1,5.0,0.0,1,3
51040,2,4.0,1.4142135623730951,2,4
51041,1,4.0,0.0,1,4
51042,2,4.0,1.4142135623730951,2,4
51045,2,5.0,0.0,1,3
51047,1,5.0,0.0,1,1
51049,1,5.0,0.0,1,2
51052,1,4.0,0.0,1,2
51053,1,5.0,0.0,1,2
51054,1,5.0,0.0,1,3
51055,1,4.0,0.0,1,2
51057,1,4.0,0.0,1,2
51060,1,4.0,0.0,1,3
51064,1,5.0,0.0,1,3
51067,2,4.5,0.7071067811865476,2,2
51068,1,1.0,0.0,1,4
51069,3,5.0,0.0,3,2
51071,1,1.0,0.0,1,5
51073,1,5.0,0.0,1,3
51074,1,5.0,0.0,1,3
51076,1,2.0,0.0,1,2
51077,4,4.75,0.5,3,1
51079,2,5.0,0.0,2,2
51081,5,4.8,0.44721359549995787,4,2
51085,2,3.0,0.0,1,2
51086,2,4.5,0.7071067811865476,2,2
51089,1,5.0,0.0,1,2
51092,1,2.0,0.0,1,4
51094,1,5.0,0.0,1,3
51096,1,4.0,0.0,1,2
51098,1,4.0,0.0,1,4
51100,3,4.0,0.0,2,3
51102,2,4.0,0.0,2,2
51104,3,4.666666666666667,0.5773502691896257,2,3
51106,1,5.0,0.0,1,4
51107,1,4.0,0.0,1,4
51110,1,5.0,0.0,1,4
51113,2,4.5,0.7071067811865476,2,3
51118,2,4.0,1.4142135623730951,2,2
51119,3,4.333333333333333,1.1547005383792515,2,2
51121,3,2.6666666666666665,1.5275252316519465,3,2
51122,1,5.0,0.0,1,2
51123,2,2.5,2.1213203435596424,2,2
51124,2,4.5,0.7071067811865476,2,4
51134,1,4.0,0.0,1,2
51136,2,4.0,1.4142135623730951,2,3
51137,3,4.0,1.0,2,3
51138,1,5.0,0.0,1,4
51139,1,5.0,0.0,1,2
51140,1,4.0,0.0,1,3
51141,3,4.0,1.7320508075688772,3,2
51142,1,5.0,0.0,1,4
51150,1,4.0,0.0,1,2
51154,1,5.0,0.0,1,3
51157,3,3.6666666666666665,1.1547005383792517,3,3
51159,1,4.0,0.0,1,2
51167,2,4.0,1.4142135623730951,2,2
51168,2,4.5,0.7071067811865476,1,4
51169,2,2.5,0.7071067811865476,2,2
51170,1,4.0,0.0,1,2
51172,2,4.0,1.4142135623730951,1,3
51174,1,5.0,0.0,1,2
51182,3,4.0,1.0,3,2
51189,1,5.0,0.0,1,5
51190,3,4.333333333333333,1.1547005383792515,3,4
51192,1,5.0,0.0,1,5
51193,1,5.0,0.0,1,4
51203,1,5.0,0.0,1,3
51204,6,4.333333333333333,0.8164965809277258,5,2
51206,3,3.6666666666666665,0.5773502691896258,1,5
51208,1,4.0,0.0,1,3
51209,2,3.0,1.4142135623730951,2,3
51211,2,3.5,0.7071067811865476,2,2
51213,2,4.5,0.7071067811865476,2,4
51215,1,5.0,0.0,1,2
51222,2,4.0,0.0,2,4
51223,1,4.0,0.0,1,3
51225,4,4.0,0.0,4,4
51229,1,4.0,0.0,1,2
51230,1,5.0,0.0,1,2
51232,1,1.0,0.0,1,3
51234,1,4.0,0.0,1,3
51235,1,5.0,0.0,1,3
51241,2,3.5,0.7071067811865476,1,5
51242,2,4.5,0.7071067811865476,2,2
51246,6,4.0,0.8944271909999159,4,3
51247,1,5.0,0.0,1,2
51251,1,3.0,0.0,1,3
51252,4,4.5,0.5773502691896257,4,2
51254,1,5.0,0.0,1,3
51257,2,3.0,0.0,2,2
51262,1,2.0,0.0,1,3
51268,1,5.0,0.0,1,2
51269,1,5.0,0.0,1,3
51275,1,4.0,0.0,1,2
51278,1,5.0,0.0,1,3
51283,1,4.0,0.0,1,2
51292,1,4.0,0.0,1,2
51294,1,4.0,0.0,1,2
51295,4,4.25,0.9574271077563382,3,2
51296,1,5.0,0.0,1,3
51297,1,5.0,0.0,1,3
51298,2,4.5,0.7071067811865476,2,2
51301,2,5.0,0.0,2,4
51302,2,5.0,0.0,2,2
51303,3,3.3333333333333335,2.0816659994661326,1,3
51304,1,5.0,0.0,1,3
51308,1,5.0,0.0,1,2
51309,1,5.0,0.0,1,2
51314,1,3.0,0.0,1,2
51317,3,4.666666666666667,0.5773502691896257,2,3
51321,1,3.0,0.0,1,4
51323,1,2.0,0.0,1,2
51327,1,5.0,0.0,1,2
51329,1,5.0,0.0,1,3
51330,1,4.0,0.0,1,3
51331,1,5.0,0.0,1,3
51333,2,5.0,0.0,2,2
51334,1,5.0,0.0,1,2
51335,1,5.0,0.0,1,3
51336,1,5.0,0.0,1,3
51337,1,5.0,0.0,1,3
51338,1,5.0,0.0,1,3
51342,1,5.0,0.0,1,2
51343,3,3.6666666666666665,0.5773502691896258,3,4
51344,1,1.0,0.0,1,3
51346,1,5.0,0.0,1,3
51349,1,5.0,0.0,1,3
51352,2,5.0,0.0,2,2
51354,1,3.0,0.0,1,2
51356,1,5.0,0.0,1,2
51357,2,4.0,0.0,2,3
51358,1,5.0,0.0,1,2
51359,2,3.5,0.7071067811865476,2,2
51363,1,5.0,0.0,1,2
51364,2,5.0,0.0,2,4
51368,1,5.0,0.0,1,3
51374,1,4.0,0.0,1,3
51376,1,4.0,0.0,1,5
51377,1,3.0,0.0,1,3
51378,1,1.0,0.0,1,4
51386,2,3.5,0.7071067811865476,2,5
51389,1,5.0,0.0,1,2
51394,6,4.5,0.547722557505166,3,2
51396,2,4.5,0.7071067811865476,2,2
51399,2,5.0,0.0,2,2
51402,1,5.0,0.0,1,4
51403,1,4.0,0.0,1,3
51406,1,5.0,0.0,1,3
51408,3,4.333333333333333,0.5773502691896258,2,4
51411,2,4.0,1.4142135623730951,2,4
51417,1,4.0,0.0,1,2
51418,1,4.0,0.0,1,3
51420,1,3.0,0.0,1,3
51421,1,3.0,0.0,1,2
51425,1,4.0,0.0,1,2
51426,1,5.0,0.0,1,3
51427,1,5.0,0.0,1,2
51429,1,5.0,0.0,1,3
51430,2,4.5,0.7071067811865476,1,4
51433,2,4.5,0.7071067811865476,2,2
51434,1,5.0,0.0,1,3
51435,1,5.0,0.0,1,2
51436,1,5.0,0.0,1,4
51437,5,4.0,1.224744871391589,4,2
51438,2,3.5,2.1213203435596424,2,4
51441,1,3.0,0.0,1,2
51444,1,4.0,0.0,1,3
51451,2,5.0,0.0,2,4
51452,4,5.0,0.0,4,4
51454,1,2.0,0.0,1,3
51455,1,4.0,0.0,1,5
51457,2,4.0,1.4142135623730951,1,3
51458,1,4.0,0.0,1,3
51459,2,5.0,0.0,2,3
51461,1,5.0,0.0,1,3
51462,1,2.0,0.0,1,4
51469,1,5.0,0.0,1,3
51470,2,4.5,0.7071067811865476,2,4
51475,3,4.333333333333333,1.1547005383792517,3,2
51477,1,5.0,0.0,1,4
51478,2,4.0,0.0,2,2
51479,1,2.0,0.0,1,3
51480,2,4.5,0.7071067811865476,2,3
51482,1,3.0,0.0,1,2
51484,1,4.0,0.0,1,2
51489,2,3.0,0.0,1,3
51491,2,4.0,0.0,2,2
51494,1,5.0,0.0,1,4
51500,2,3.5,0.7071067811865476,2,3
51505,1,5.0,0.0,1,3
51510,1,5.0,0.0,1,2
51511,1,3.0,0.0,1,2
51513,3,5.0,0.0,3,2
51515,1,5.0,0.0,1,2
51518,2,4.5,0.7071067811865476,2,2
51521,1,5.0,0.0,1,5
51524,1,5.0,0.0,1,3
51539,1,5.0,0.0,1,2
51540,1,5.0,0.0,1,2
51541,1,2.0,0.0,1,5
51542,1,5.0,0.0,1,2
51544,1,5.0,0.0,1,3
51546,1,5.0,0.0,1,2
51552,1,5.0,0.0,1,3
51555,1,5.0,0.0,1,2
51557,3,4.333333333333333,1.1547005383792515,2,3
51558,1,3.0,0.0,1,3
51560,2,2.5,2.1213203435596424,1,4
51562,1,3.0,0.0,1,2
51564,1,4.0,0.0,1,4
51567,4,4.5,0.5773502691896257,4,2
51569,1,4.0,0.0,1,2
51573,2,3.5,0.7071067811865476,2,2
51578,1,5.0,0.0,1,3
51580,2,4.5,0.7071067811865476,1,1
51581,1,5.0,0.0,1,2
51582,1,4.0,0.0,1,3
51583,3,4.0,1.0,3,3
51587,2,5.0,0.0,2,3
51589,2,5.0,0.0,1,3
51590,2,5.0,0.0,2,4
51591,1,5.0,0.0,1,4
51594,2,5.0,0.0,2,3
51602,1,4.0,0.0,1,4
51603,2,3.0,2.8284271247461903,2,3
51604,1,4.0,0.0,1,2
51606,2,3.5,0.7071067811865476,2,2
51607,1,4.0,0.0,1,2
51608,3,4.0,1.0,3,3
51609,1,4.0,0.0,1,2
51610,1,5.0,0.0,1,3
51612,1,4.0,0.0,1,3
51613,1,4.0,0.0,1,3
51615,1,2.0,0.0,1,5
51620,1,5.0,0.0,1,3
51626,1,4.0,0.0,1,2
51631,1,5.0,0.0,1,5
51632,1,4.0,0.0,1,4
51635,3,4.666666666666667,0.5773502691896258,2,5
51636,1,5.0,0.0,1,2
51637,1,5.0,0.0,1,2
51641,1,3.0,0.0,1,3
51645,1,5.0,0.0,1,2
51646,1,5.0,0.0,1,2
51650,1,5.0,0.0,1,2
51651,1,4.0,0.0,1,3
51652,2,3.5,2.1213203435596424,2,2
51656,1,5.0,0.0,1,3
51657,1,5.0,0.0,1,3
51659,1,5.0,0.0,1,3
51663,1,4.0,0.0,1,2
51671,3,4.0,1.0,3,3
51676,1,5.0,0.0,1,2
51678,1,4.0,0.0,1,2
51679,2,4.0,0.0,2,3
51680,2,5.0,0.0,2,4
51684,1,5.0,0.0,1,4
51687,1,4.0,0.0,1,3
51689,1,5.0,0.0,1,3
51691,1,4.0,0.0,1,3
51693,2,3.0,1.4142135623730951,2,4
51695,2,5.0,0.0,2,2
51697,1,5.0,0.0,1,3
51698,1,4.0,0.0,1,2
51701,1,5.0,0.0,1,3
51702,1,3.0,0.0,1,4
51703,1,4.0,0.0,1,2
51704,1,4.0,0.0,1,2
51708,1,4.0,0.0,1,2
51709,1,5.0,0.0,1,2
51715,2,4.5,0.7071067811865476,2,3
51716,1,5.0,0.0,1,2
51721,1,3.0,0.0,1,3
51722,1,5.0,0.0,1,5
51724,2,5.0,0.0,2,2
51728,1,5.0,0.0,1,4
51729,1,4.0,0.0,1,3
51733,1,5.0,0.0,1,3
51734,2,4.5,0.7071067811865476,2,4
51736,2,5.0,0.0,2,3
51739,1,5.0,0.0,1,2
51741,4,4.0,1.1547005383792515,3,3
51742,1,1.0,0.0,1,2
51747,1,5.0,0.0,1,4
51754,1,5.0,0.0,1,2
51761,1,4.0,0.0,1,2
51765,1,4.0,0.0,1,2
51768,1,4.0,0.0,1,2
51770,1,4.0,0.0,1,4
51771,1,5.0,0.0,1,2
51772,1,3.0,0.0,1,2
51776,2,3.0,0.0,2,2
51777,1,4.0,0.0,1,2
51778,2,4.0,0.0,2,2
51782,1,4.0,0.0,1,3
51784,3,5.0,0.0,2,2
51785,1,2.0,0.0,1,2
51788,1,5.0,0.0,1,3
51791,1,3.0,0.0,1,2
51792,1,3.0,0.0,1,3
51794,1,2.0,0.0,1,2
51796,1,4.0,0.0,1,2
51797,1,4.0,0.0,1,4
51800,1,5.0,0.0,1,3
51804,1,5.0,0.0,1,2
51806,1,5.0,0.0,1,3
51812,3,4.0,1.0,1,2
51817,1,5.0,0.0,1,5
51818,1,5.0,0.0,1,3
51819,1,4.0,0.0,1,3
51821,1,2.0,0.0,1,2
51828,1,4.0,0.0,1,2
51830,1,2.0,0.0,1,2
51831,1,5.0,0.0,1,3
51833,2,4.5,0.7071067811865476,2,2
51836,1,4.0,0.0,1,3
51841,1,4.0,0.0,1,3
51843,3,4.666666666666667,0.5773502691896257,2,2
51844,1,5.0,0.0,1,2
51846,1,4.0,0.0,1,3
51848,1,5.0,0.0,1,2
51849,2,5.0,0.0,1,4
51851,1,5.0,0.0,1,2
51853,4,3.75,1.8929694486000912,2,4
51854,1,4.0,0.0,1,2
51855,2,5.0,0.0,2,2
51857,1,4.0,0.0,1,2
51864,1,4.0,0.0,1,3
51868,1,1.0,0.0,1,3
51869,8,3.875,0.6408699444616557,6,5
51872,1,5.0,0.0,1,2
51874,2,4.0,1.4142135623730951,2,5
51876,1,2.0,0.0,1,2
51877,4,3.75,0.9574271077563381,4,3
51882,1,5.0,0.0,1,4
51885,1,2.0,0.0,1,4
51887,1,5.0,0.0,1,2
51890,2,5.0,0.0,2,4
51891,1,5.0,0.0,1,2
51893,1,5.0,0.0,1,2
51896,1,4.0,0.0,1,3
51900,1,4.0,0.0,1,2
51903,1,5.0,0.0,1,3
51904,1,4.0,0.0,1,4
51905,1,5.0,0.0,1,4
51906,1,4.0,0.0,1,2
51907,1,5.0,0.0,1,2
51908,1,5.0,0.0,1,2
51910,1,5.0,0.0,1,4
51911,2,4.0,0.0,1,2
51912,1,3.0,0.0,1,5
51916,1,5.0,0.0,1,2
51918,1,4.0,0.0,1,4
51920,1,3.0,0.0,1,2
51921,1,5.0,0.0,1,2
51925,1,4.0,0.0,1,2
51928,1,2.0,0.0,1,2
51931,2,2.5,2.1213203435596424,1,2
51933,1,5.0,0.0,1,2
51935,2,4.5,0.7071067811865476,2,4
51936,1,3.0,0.0,1,4
51941,1,2.0,0.0,1,5
51945,2,4.5,0.7071067811865476,2,3
51950,1,3.0,0.0,1,5
51951,1,5.0,0.0,1,2
51952,1,3.0,0.0,1,2
51955,1,3.0,0.0,1,2
51956,1,4.0,0.0,1,2
51957,1,2.0,0.0,1,2
51958,1,3.0,0.0,1,2
51962,1,4.0,0.0,1,3
51969,1,5.0,0.0,1,5
51971,1,5.0,0.0,1,2
51973,1,5.0,0.0,1,3
51975,1,3.0,0.0,1,2
51976,2,4.0,1.4142135623730951,2,2
51977,1,5.0,0.0,1,5
51978,1,4.0,0.0,1,1
51979,2,4.0,0.0,2,3
51982,1,4.0,0.0,1,2
51984,1,4.0,0.0,1,2
51985,1,4.0,0.0,1,2
51989,2,3.5,0.7071067811865476,2,2
51990,1,4.0,0.0,1,2
51992,1,4.0,0.0,1,4
51994,2,3.5,0.7071067811865476,2,2
51998,1,3.0,0.0,1,5
52001,1,4.0,0.0,1,4
52009,1,5.0,0.0,1,2
52013,1,4.0,0.0,1,2
52016,1,4.0,0.0,1,2
52019,2,3.0,2.8284271247461903,2,2
52020,1,5.0,0.0,1,2
52021,1,4.0,0.0,1,5
52025,1,4.0,0.0,1,5
52027,1,5.0,0.0,1,4
52028,3,4.666666666666667,0.5773502691896257,3,2
52031,1,5.0,0.0,1,3
52037,1,5.0,0.0,1,3
52040,2,5.0,0.0,1,3
52041,2,3.5,0.7071067811865476,2,3
52042,1,5.0,0.0,1,2
52045,1,3.0,0.0,1,3
52046,1,5.0,0.0,1,3
52051,2,4.0,0.0,2,2
52052,1,5.0,0.0,1,2
52058,1,5.0,0.0,1,4
52059,2,5.0,0.0,2,2
52061,1,4.0,0.0,1,5
52063,1,5.0,0.0,1,3
52066,1,4.0,0.0,1,3
52067,1,3.0,0.0,1,2
52069,1,4.0,0.0,1,3
52073,1,5.0,0.0,1,3
52074,3,4.666666666666667,0.5773502691896258,2,3
52075,3,3.6666666666666665,0.5773502691896258,3,2
52076,1,5.0,0.0,1,5
52079,1,5.0,0.0,1,2
52083,1,3.0,0.0,1,4
52084,1,5.0,0.0,1,2
52086,1,4.0,0.0,1,2
52087,1,4.0,0.0,1,3
52089,2,5.0,0.0,2,3
52090,1,5.0,0.0,1,3
52091,1,5.0,0.0,1,3
52093,5,4.6,0.5477225575051662,5,2
52094,3,3.6666666666666665,2.3094010767585034,3,4
52095,1,3.0,0.0,1,5
52102,1,4.0,0.0,1,2
52103,2,4.0,1.4142135623730951,2,3
52106,1,5.0,0.0,1,4
52113,1,5.0,0.0,1,3
52114,1,4.0,0.0,1,4
52115,1,5.0,0.0,1,4
52118,1,5.0,0.0,1,4
52120,1,4.0,0.0,1,2
52127,2,4.0,1.4142135623730951,2,2
52128,1,5.0,0.0,1,2
52131,1,3.0,0.0,1,5
52132,1,4.0,0.0,1,2
52133,1,5.0,0.0,1,4
52137,1,5.0,0.0,1,2
52142,1,4.0,0.0,1,4
52146,2,3.5,0.7071067811865476,2,4
52147,1,5.0,0.0,1,2
52148,1,5.0,0.0,1,2
52149,1,3.0,0.0,1,4
52151,1,5.0,0.0,1,4
52152,1,4.0,0.0,1,2
52154,1,5.0,0.0,1,4
52155,1,4.0,0.0,1,3
52156,2,3.0,2.8284271247461903,1,2
52157,3,3.6666666666666665,0.5773502691896257,1,3
52159,4,4.75,0.5,3,2
52161,1,4.0,0.0,1,3
52163,1,5.0,0.0,1,4
52171,3,5.0,0.0,3,4
52173,1,3.0,0.0,1,2
52174,1,5.0,0.0,1,5
52175,2,4.0,1.4142135623730951,1,2
52176,2,4.0,0.0,2,2
52177,2,5.0,0.0,2,2
52179,2,4.0,0.0,2,2
52186,1,5.0,0.0,1,2
52191,1,3.0,0.0,1,3
52193,1,5.0,0.0,1,4
52195,1,5.0,0.0,1,2
52198,1,5.0,0.0,1,2
52200,1,4.0,0.0,1,3
52203,2,4.5,0.7071067811865476,2,2
52204,1,5.0,0.0,1,5
52210,1,5.0,0.0,1,3
52211,1,4.0,0.0,1,3
52223,4,3.25,0.9574271077563381,4,2
52224,1,5.0,0.0,1,2
52227,3,3.6666666666666665,1.1547005383792517,3,4
52241,1,5.0,0.0,1,3
52242,1,5.0,0.0,1,3
52244,1,4.0,0.0,1,2
52246,1,4.0,0.0,1,2
52247,1,5.0,0.0,1,4
52248,1,1.0,0.0,1,4
52249,1,5.0,0.0,1,4
52251,1,4.0,0.0,1,3
52262,1,3.0,0.0,1,3
52265,1,5.0,0.0,1,2
52266,1,4.0,0.0,1,2
52270,1,5.0,0.0,1,4
52271,1,5.0,0.0,1,4
52273,1,3.0,0.0,1,2
52276,1,4.0,0.0,1,3
52277,1,5.0,0.0,1,2
52282,1,3.0,0.0,1,2
52283,1,4.0,0.0,1,2
52287,1,4.0,0.0,1,4
52289,1,4.0,0.0,1,1
52290,1,3.0,0.0,1,3
52292,1,5.0,0.0,1,3
52293,1,3.0,0.0,1,4
52296,1,5.0,0.0,1,2
52299,1,2.0,0.0,1,2
52300,2,4.5,0.7071067811865476,2,2
52301,2,5.0,0.0,1,3
52307,1,5.0,0.0,1,2
52309,1,5.0,0.0,1,2
52310,1,5.0,0.0,1,5
52313,1,5.0,0.0,1,3
52321,1,5.0,0.0,1,3
52323,2,4.5,0.7071067811865476,2,2
52326,1,3.0,0.0,1,4
52329,2,4.5,0.7071067811865476,1,3
52330,1,5.0,0.0,1,3
52332,1,4.0,0.0,1,5
52338,3,3.3333333333333335,1.5275252316519468,3,3
52339,1,5.0,0.0,1,2
52340,1,4.0,0.0,1,5
52341,1,5.0,0.0,1,3
52343,1,4.0,0.0,1,5
52344,2,4.5,0.7071067811865476,2,2
52347,1,3.0,0.0,1,5
52349,1,5.0,0.0,1,3
52352,1,4.0,0.0,1,2
52353,4,3.5,1.2909944487358056,1,4
52354,1,4.0,0.0,1,2
52360,1,3.0,0.0,1,2
52361,2,2.5,2.1213203435596424,2,2
52362,1,5.0,0.0,1,2
52367,1,1.0,0.0,1,2
52370,2,5.0,0.0,2,5
52371,2,4.0,0.0,1,2
52374,1,4.0,0.0,1,4
52375,1,4.0,0.0,1,2
52377,1,4.0,0.0,1,4
52380,1,5.0,0.0,1,2
52381,1,3.0,0.0,1,2
52388,1,2.0,0.0,1,4
52392,1,5.0,0.0,1,1
52393,1,4.0,0.0,1,3
52401,2,4.5,0.7071067811865476,2,2
52402,1,5.0,0.0,1,3
52404,1,5.0,0.0,1,3
52406,1,4.0,0.0,1,5
52411,2,5.0,0.0,2,4
52413,1,4.0,0.0,1,2
52415,1,4.0,0.0,1,3
52417,1,2.0,0.0,1,4
52418,3,2.6666666666666665,0.5773502691896257,1,4
52419,1,5.0,0.0,1,4
52420,2,4.5,0.7071067811865476,2,2
52423,1,2.0,0.0,1,5
52427,1,4.0,0.0,1,2
52431,1,5.0,0.0,1,2
52432,1,5.0,0.0,1,3
52435,1,5.0,0.0,1,2
52436,1,5.0,0.0,1,4
52438,1,4.0,0.0,1,2
52440,1,4.0,0.0,1,3
52445,1,4.0,0.0,1,3
52452,1,5.0,0.0,1,3
52459,1,5.0,0.0,1,2
52460,1,5.0,0.0,1,5
52461,1,4.0,0.0,1,3
52463,1,5.0,0.0,1,4
52464,1,5.0,0.0,1,4
52465,2,4.5,0.7071067811865476,2,4
52466,1,3.0,0.0,1,3
52467,1,4.0,0.0,1,5
52468,1,4.0,0.0,1,4
52469,1,3.0,0.0,1,4
52473,2,5.0,0.0,2,2
52474,2,3.0,0.0,2,2
52475,1,5.0,0.0,1,4
52483,2,3.0,0.0,2,2
52484,2,3.5,0.7071067811865476,2,4
52485,1,4.0,0.0,1,5
52486,1,3.0,0.0,1,2
52487,1,5.0,0.0,1,2
52488,1,1.0,0.0,1,2
52489,1,5.0,0.0,1,4
52494,1,4.0,0.0,1,4
52495,2,4.5,0.7071067811865476,2,4
52497,1,4.0,0.0,1,4
52501,1,4.0,0.0,1,2
52504,1,5.0,0.0,1,2
52506,1,4.0,0.0,1,2
52508,1,4.0,0.0,1,3
52511,1,3.0,0.0,1,3
52515,2,4.0,0.0,2,3
52516,1,5.0,0.0,1,3
52517,1,4.0,0.0,1,2
52519,1,5.0,0.0,1,4
52521,1,4.0,0.0,1,3
52522,1,4.0,0.0,1,3
52524,1,1.0,0.0,1,2
52528,1,5.0,0.0,1,2
52529,1,5.0,0.0,1,3
52530,1,3.0,0.0,1,5
52531,1,4.0,0.0,1,2
52533,1,4.0,0.0,1,2
52535,1,5.0,0.0,1,4
52536,1,5.0,0.0,1,2
52538,3,1.6666666666666667,0.5773502691896258,2,2
52540,1,1.0,0.0,1,2
52541,2,4.0,1.4142135623730951,2,3
52542,2,3.0,2.8284271247461903,2,3
52546,1,4.0,0.0,1,2
52551,1,2.0,0.0,1,4
52553,1,1.0,0.0,1,2
52558,1,5.0,0.0,1,2
52559,1,5.0,0.0,1,1
52560,3,3.3333333333333335,1.5275252316519465,2,3
52562,1,5.0,0.0,1,2
52565,1,3.0,0.0,1,3
52567,2,5.0,0.0,2,2
52568,1,3.0,0.0,1,2
52569,1,5.0,0.0,1,2
52579,1,4.0,0.0,1,3
52580,1,4.0,0.0,1,4
52581,1,4.0,0.0,1,5
52582,4,4.25,0.5,1,4
52585,1,4.0,0.0,1,3
52591,2,2.5,0.7071067811865476,1,2
52592,1,1.0,0.0,1,2
52593,1,4.0,0.0,1,2
52594,1,5.0,0.0,1,2
52595,2,4.5,0.7071067811865476,2,3
52596,1,5.0,0.0,1,2
52597,1,5.0,0.0,1,4
52598,2,3.5,0.7071067811865476,2,2
52599,2,3.0,1.4142135623730951,1,4
52602,1,5.0,0.0,1,2
52603,1,4.0,0.0,1,5
52617,1,5.0,0.0,1,5
52618,1,5.0,0.0,1,4
52619,2,4.5,0.7071067811865476,2,2
52624,1,4.0,0.0,1,3
52625,1,4.0,0.0,1,2
52629,1,5.0,0.0,1,2
52630,2,3.0,2.8284271247461903,1,4
52631,1,5.0,0.0,1,2
52633,7,4.285714285714286,0.7559289460184544,5,2
52639,1,5.0,0.0,1,3
52640,2,3.0,0.0,2,3
52644,1,4.0,0.0,1,2
52646,3,3.3333333333333335,1.1547005383792515,3,3
52649,3,3.3333333333333335,2.0816659994661326,1,5
52651,1,4.0,0.0,1,4
52658,4,4.5,1.0,3,4
52664,1,4.0,0.0,1,5
52665,1,4.0,0.0,1,5
52666,1,4.0,0.0,1,4
52668,1,2.0,0.0,1,3
52670,1,5.0,0.0,1,3
52671,1,5.0,0.0,1,2
52674,6,3.6666666666666665,1.505545305418162,4,2
52675,1,5.0,0.0,1,4
52679,1,4.0,0.0,1,4
52681,2,4.0,1.4142135623730951,1,4
52683,1,5.0,0.0,1,3
52684,5,4.2,0.8366600265340756,3,4
52687,1,5.0,0.0,1,3
52689,2,4.5,0.7071067811865476,2,2
52690,1,4.0,0.0,1,2
52692,1,3.0,0.0,1,4
52693,2,4.5,0.7071067811865476,2,2
52697,1,5.0,0.0,1,2
52702,1,4.0,0.0,1,4
52703,1,4.0,0.0,1,3
52705,1,4.0,0.0,1,2
52706,1,5.0,0.0,1,4
52707,1,3.0,0.0,1,3
52708,1,4.0,0.0,1,2
52710,1,4.0,0.0,1,2
52713,7,3.5714285714285716,1.9023794624226837,5,4
52714,1,5.0,0.0,1,3
52715,3,4.333333333333333,0.5773502691896258,1,5
52720,1,5.0,0.0,1,2
52722,1,5.0,0.0,1,2
52725,1,3.0,0.0,1,5
52726,3,4.0,1.0,3,2
52729,1,5.0,0.0,1,5
52730,1,5.0,0.0,1,2
52737,1,5.0,0.0,1,2
52738,1,5.0,0.0,1,2
52741,1,3.0,0.0,1,2
52745,1,4.0,0.0,1,2
52754,2,4.0,0.0,2,2
52759,4,4.0,0.816496580927726,3,2
52760,1,4.0,0.0,1,3
52761,1,3.0,0.0,1,5
52764,1,4.0,0.0,1,2
52765,1,5.0,0.0,1,2
52770,1,5.0,0.0,1,4
52773,1,5.0,0.0,1,3
52774,1,4.0,0.0,1,2
52776,1,2.0,0.0,1,4
52786,1,5.0,0.0,1,4
52789,3,3.6666666666666665,0.5773502691896258,2,4
52795,1,5.0,0.0,1,2
52796,1,4.0,0.0,1,3
52799,1,5.0,0.0,1,3
52801,1,4.0,0.0,1,2
52807,1,3.0,0.0,1,2
52808,1,5.0,0.0,1,3
52810,1,5.0,0.0,1,4
52811,1,5.0,0.0,1,4
52812,2,4.0,1.4142135623730951,1,3
52817,2,3.0,2.8284271247461903,1,2
52819,8,3.875,0.8345229603962802,1,3
52825,1,5.0,0.0,1,2
52828,1,4.0,0.0,1,3
52832,1,5.0,0.0,1,2
52834,2,4.5,0.7071067811865476,2,2
52839,1,5.0,0.0,1,5
52840,1,5.0,0.0,1,3
52844,1,5.0,0.0,1,3
52846,1,5.0,0.0,1,3
52848,1,5.0,0.0,1,4
52849,3,4.333333333333333,1.1547005383792515,3,2
52852,1,4.0,0.0,1,4
52856,3,4.0,1.0,3,2
52857,5,4.4,0.8944271909999159,3,2
52858,1,5.0,0.0,1,2
52864,1,4.0,0.0,1,2
52866,2,4.5,0.7071067811865476,2,2
52867,1,4.0,0.0,1,2
52868,2,4.5,0.7071067811865476,2,4
52874,1,4.0,0.0,1,3
52875,2,4.0,0.0,2,4
52876,1,5.0,0.0,1,2
52883,1,5.0,0.0,1,4
52886,1,5.0,0.0,1,4
52888,1,4.0,0.0,1,3
52895,1,4.0,0.0,1,2
52897,1,3.0,0.0,1,2
52900,1,5.0,0.0,1,2
52904,1,3.0,0.0,1,2
52906,1,5.0,0.0,1,2
52909,3,3.6666666666666665,0.5773502691896257,3,2
52913,2,4.5,0.7071067811865476,2,2
52915,4,4.5,1.0,4,2
52918,3,4.666666666666667,0.5773502691896257,3,4
52919,2,4.5,0.7071067811865476,2,2
52921,1,4.0,0.0,1,4
52925,3,5.0,0.0,3,2
52933,1,5.0,0.0,1,5
52936,2,4.0,1.4142135623730951,1,3
52942,1,5.0,0.0,1,2
52951,1,4.0,0.0,1,4
52954,1,4.0,0.0,1,5
52956,1,5.0,0.0,1,2
52957,1,5.0,0.0,1,5
52960,1,4.0,0.0,1,4
52969,1,5.0,0.0,1,4
52970,1,5.0,0.0,1,4
52971,2,5.0,0.0,1,2
52972,1,4.0,0.0,1,2
52974,2,5.0,0.0,2,3
52976,1,5.0,0.0,1,4
52978,2,4.5,0.7071067811865476,2,4
52979,1,4.0,0.0,1,2
52980,1,5.0,0.0,1,5
52981,1,3.0,0.0,1,3
52984,1,5.0,0.0,1,3
52987,1,5.0,0.0,1,4
52989,3,5.0,0.0,2,2
52990,2,3.0,1.4142135623730951,2,5
52991,1,5.0,0.0,1,3
52993,1,2.0,0.0,1,2
52998,1,4.0,0.0,1,4
53002,1,5.0,0.0,1,2
53009,2,4.0,1.4142135623730951,2,3
53010,1,1.0,0.0,1,3
53013,1,1.0,0.0,1,2
53019,1,5.0,0.0,1,4
53020,4,4.75,0.5,4,3
53022,1,4.0,0.0,1,2
53023,1,3.0,0.0,1,3
53026,2,3.5,2.1213203435596424,2,4
53029,1,3.0,0.0,1,4
53030,1,4.0,0.0,1,3
53034,1,2.0,0.0,1,2
53035,1,3.0,0.0,1,3
53036,2,5.0,0.0,1,2
53039,2,2.5,0.7071067811865476,2,2
53040,2,4.0,0.0,2,3
53041,1,5.0,0.0,1,4
53043,1,4.0,0.0,1,3
53046,1,4.0,0.0,1,4
53047,1,5.0,0.0,1,2
53049,1,3.0,0.0,1,4
53052,1,5.0,0.0,1,3
53053,1,3.0,0.0,1,4
53055,1,4.0,0.0,1,4
53056,3,4.333333333333333,0.5773502691896257,1,5
53057,1,5.0,0.0,1,5
53060,1,2.0,0.0,1,3
53062,1,1.0,0.0,1,2
53064,1,4.0,0.0,1,2
53065,1,3.0,0.0,1,4
53066,1,5.0,0.0,1,3
53067,1,1.0,0.0,1,2
53068,1,5.0,0.0,1,4
53071,1,4.0,0.0,1,3
53072,3,3.3333333333333335,1.1547005383792515,3,4
53074,1,4.0,0.0,1,2
53075,1,5.0,0.0,1,2
53076,1,4.0,0.0,1,2
53080,1,5.0,0.0,1,3
53081,1,4.0,0.0,1,4
53082,2,2.5,0.7071067811865476,2,2
53083,1,5.0,0.0,1,1
53085,1,5.0,0.0,1,3
53094,1,5.0,0.0,1,3
53096,5,4.4,0.8944271909999159,5,3
53099,1,4.0,0.0,1,2
53102,1,5.0,0.0,1,2
53105,3,4.0,0.0,3,2
53106,1,5.0,0.0,1,3
53107,1,3.0,0.0,1,2
53109,2,4.5,0.7071067811865476,2,4
53113,2,5.0,0.0,2,2
53114,1,3.0,0.0,1,4
53117,2,3.0,1.4142135623730951,2,2
53118,1,5.0,0.0,1,3
53119,1,4.0,0.0,1,2
53125,1,4.0,0.0,1,4
53132,2,4.0,1.4142135623730951,1,2
53133,5,4.8,0.44721359549995787,4,3
53136,1,3.0,0.0,1,2
53139,1,4.0,0.0,1,4
53141,1,3.0,0.0,1,2
53147,3,4.0,1.0,3,2
53148,2,5.0,0.0,1,4
53149,1,3.0,0.0,1,4
53152,1,4.0,0.0,1,2
53156,1,4.0,0.0,1,4
53161,2,5.0,0.0,2,4
53162,1,5.0,0.0,1,3
53164,1,3.0,0.0,1,5
53166,1,2.0,0.0,1,2
53171,1,5.0,0.0,1,2
53176,1,5.0,0.0,1,3
53177,1,5.0,0.0,1,2
53181,6,3.5,1.6431676725154984,4,3
53182,2,3.5,0.7071067811865476,2,3
53184,4,4.5,0.5773502691896257,3,3
53188,3,5.0,0.0,3,2
53189,1,5.0,0.0,1,2
53193,2,4.5,0.7071067811865476,2,2
53194,1,4.0,0.0,1,4
53197,1,4.0,0.0,1,2
53201,1,5.0,0.0,1,2
53202,2,5.0,0.0,2,4
53204,2,2.5,2.1213203435596424,2,2
53207,1,3.0,0.0,1,5
53211,2,4.5,0.7071067811865476,2,2
53213,1,5.0,0.0,1,5
53214,1,5.0,0.0,1,3
53215,1,5.0,0.0,1,3
53216,1,3.0,0.0,1,2
53220,3,4.333333333333333,1.1547005383792515,2,2
53221,2,4.0,1.4142135623730951,2,3
53226,1,4.0,0.0,1,5
53228,1,4.0,0.0,1,2
53230,1,2.0,0.0,1,4
53232,1,5.0,0.0,1,2
53234,1,5.0,0.0,1,4
53237,1,2.0,0.0,1,2
53238,2,3.5,0.7071067811865476,1,5
53240,3,4.0,1.7320508075688772,2,3
53243,1,3.0,0.0,1,4
53246,1,5.0,0.0,1,2
53248,3,4.333333333333333,1.1547005383792515,3,2
53250,1,5.0,0.0,1,2
53251,1,3.0,0.0,1,3
53252,2,5.0,0.0,2,4
53257,3,4.333333333333333,1.1547005383792515,3,5
53259,2,4.0,1.4142135623730951,2,2
53261,1,5.0,0.0,1,3
53262,1,4.0,0.0,1,2
53265,1,4.0,0.0,1,4
53266,1,5.0,0.0,1,3
53270,1,5.0,0.0,1,3
53271,1,5.0,0.0,1,2
53272,1,5.0,0.0,1,2
53280,1,5.0,0.0,1,4
53282,2,4.5,0.7071067811865476,2,3
53283,2,3.5,0.7071067811865476,2,2
53286,1,4.0,0.0,1,2
53287,1,3.0,0.0,1,2
53288,1,3.0,0.0,1,2
53290,1,5.0,0.0,1,2
53298,1,4.0,0.0,1,3
53299,1,5.0,0.0,1,3
53300,1,3.0,0.0,1,2
53302,1,5.0,0.0,1,2
53303,2,3.5,0.7071067811865476,1,4
53306,1,5.0,0.0,1,2
53308,1,5.0,0.0,1,2
53309,1,5.0,0.0,1,4
53310,3,4.333333333333333,0.5773502691896257,3,4
53313,1,3.0,0.0,1,4
53314,1,5.0,0.0,1,3
53315,5,4.6,0.5477225575051663,4,2
53317,1,3.0,0.0,1,2
53320,2,4.5,0.7071067811865476,2,2
53322,1,2.0,0.0,1,3
53328,1,4.0,0.0,1,3
53332,1,5.0,0.0,1,2
53335,1,3.0,0.0,1,2
53337,2,5.0,0.0,2,2
53339,1,5.0,0.0,1,2
53348,1,5.0,0.0,1,5
53349,1,3.0,0.0,1,2
53351,2,4.5,0.7071067811865476,2,1
53352,4,5.0,0.0,4,3
53355,1,5.0,0.0,1,4
53357,1,5.0,0.0,1,2
53358,1,1.0,0.0,1,2
53366,1,5.0,0.0,1,2
53368,1,2.0,0.0,1,4
53371,1,4.0,0.0,1,4
53373,1,5.0,0.0,1,3
53384,1,4.0,0.0,1,1
53385,3,4.666666666666667,0.5773502691896257,3,2
53387,1,5.0,0.0,1,1
53389,1,5.0,0.0,1,3
53392,1,5.0,0.0,1,2
53395,1,4.0,0.0,1,2
53396,4,4.0,0.816496580927726,4,2
53398,1,4.0,0.0,1,2
53404,1,5.0,0.0,1,3
53405,1,5.0,0.0,1,2
53410,1,5.0,0.0,1,3
53411,1,4.0,0.0,1,4
53415,1,5.0,0.0,1,3
53420,1,4.0,0.0,1,3
53421,1,3.0,0.0,1,3
53423,1,5.0,0.0,1,4
53425,1,4.0,0.0,1,2
53426,1,5.0,0.0,1,2
53427,1,5.0,0.0,1,4
53428,1,2.0,0.0,1,3
53429,8,4.25,0.8864052604279183,2,2
53431,3,4.0,1.0,3,2
53432,1,4.0,0.0,1,2
53436,1,5.0,0.0,1,2
53437,2,4.5,0.7071067811865476,2,2
53441,1,5.0,0.0,1,4
53442,4,4.25,0.5,4,2
53443,1,5.0,0.0,1,3
53450,1,5.0,0.0,1,5
53459,2,4.0,0.0,2,3
53467,1,3.0,0.0,1,2
53469,2,3.5,2.1213203435596424,2,4
53470,1,4.0,0.0,1,2
53473,2,3.0,0.0,2,2
53474,1,5.0,0.0,1,4
53477,2,5.0,0.0,2,3
53479,3,3.6666666666666665,1.5275252316519468,3,3
53480,1,5.0,0.0,1,3
53483,1,5.0,0.0,1,2
53486,1,3.0,0.0,1,4
53487,1,3.0,0.0,1,3
53490,1,5.0,0.0,1,2
53496,1,5.0,0.0,1,3
53497,1,4.0,0.0,1,2
53498,1,5.0,0.0,1,3
53500,2,4.0,0.0,2,5
53501,1,4.0,0.0,1,2
53504,1,3.0,0.0,1,3
53509,2,4.0,0.0,2,2
53512,1,5.0,0.0,1,2
53516,2,3.5,0.7071067811865476,2,2
53518,1,4.0,0.0,1,3
53521,3,3.0,1.0,3,2
53526,1,5.0,0.0,1,5
53527,1,5.0,0.0,1,3
53528,1,4.0,0.0,1,3
53532,2,4.5,0.7071067811865476,2,2
53533,3,4.666666666666667,0.5773502691896257,3,3
53534,1,5.0,0.0,1,3
53536,3,4.0,1.0,1,4
53538,1,4.0,0.0,1,5
53540,1,5.0,0.0,1,2
53543,2,4.0,0.0,2,2
53545,2,3.5,0.7071067811865476,2,2
53550,3,4.0,0.0,3,2
53551,2,3.0,0.0,1,3
53552,1,1.0,0.0,1,4
53556,1,5.0,0.0,1,2
53561,1,4.0,0.0,1,2
53564,1,4.0,0.0,1,3
53571,1,2.0,0.0,1,4
53573,1,5.0,0.0,1,4
53574,1,5.0,0.0,1,4
53576,2,4.5,0.7071067811865476,2,3
53578,1,5.0,0.0,1,4
53581,1,4.0,0.0,1,3
53583,1,5.0,0.0,1,2
53584,1,4.0,0.0,1,3
53585,1,5.0,0.0,1,4
53586,1,3.0,0.0,1,5
53591,2,5.0,0.0,2,2
53592,1,5.0,0.0,1,2
53594,1,5.0,0.0,1,4
53595,1,4.0,0.0,1,4
53599,1,4.0,0.0,1,2
53600,2,4.5,0.7071067811865476,2,2
53604,3,4.0,1.0,3,2
53606,1,4.0,0.0,1,2
53607,1,5.0,0.0,1,2
53608,1,5.0,0.0,1,4
53610,1,4.0,0.0,1,4
53611,1,4.0,0.0,1,2
53623,1,4.0,0.0,1,2
53630,1,5.0,0.0,1,5
53633,2,4.0,0.0,2,3
53634,1,4.0,0.0,1,3
53636,2,4.5,0.7071067811865476,1,3
53637,1,4.0,0.0,1,3
53638,1,4.0,0.0,1,4
53639,1,5.0,0.0,1,3
53642,1,5.0,0.0,1,5
53646,1,4.0,0.0,1,4
53653,1,4.0,0.0,1,5
53654,1,5.0,0.0,1,5
53656,1,4.0,0.0,1,3
53657,2,3.5,0.7071067811865476,2,2
53658,3,4.0,0.0,3,4
53659,2,3.0,0.0,2,3
53660,1,4.0,0.0,1,2
53662,1,4.0,0.0,1,2
53664,2,4.0,0.0,2,2
53665,1,4.0,0.0,1,2
53667,1,4.0,0.0,1,3
53669,1,3.0,0.0,1,5
53670,1,5.0,0.0,1,2
53673,2,4.0,1.4142135623730951,2,2
53676,4,5.0,0.0,4,3
53679,1,4.0,0.0,1,4
53683,1,4.0,0.0,1,3
53685,1,3.0,0.0,1,2
53687,2,4.0,0.0,2,3
53688,1,3.0,0.0,1,5
53689,2,3.5,0.7071067811865476,1,4
53690,3,3.6666666666666665,2.3094010767585034,3,3
53693,1,5.0,0.0,1,3
53694,3,3.6666666666666665,2.3094010767585034,3,4
53699,1,4.0,0.0,1,3
53700,1,4.0,0.0,1,2
53706,1,4.0,0.0,1,5
53714,1,2.0,0.0,1,3
53715,1,5.0,0.0,1,4
53716,1,4.0,0.0,1,2
53717,2,2.0,1.4142135623730951,2,3
53719,1,5.0,0.0,1,3
53720,1,4.0,0.0,1,3
53724,2,4.0,0.0,2,3
53729,1,5.0,0.0,1,2
53730,1,5.0,0.0,1,4
53734,1,5.0,0.0,1,2
53738,2,4.5,0.7071067811865476,2,4
53740,1,5.0,0.0,1,3
53742,1,5.0,0.0,1,2
53743,1,5.0,0.0,1,3
53746,9,4.555555555555555,0.7264831572567789,7,2
53747,1,5.0,0.0,1,4
53748,1,5.0,0.0,1,3
53750,1,5.0,0.0,1,5
53751,5,4.0,1.224744871391589,5,3
53752,1,5.0,0.0,1,4
53754,1,2.0,0.0,1,3
53755,1,4.0,0.0,1,3
53759,2,4.5,0.7071067811865476,2,2
53762,1,2.0,0.0,1,2
53763,2,4.5,0.7071067811865476,2,2
53764,1,3.0,0.0,1,2
53765,1,4.0,0.0,1,2
53771,1,4.0,0.0,1,2
53772,2,3.5,0.7071067811865476,1,5
53773,1,4.0,0.0,1,3
53777,1,3.0,0.0,1,5
53778,1,5.0,0.0,1,4
53782,1,5.0,0.0,1,5
53785,1,5.0,0.0,1,3
53787,3,3.3333333333333335,0.5773502691896258,3,2
53791,2,5.0,0.0,2,2
53792,1,4.0,0.0,1,2
53795,1,5.0,0.0,1,4
53800,1,4.0,0.0,1,3
53801,1,5.0,0.0,1,3
53805,1,5.0,0.0,1,3
53808,1,5.0,0.0,1,4
53809,3,4.0,1.0,3,3
53813,2,5.0,0.0,2,5
53814,1,4.0,0.0,1,2
53815,1,5.0,0.0,1,3
53816,2,3.5,0.7071067811865476,1,4
53819,1,3.0,0.0,1,4
53820,1,3.0,0.0,1,2
53822,4,4.5,0.5773502691896257,4,2
53827,1,5.0,0.0,1,4
53828,1,3.0,0.0,1,2
53829,2,4.5,0.7071067811865476,2,3
53830,1,5.0,0.0,1,3
53831,6,3.5,1.0488088481701516,2,2
53832,2,3.0,1.4142135623730951,2,3
53833,3,4.666666666666667,0.5773502691896257,3,4
53837,2,5.0,0.0,1,4
53839,2,5.0,0.0,2,3
53840,1,5.0,0.0,1,4
53841,1,5.0,0.0,1,3
53845,1,4.0,0.0,1,2
53849,1,4.0,0.0,1,4
53850,1,5.0,0.0,1,3
53851,1,5.0,0.0,1,3
53855,1,5.0,0.0,1,2
53856,1,5.0,0.0,1,2
53857,2,5.0,0.0,2,3
53858,1,4.0,0.0,1,5
53859,1,5.0,0.0,1,3
53860,3,3.6666666666666665,0.5773502691896258,3,4
53863,1,4.0,0.0,1,4
53868,8,3.875,0.8345229603962802,3,3
53871,1,2.0,0.0,1,2
53872,2,5.0,0.0,2,2
53875,1,5.0,0.0,1,3
53877,1,4.0,0.0,1,3
53887,2,4.5,0.7071067811865476,2,2
53889,1,2.0,0.0,1,3
53890,3,4.666666666666667,0.5773502691896258,3,2
53892,1,4.0,0.0,1,3
53894,1,2.0,0.0,1,4
53897,1,4.0,0.0,1,3
53900,3,4.0,0.0,3,2
53903,2,4.0,1.4142135623730951,2,2
53904,1,4.0,0.0,1,2
53905,1,5.0,0.0,1,2
53908,1,5.0,0.0,1,2
53909,1,3.0,0.0,1,4
53910,1,4.0,0.0,1,4
53912,1,4.0,0.0,1,4
53919,1,5.0,0.0,1,4
53921,2,4.5,0.7071067811865476,2,2
53922,1,5.0,0.0,1,2
53931,1,5.0,0.0,1,3
53932,1,5.0,0.0,1,2
53934,1,3.0,0.0,1,3
53936,1,5.0,0.0,1,3
53937,1,4.0,0.0,1,5
53938,1,5.0,0.0,1,3
53941,1,2.0,0.0,1,3
53942,1,5.0,0.0,1,4
53945,1,4.0,0.0,1,3
53948,2,4.5,0.7071067811865476,2,2
53952,1,5.0,0.0,1,2
53953,1,3.0,0.0,1,2
53954,1,5.0,0.0,1,4
53956,1,5.0,0.0,1,3
53958,1,5.0,0.0,1,4
53964,1,4.0,0.0,1,2
53966,1,5.0,0.0,1,3
53968,2,3.5,0.7071067811865476,2,2
53973,1,4.0,0.0,1,2
53975,1,3.0,0.0,1,5
53978,1,4.0,0.0,1,5
53981,1,4.0,0.0,1,2
53983,1,5.0,0.0,1,2
53990,1,3.0,0.0,1,5
53995,1,2.0,0.0,1,2
53996,1,5.0,0.0,1,2
53997,1,3.0,0.0,1,2
53999,1,4.0,0.0,1,2
54005,2,3.5,0.7071067811865476,2,4
54006,1,4.0,0.0,1,4
54008,1,4.0,0.0,1,2
54009,1,2.0,0.0,1,4
54012,1,5.0,0.0,1,3
54013,1,3.0,0.0,1,2
54016,1,4.0,0.0,1,4
54018,1,5.0,0.0,1,5
54020,1,3.0,0.0,1,2
54024,2,4.5,0.7071067811865476,1,3
54025,1,5.0,0.0,1,2
54027,2,4.0,0.0,2,3
54028,3,4.0,1.0,1,2
54035,1,5.0,0.0,1,4
54036,1,4.0,0.0,1,2
54037,1,5.0,0.0,1,3
54038,4,3.5,0.5773502691896257,1,5
54039,1,5.0,0.0,1,2
54040,1,5.0,0.0,1,3
54043,2,4.0,1.4142135623730951,2,4
54044,1,3.0,0.0,1,4
54045,1,4.0,0.0,1,2
54048,3,4.0,0.0,1,1
54050,1,4.0,0.0,1,2
54051,1,4.0,0.0,1,3
54052,1,5.0,0.0,1,3
54053,1,5.0,0.0,1,2
54054,1,5.0,0.0,1,4
54055,1,2.0,0.0,1,2
54056,1,5.0,0.0,1,3
54060,2,4.5,0.7071067811865476,2,5
54061,2,3.5,0.7071067811865476,1,4
54062,1,5.0,0.0,1,2
54063,3,5.0,0.0,2,2
54065,1,2.0,0.0,1,2
54066,2,4.5,0.7071067811865476,2,2
54071,1,4.0,0.0,1,4
54072,1,5.0,0.0,1,4
54073,1,4.0,0.0,1,4
54075,2,4.5,0.7071067811865476,1,5
54078,2,5.0,0.0,2,2
54083,1,5.0,0.0,1,3
54090,1,5.0,0.0,1,2
54094,3,4.333333333333333,1.1547005383792517,3,4
54095,1,5.0,0.0,1,3
54097,2,4.5,0.7071067811865476,1,5
54098,1,4.0,0.0,1,5
54109,1,4.0,0.0,1,3
54110,4,4.75,0.5,4,5
54111,1,4.0,0.0,1,2
54112,2,4.0,0.0,2,3
54114,2,4.0,1.4142135623730951,2,2
54118,2,3.0,1.4142135623730951,2,2
54119,1,3.0,0.0,1,2
54125,2,2.0,1.4142135623730951,1,4
54126,1,4.0,0.0,1,5
54128,1,4.0,0.0,1,4
54145,1,5.0,0.0,1,2
54146,1,3.0,0.0,1,2
54148,1,5.0,0.0,1,3
54150,1,5.0,0.0,1,3
54159,1,5.0,0.0,1,2
54162,1,5.0,0.0,1,4
54164,1,5.0,0.0,1,2
54165,3,4.666666666666667,0.5773502691896258,3,2
54167,1,1.0,0.0,1,4
54169,1,4.0,0.0,1,3
54173,1,4.0,0.0,1,3
54176,2,4.0,0.0,2,4
54178,2,3.5,0.7071067811865476,2,3
54184,1,3.0,0.0,1,3
54186,1,5.0,0.0,1,4
54188,1,5.0,0.0,1,3
54190,1,5.0,0.0,1,2
54193,2,3.0,1.4142135623730951,2,2
54195,2,4.0,0.0,1,4
54197,1,4.0,0.0,1,2
54212,1,4.0,0.0,1,3
54215,1,3.0,0.0,1,3
54219,1,4.0,0.0,1,2
54220,1,4.0,0.0,1,2
54221,1,3.0,0.0,1,3
54222,1,5.0,0.0,1,4
54224,1,5.0,0.0,1,4
54227,1,4.0,0.0,1,3
54229,2,5.0,0.0,2,2
54234,1,5.0,0.0,1,2
54236,1,2.0,0.0,1,2
54237,1,5.0,0.0,1,2
54240,1,4.0,0.0,1,2
54241,2,4.5,0.7071067811865476,2,3
54243,1,3.0,0.0,1,2
54244,2,5.0,0.0,2,5
54245,3,4.0,1.0,3,2
54246,1,5.0,0.0,1,4
54247,1,1.0,0.0,1,5
54250,2,4.5,0.7071067811865476,2,3
54258,2,3.5,0.7071067811865476,1,2
54261,1,1.0,0.0,1,4
54266,6,4.333333333333333,0.5163977794943223,4,4
54270,1,4.0,0.0,1,2
54271,1,5.0,0.0,1,5
54273,1,4.0,0.0,1,2
54276,2,4.5,0.7071067811865476,1,4
54278,1,5.0,0.0,1,2
54280,1,4.0,0.0,1,2
54282,1,5.0,0.0,1,3
54283,1,5.0,0.0,1,2
54284,1,2.0,0.0,1,2
54285,1,3.0,0.0,1,2
54287,1,5.0,0.0,1,3
54291,2,4.5,0.7071067811865476,2,2
54292,1,4.0,0.0,1,3
54293,2,4.5,0.7071067811865476,2,2
54294,1,3.0,0.0,1,2
54303,2,3.0,0.0,2,3
54306,2,4.0,0.0,2,4
54312,2,3.0,0.0,1,3
54313,1,4.0,0.0,1,2
54314,4,3.5,1.7320508075688772,3,3
54316,1,5.0,0.0,1,4
54317,1,5.0,0.0,1,3
54325,1,5.0,0.0,1,4
54326,1,5.0,0.0,1,2
54327,3,3.0,0.0,3,2
54331,1,5.0,0.0,1,4
54332,1,5.0,0.0,1,3
54334,2,5.0,0.0,2,3
54335,1,4.0,0.0,1,4
54337,1,5.0,0.0,1,2
54340,1,4.0,0.0,1,2
54341,1,5.0,0.0,1,2
54345,1,4.0,0.0,1,4
54346,1,5.0,0.0,1,4
54347,1,3.0,0.0,1,2
54348,1,4.0,0.0,1,3
54349,1,4.0,0.0,1,2
54351,1,4.0,0.0,1,3
54352,4,4.5,0.5773502691896257,3,3
54355,1,5.0,0.0,1,4
54356,1,5.0,0.0,1,2
54358,1,1.0,0.0,1,2
54360,1,5.0,0.0,1,2
54362,2,3.5,0.7071067811865476,1,2
54364,1,5.0,0.0,1,3
54365,1,5.0,0.0,1,3
54368,1,4.0,0.0,1,5
54372,3,5.0,0.0,2,3
54373,1,4.0,0.0,1,4
54376,2,4.5,0.7071067811865476,2,5
54377,2,5.0,0.0,2,4
54380,1,4.0,0.0,1,5
54386,1,4.0,0.0,1,2
54389,1,5.0,0.0,1,3
54390,1,5.0,0.0,1,2
54393,1,5.0,0.0,1,3
54394,1,5.0,0.0,1,4
54408,1,5.0,0.0,1,3
54409,2,4.5,0.7071067811865476,2,5
54414,1,5.0,0.0,1,5
54417,1,2.0,0.0,1,2
54418,2,5.0,0.0,2,2
54420,1,4.0,0.0,1,2
54424,4,3.5,1.0,3,2
54428,2,5.0,0.0,2,4
54434,1,4.0,0.0,1,3
54435,2,4.5,0.7071067811865476,1,2
54438,2,2.0,0.0,2,2
54439,1,4.0,0.0,1,3
54441,5,3.6,1.51657508881031,3,2
54442,2,3.0,1.4142135623730951,2,1
54443,2,4.5,0.7071067811865476,2,4
54446,1,2.0,0.0,1,2
54447,2,4.5,0.7071067811865476,1,2
54449,1,5.0,0.0,1,3
54455,1,4.0,0.0,1,3
54456,1,5.0,0.0,1,3
54459,1,2.0,0.0,1,3
54460,1,3.0,0.0,1,2
54465,2,4.5,0.7071067811865476,2,4
54468,2,4.0,0.0,2,2
54469,1,3.0,0.0,1,3
54477,1,4.0,0.0,1,4
54478,1,4.0,0.0,1,4
54479,1,5.0,0.0,1,3
54487,1,5.0,0.0,1,2
54491,1,5.0,0.0,1,3
54492,1,3.0,0.0,1,2
54493,1,3.0,0.0,1,4
54497,3,5.0,0.0,3,4
54498,1,3.0,0.0,1,2
54501,2,4.0,0.0,2,5
54502,1,5.0,0.0,1,3
54507,1,3.0,0.0,1,4
54509,3,4.333333333333333,1.1547005383792515,2,3
54511,2,4.5,0.7071067811865476,2,3
54512,1,4.0,0.0,1,3
54513,1,5.0,0.0,1,2
54514,1,2.0,0.0,1,4
54517,1,5.0,0.0,1,2
54520,1,3.0,0.0,1,2
54522,3,4.333333333333333,0.5773502691896258,3,2
54523,1,4.0,0.0,1,2
54524,1,3.0,0.0,1,5
54525,1,5.0,0.0,1,3
54527,3,3.6666666666666665,0.5773502691896258,1,3
54530,1,5.0,0.0,1,2
54536,1,4.0,0.0,1,2
54538,1,5.0,0.0,1,2
54539,1,5.0,0.0,1,2
54542,1,5.0,0.0,1,2
54544,1,4.0,0.0,1,3
54547,1,4.0,0.0,1,2
54548,1,4.0,0.0,1,3
54549,1,3.0,0.0,1,4
54550,3,4.0,1.0,1,2
54552,1,4.0,0.0,1,3
54554,1,5.0,0.0,1,3
54555,1,4.0,0.0,1,2
54556,1,4.0,0.0,1,3
54558,2,2.5,0.7071067811865476,1,2
54564,1,5.0,0.0,1,4
54565,1,5.0,0.0,1,4
54566,4,4.5,0.5773502691896257,4,2
54567,1,5.0,0.0,1,2
54570,1,5.0,0.0,1,2
54573,2,5.0,0.0,2,3
54574,2,3.0,0.0,2,4
54578,1,2.0,0.0,1,2
54579,2,4.0,0.0,2,2
54581,1,4.0,0.0,1,2
54583,1,3.0,0.0,1,4
54587,4,4.5,0.5773502691896257,3,2
54591,2,3.5,0.7071067811865476,1,3
54593,1,3.0,0.0,1,2
54596,1,5.0,0.0,1,3
54598,1,5.0,0.0,1,4
54600,1,4.0,0.0,1,2
54603,1,4.0,0.0,1,2
54605,1,3.0,0.0,1,3
54607,1,5.0,0.0,1,2
54609,1,3.0,0.0,1,2
54612,1,4.0,0.0,1,4
54613,1,4.0,0.0,1,2
54618,1,1.0,0.0,1,3
54624,1,5.0,0.0,1,5
54627,2,3.5,0.7071067811865476,2,2
54633,2,4.5,0.7071067811865476,2,2
54634,1,5.0,0.0,1,4
54635,1,4.0,0.0,1,5
54636,1,5.0,0.0,1,2
54641,1,5.0,0.0,1,3
54644,2,4.0,1.4142135623730951,2,5
54645,1,5.0,0.0,1,3
54651,1,5.0,0.0,1,4
54652,1,4.0,0.0,1,5
54653,1,1.0,0.0,1,3
54661,2,3.0,1.4142135623730951,2,2
54662,2,5.0,0.0,2,5
54664,2,4.5,0.7071067811865476,1,3
54667,1,4.0,0.0,1,5
54668,2,4.5,0.7071067811865476,2,2
54669,1,5.0,0.0,1,2
54679,1,4.0,0.0,1,3
54680,1,5.0,0.0,1,3
54683,1,5.0,0.0,1,3
54689,1,2.0,0.0,1,4
54693,1,5.0,0.0,1,4
54696,2,4.5,0.7071067811865476,2,3
54698,3,3.6666666666666665,0.5773502691896258,3,4
54701,1,4.0,0.0,1,5
54703,3,5.0,0.0,3,5
54704,2,3.5,0.7071067811865476,2,3
54709,3,4.666666666666667,0.5773502691896258,3,2
54716,1,5.0,0.0,1,2
54718,1,3.0,0.0,1,4
54719,2,5.0,0.0,2,4
54720,1,5.0,0.0,1,2
54723,2,5.0,0.0,2,5
54725,1,5.0,0.0,1,2
54726,1,5.0,0.0,1,3
54728,1,2.0,0.0,1,3
54731,1,5.0,0.0,1,2
54732,1,5.0,0.0,1,4
54733,1,5.0,0.0,1,4
54735,1,5.0,0.0,1,3
54740,1,5.0,0.0,1,3
54743,1,5.0,0.0,1,2
54744,1,3.0,0.0,1,2
54746,1,5.0,0.0,1,3
54751,1,4.0,0.0,1,2
54754,1,4.0,0.0,1,2
54755,1,4.0,0.0,1,3
54758,1,4.0,0.0,1,2
54761,1,2.0,0.0,1,3
54762,6,3.8333333333333335,0.752772652709081,5,2
54763,1,5.0,0.0,1,2
54764,1,4.0,0.0,1,4
54767,3,3.6666666666666665,2.3094010767585034,3,4
54770,1,5.0,0.0,1,2
54771,1,5.0,0.0,1,5
54774,1,5.0,0.0,1,2
54775,2,3.5,0.7071067811865476,2,2
54776,1,3.0,0.0,1,2
54777,1,5.0,0.0,1,2
54779,1,5.0,0.0,1,3
54780,1,4.0,0.0,1,4
54781,4,4.5,1.0,2,3
54782,1,5.0,0.0,1,3
54793,1,4.0,0.0,1,2
54794,1,3.0,0.0,1,2
54796,1,5.0,0.0,1,4
54797,1,5.0,0.0,1,2
54799,8,4.125,1.1259916264596035,5,2
54801,4,4.25,0.9574271077563381,4,3
54802,1,5.0,0.0,1,2
54803,1,5.0,0.0,1,3
54804,1,5.0,0.0,1,2
54806,2,4.0,0.0,1,3
54809,3,4.666666666666667,0.5773502691896257,3,2
54810,1,4.0,0.0,1,3
54811,1,2.0,0.0,1,3
54812,1,5.0,0.0,1,3
54813,1,5.0,0.0,1,3
54815,1,5.0,0.0,1,2
54816,11,3.0,1.6733200530681511,8,2
54819,2,5.0,0.0,2,3
54820,1,5.0,0.0,1,3
54822,1,5.0,0.0,1,3
54825,1,3.0,0.0,1,4
54831,10,4.7,0.48304589153964794,8,3
54832,2,5.0,0.0,2,2
54833,1,5.0,0.0,1,3
54834,1,4.0,0.0,1,2
54836,1,5.0,0.0,1,5
54837,2,5.0,0.0,2,3
54839,6,4.0,1.0954451150103324,6,2
54840,1,3.0,0.0,1,2
54842,1,1.0,0.0,1,2
54843,1,5.0,0.0,1,2
54845,1,4.0,0.0,1,2
54849,1,4.0,0.0,1,2
54850,2,4.5,0.7071067811865476,2,4
54851,1,5.0,0.0,1,3
54854,1,4.0,0.0,1,4
54856,1,5.0,0.0,1,2
54857,1,4.0,0.0,1,2
54858,5,4.4,0.8944271909999159,4,2
54859,1,4.0,0.0,1,1
54860,1,5.0,0.0,1,2
54861,2,4.5,0.7071067811865476,1,3
54862,1,5.0,0.0,1,3
54865,13,3.8461538461538463,0.9870962335856491,5,2
54866,1,2.0,0.0,1,2
54867,1,5.0,0.0,1,2
54870,1,5.0,0.0,1,2
54872,1,5.0,0.0,1,3
54875,10,3.9,1.286683937707919,5,2
54876,1,5.0,0.0,1,4
54877,2,2.0,1.4142135623730951,2,2
54881,1,4.0,0.0,1,3
54883,1,3.0,0.0,1,5
54884,1,4.0,0.0,1,2
54885,13,3.8461538461538463,1.0681880176381129,7,2
54887,1,4.0,0.0,1,2
54888,1,5.0,0.0,1,2
54894,5,3.0,1.224744871391589,1,2
54895,2,2.0,0.0,2,2
54898,1,5.0,0.0,1,2
54901,1,5.0,0.0,1,2
54903,1,4.0,0.0,1,2
54904,1,5.0,0.0,1,2
54907,1,5.0,0.0,1,2
54908,1,5.0,0.0,1,4
54915,1,4.0,0.0,1,4
54916,1,3.0,0.0,1,2
54923,2,4.0,1.4142135623730951,2,4
54924,2,4.5,0.7071067811865476,1,2
54925,1,5.0,0.0,1,3
54929,3,4.333333333333333,1.1547005383792517,1,4
54930,1,5.0,0.0,1,2
54933,1,4.0,0.0,1,2
54935,2,5.0,0.0,2,2
54937,1,5.0,0.0,1,2
54942,1,3.0,0.0,1,5
54943,1,4.0,0.0,1,2
54944,1,5.0,0.0,1,3
54951,1,5.0,0.0,1,3
54952,1,4.0,0.0,1,2
54954,2,4.0,1.4142135623730951,1,5
54956,1,4.0,0.0,1,3
54957,2,4.0,1.4142135623730951,2,3
54961,1,5.0,0.0,1,3
54962,2,3.0,2.8284271247461903,2,3
54964,1,4.0,0.0,1,3
54975,1,3.0,0.0,1,2
54978,1,5.0,0.0,1,2
54979,1,5.0,0.0,1,2
54983,2,4.5,0.7071067811865476,2,3
54986,2,4.5,0.7071067811865476,2,4
54987,1,4.0,0.0,1,1
54988,3,4.333333333333333,0.5773502691896257,3,2
54989,3,4.333333333333333,0.5773502691896257,3,2
54990,1,5.0,0.0,1,2
54992,1,3.0,0.0,1,3
54993,1,3.0,0.0,1,2
54994,3,5.0,0.0,3,2
54999,1,4.0,0.0,1,4
55003,2,5.0,0.0,2,4
55008,1,5.0,0.0,1,3
55010,1,5.0,0.0,1,4
55012,2,4.5,0.7071067811865476,2,2
55014,1,5.0,0.0,1,3
55018,2,4.0,0.0,2,4
55020,1,5.0,0.0,1,2
55025,1,5.0,0.0,1,4
55031,1,4.0,0.0,1,2
55033,2,5.0,0.0,1,2
55034,1,5.0,0.0,1,3
55036,1,1.0,0.0,1,3
55042,1,5.0,0.0,1,3
55043,2,3.5,2.1213203435596424,2,2
55047,1,4.0,0.0,1,3
55048,1,5.0,0.0,1,2
55049,1,5.0,0.0,1,4
55052,1,4.0,0.0,1,2
55057,2,4.0,1.4142135623730951,1,4
55060,1,4.0,0.0,1,2
55063,1,4.0,0.0,1,2
55067,1,4.0,0.0,1,2
55069,2,4.0,0.0,2,2
55070,4,4.0,0.0,4,2
55072,1,4.0,0.0,1,3
55076,6,3.8333333333333335,1.1690451944500122,4,2
55092,1,4.0,0.0,1,2
55094,2,4.5,0.7071067811865476,2,3
55096,3,4.666666666666667,0.5773502691896257,3,3
55098,1,3.0,0.0,1,2
55099,1,4.0,0.0,1,2
55102,1,4.0,0.0,1,2
55105,3,4.0,1.0,3,2
55107,1,3.0,0.0,1,2
55110,1,1.0,0.0,1,3
55111,5,4.0,1.7320508075688772,3,5
55112,2,2.5,0.7071067811865476,2,2
55113,1,2.0,0.0,1,5
55114,2,5.0,0.0,2,2
55117,2,3.5,0.7071067811865476,2,3
55118,3,4.0,1.0,1,2
55119,1,5.0,0.0,1,2
55120,1,5.0,0.0,1,2
55124,1,5.0,0.0,1,2
55126,1,5.0,0.0,1,3
55127,1,5.0,0.0,1,2
55130,1,4.0,0.0,1,4
55131,3,4.333333333333333,1.1547005383792517,3,2
55132,1,5.0,0.0,1,4
55135,2,4.0,0.0,2,3
55147,2,4.5,0.7071067811865476,2,3
55152,1,5.0,0.0,1,3
55158,2,3.0,0.0,2,4
55161,1,3.0,0.0,1,2
55163,1,4.0,0.0,1,5
55166,1,4.0,0.0,1,3
55174,2,4.0,0.0,2,4
55175,1,3.0,0.0,1,3
55180,1,3.0,0.0,1,2
55181,1,5.0,0.0,1,2
55185,1,5.0,0.0,1,4
55186,1,5.0,0.0,1,4
55187,2,4.0,0.0,2,3
55188,1,4.0,0.0,1,4
55195,1,4.0,0.0,1,4
55199,1,5.0,0.0,1,4
55200,1,4.0,0.0,1,4
55201,1,5.0,0.0,1,2
55202,1,3.0,0.0,1,3
55203,1,5.0,0.0,1,3
55204,1,4.0,0.0,1,4
55205,2,4.0,0.0,2,2
55206,1,5.0,0.0,1,3
55208,1,3.0,0.0,1,3
55212,3,4.0,1.7320508075688772,3,3
55213,1,4.0,0.0,1,3
55214,1,5.0,0.0,1,3
55221,2,3.0,1.4142135623730951,2,4
55225,1,5.0,0.0,1,4
55226,1,4.0,0.0,1,3
55227,1,1.0,0.0,1,2
55229,1,4.0,0.0,1,2
55231,2,4.5,0.7071067811865476,1,3
55235,1,5.0,0.0,1,4
55237,1,4.0,0.0,1,2
55240,1,4.0,0.0,1,2
55243,2,4.0,1.4142135623730951,2,2
55244,2,4.5,0.7071067811865476,2,2
55245,1,4.0,0.0,1,2
55246,1,4.0,0.0,1,2
55247,1,3.0,0.0,1,5
55260,2,3.0,0.0,2,3
55262,1,5.0,0.0,1,4
55265,1,4.0,0.0,1,4
55270,1,4.0,0.0,1,2
55271,1,4.0,0.0,1,1
55274,3,3.6666666666666665,0.5773502691896258,3,2
55275,1,5.0,0.0,1,5
55277,1,5.0,0.0,1,2
55278,1,4.0,0.0,1,3
55280,1,5.0,0.0,1,1
55284,1,5.0,0.0,1,2
55287,2,4.5,0.7071067811865476,2,3
55292,2,4.0,1.4142135623730951,2,3
55293,1,5.0,0.0,1,3
55294,1,5.0,0.0,1,3
55297,4,4.0,0.816496580927726,4,2
55299,1,5.0,0.0,1,3
55309,1,4.0,0.0,1,4
55312,1,5.0,0.0,1,2
55313,4,2.0,1.4142135623730951,4,2
55319,1,5.0,0.0,1,2
55320,3,4.0,0.0,3,2
55325,1,3.0,0.0,1,4
55326,1,4.0,0.0,1,5
55328,2,4.5,0.7071067811865476,2,2
55329,1,4.0,0.0,1,5
55330,1,5.0,0.0,1,2
55342,1,5.0,0.0,1,3
55345,1,5.0,0.0,1,1
55347,1,4.0,0.0,1,4
55348,1,5.0,0.0,1,2
55351,1,5.0,0.0,1,3
55353,1,4.0,0.0,1,5
55354,2,5.0,0.0,2,2
55357,1,1.0,0.0,1,2
55360,1,4.0,0.0,1,4
55362,2,3.5,0.7071067811865476,1,3
55364,1,5.0,0.0,1,3
55366,1,3.0,0.0,1,5
55367,2,4.0,1.4142135623730951,2,3
55368,1,4.0,0.0,1,5
55369,2,4.5,0.7071067811865476,2,2
55375,1,5.0,0.0,1,3
55379,1,5.0,0.0,1,2
55381,1,2.0,0.0,1,4
55382,1,5.0,0.0,1,5
55386,1,5.0,0.0,1,3
55387,2,4.5,0.7071067811865476,2,2
55392,1,5.0,0.0,1,3
55396,2,4.5,0.7071067811865476,2,4
55401,1,3.0,0.0,1,4
55405,2,3.5,2.1213203435596424,2,2
55406,1,5.0,0.0,1,4
55407,1,5.0,0.0,1,2
55408,2,4.0,0.0,2,4
55411,1,5.0,0.0,1,2
55412,1,4.0,0.0,1,2
55414,2,3.5,0.7071067811865476,2,2
55418,1,4.0,0.0,1,4
55420,1,5.0,0.0,1,3
55422,1,4.0,0.0,1,2
55425,4,4.5,0.5773502691896258,1,2
55429,3,4.666666666666667,0.5773502691896258,2,3
55430,1,5.0,0.0,1,2
55431,1,5.0,0.0,1,3
55433,1,5.0,0.0,1,4
55434,3,4.0,0.0,3,3
55440,1,5.0,0.0,1,2
55442,3,4.666666666666667,0.5773502691896258,3,3
55445,1,4.0,0.0,1,2
55446,3,3.3333333333333335,0.5773502691896257,3,4
55455,1,4.0,0.0,1,3
55456,1,1.0,0.0,1,3
55463,1,5.0,0.0,1,3
55466,1,5.0,0.0,1,5
55467,1,5.0,0.0,1,4
55469,1,4.0,0.0,1,4
55470,5,3.8,1.6431676725154984,3,2
55472,5,4.0,0.7071067811865476,3,2
55474,1,5.0,0.0,1,3
55477,1,2.0,0.0,1,2
55478,1,5.0,0.0,1,4
55480,1,3.0,0.0,1,3
55481,1,4.0,0.0,1,5
55482,1,4.0,0.0,1,2
55483,6,4.333333333333333,0.816496580927726,4,2
55486,5,4.0,0.0,3,2
55490,1,5.0,0.0,1,4
55492,2,3.5,0.7071067811865476,2,2
55496,1,3.0,0.0,1,5
55498,2,4.5,0.7071067811865476,2,5
55500,3,4.0,1.0,3,2
55504,2,5.0,0.0,2,4
55506,1,5.0,0.0,1,2
55507,1,3.0,0.0,1,2
55509,1,4.0,0.0,1,3
55510,1,5.0,0.0,1,3
55512,3,4.0,0.0,3,2
55522,3,5.0,0.0,3,1
55523,1,4.0,0.0,1,3
55525,1,3.0,0.0,1,2
55527,1,4.0,0.0,1,2
55530,2,4.0,1.4142135623730951,2,5
55531,2,4.0,0.0,2,3
55535,1,5.0,0.0,1,2
55536,1,3.0,0.0,1,1
55537,1,5.0,0.0,1,5
55539,2,4.5,0.7071067811865476,1,4
55542,1,5.0,0.0,1,3
55544,1,5.0,0.0,1,3
55547,1,5.0,0.0,1,4
55551,1,3.0,0.0,1,5
55554,1,5.0,0.0,1,2
55557,1,5.0,0.0,1,5
55561,2,4.0,0.0,2,3
55562,1,4.0,0.0,1,2
55563,1,5.0,0.0,1,2
55566,1,4.0,0.0,1,3
55571,2,3.5,0.7071067811865476,1,2
55572,1,5.0,0.0,1,4
55573,1,5.0,0.0,1,2
55575,2,4.0,0.0,2,2
55578,3,4.666666666666667,0.5773502691896257,3,3
55585,1,5.0,0.0,1,2
55586,2,4.0,0.0,2,2
55587,1,5.0,0.0,1,5
55591,1,3.0,0.0,1,2
55593,1,4.0,0.0,1,4
55594,2,4.5,0.7071067811865476,2,2
55595,1,5.0,0.0,1,3
55596,1,4.0,0.0,1,3
55598,2,4.0,0.0,2,2
55603,1,4.0,0.0,1,2
55609,1,2.0,0.0,1,2
55615,2,4.0,0.0,2,3
55617,1,4.0,0.0,1,5
55618,1,4.0,0.0,1,2
55623,2,5.0,0.0,2,2
55624,1,4.0,0.0,1,2
55625,1,5.0,0.0,1,3
55626,1,1.0,0.0,1,3
55636,1,3.0,0.0,1,2
55638,1,4.0,0.0,1,2
55640,2,4.0,1.4142135623730951,2,2
55644,2,3.0,0.0,2,4
55651,1,4.0,0.0,1,4
55658,1,5.0,0.0,1,5
55663,2,4.5,0.7071067811865476,2,3
55665,1,4.0,0.0,1,3
55669,1,5.0,0.0,1,2
55673,1,4.0,0.0,1,4
55685,1,3.0,0.0,1,2
55691,1,4.0,0.0,1,2
55692,1,5.0,0.0,1,3
55693,1,3.0,0.0,1,5
55696,1,4.0,0.0,1,3
55700,1,4.0,0.0,1,3
55701,1,4.0,0.0,1,2
55702,3,4.0,1.0,2,2
55705,2,4.0,0.0,2,2
55706,1,5.0,0.0,1,2
55708,1,3.0,0.0,1,4
55710,1,5.0,0.0,1,4
55711,4,4.25,0.9574271077563382,4,3
55712,2,4.0,1.4142135623730951,2,4
55715,3,3.6666666666666665,1.5275252316519465,1,2
55716,2,4.5,0.7071067811865476,2,4
55720,3,3.0,1.0,1,3
55722,1,5.0,0.0,1,2
55724,1,5.0,0.0,1,4
55727,1,5.0,0.0,1,2
55729,2,4.5,0.7071067811865476,2,4
55731,1,3.0,0.0,1,5
55733,1,4.0,0.0,1,2
55734,2,4.0,1.4142135623730951,2,2
55736,1,5.0,0.0,1,4
55739,1,4.0,0.0,1,2
55741,1,5.0,0.0,1,3
55744,1,4.0,0.0,1,3
55749,2,3.0,2.8284271247461903,1,2
55750,1,3.0,0.0,1,3
55751,1,5.0,0.0,1,3
55757,1,5.0,0.0,1,5
55762,1,4.0,0.0,1,4
55766,2,4.0,0.0,2,2
55768,1,5.0,0.0,1,3
55770,1,5.0,0.0,1,3
55774,1,4.0,0.0,1,2
55780,1,4.0,0.0,1,2
55785,1,5.0,0.0,1,2
55786,2,4.5,0.7071067811865476,2,2
55790,1,5.0,0.0,1,3
55792,1,3.0,0.0,1,2
55797,1,5.0,0.0,1,4
55800,1,5.0,0.0,1,2
55802,2,4.0,0.0,2,2
55803,1,5.0,0.0,1,3
55809,1,3.0,0.0,1,3
55810,1,3.0,0.0,1,2
55812,1,5.0,0.0,1,4
55813,1,2.0,0.0,1,3
55815,1,5.0,0.0,1,4
55816,1,5.0,0.0,1,3
55818,1,4.0,0.0,1,3
55820,1,4.0,0.0,1,4
55821,1,5.0,0.0,1,2
55823,1,4.0,0.0,1,4
55824,1,5.0,0.0,1,2
55829,1,5.0,0.0,1,2
55832,1,2.0,0.0,1,2
55834,1,5.0,0.0,1,3
55838,1,5.0,0.0,1,2
55841,1,3.0,0.0,1,2
55850,1,3.0,0.0,1,2
55851,1,5.0,0.0,1,3
55852,1,4.0,0.0,1,4
55854,1,2.0,0.0,1,2
55855,3,3.6666666666666665,1.5275252316519465,3,3
55860,1,4.0,0.0,1,3
55864,1,4.0,0.0,1,2
55867,1,5.0,0.0,1,2
55868,1,4.0,0.0,1,4
55870,2,3.5,2.1213203435596424,1,2
55871,1,5.0,0.0,1,2
55874,1,5.0,0.0,1,3
55877,2,5.0,0.0,2,2
55880,1,3.0,0.0,1,3
55881,1,3.0,0.0,1,2
55883,1,5.0,0.0,1,3
55885,1,5.0,0.0,1,2
55887,1,4.0,0.0,1,3
55888,1,3.0,0.0,1,2
55891,1,3.0,0.0,1,2
55892,1,5.0,0.0,1,5
55893,2,4.5,0.7071067811865476,2,2
55895,1,5.0,0.0,1,3
55897,1,4.0,0.0,1,2
55899,1,5.0,0.0,1,2
55902,1,4.0,0.0,1,4
55903,3,4.0,1.0,1,2
55910,1,4.0,0.0,1,3
55912,1,5.0,0.0,1,2
55913,1,1.0,0.0,1,2
55918,1,4.0,0.0,1,2
55920,1,2.0,0.0,1,2
55921,1,5.0,0.0,1,4
55923,1,5.0,0.0,1,2
55926,1,4.0,0.0,1,4
55928,1,3.0,0.0,1,2
55933,1,5.0,0.0,1,2
55934,2,3.0,1.4142135623730951,1,2
55936,1,4.0,0.0,1,3
55939,1,5.0,0.0,1,2
55942,1,5.0,0.0,1,2
55949,1,5.0,0.0,1,2
55955,1,5.0,0.0,1,3
55956,1,4.0,0.0,1,5
55957,1,4.0,0.0,1,2
55958,2,4.5,0.7071067811865476,2,4
55959,2,4.5,0.7071067811865476,1,4
55960,1,5.0,0.0,1,2
55961,2,3.0,1.4142135623730951,2,2
55962,1,1.0,0.0,1,2
55963,3,3.6666666666666665,0.5773502691896258,3,2
55964,1,5.0,0.0,1,2
55965,1,5.0,0.0,1,2
55966,2,5.0,0.0,2,3
55970,2,3.0,1.4142135623730951,2,4
55971,1,5.0,0.0,1,3
55973,1,5.0,0.0,1,4
55977,1,4.0,0.0,1,2
55979,1,3.0,0.0,1,5
55985,2,4.0,0.0,2,2
55989,1,5.0,0.0,1,2
55990,3,4.0,0.0,3,3
55992,1,4.0,0.0,1,2
55994,2,4.0,0.0,2,2
55995,1,5.0,0.0,1,4
56000,1,4.0,0.0,1,3
56001,1,5.0,0.0,1,3
56002,1,4.0,0.0,1,5
56004,1,4.0,0.0,1,3
56005,1,5.0,0.0,1,3
56006,2,5.0,0.0,2,2
56007,1,5.0,0.0,1,2
56010,1,4.0,0.0,1,2
56011,1,4.0,0.0,1,3
56012,1,5.0,0.0,1,2
56018,6,3.1666666666666665,1.602081978759722,4,2
56019,1,4.0,0.0,1,2
56023,1,5.0,0.0,1,2
56024,1,4.0,0.0,1,3
56026,2,3.0,2.8284271247461903,1,2
56031,1,5.0,0.0,1,2
56032,2,4.5,0.7071067811865476,2,2
56035,1,5.0,0.0,1,2
56039,7,4.0,0.816496580927726,5,3
56045,2,4.0,1.4142135623730951,1,2
56046,1,5.0,0.0,1,4
56049,6,4.666666666666667,0.5163977794943221,4,3
56052,2,5.0,0.0,1,3
56053,4,3.75,1.5,3,2
56055,1,5.0,0.0,1,3
56057,2,4.0,1.4142135623730951,2,3
56059,1,5.0,0.0,1,2
56061,1,4.0,0.0,1,2
56064,2,5.0,0.0,2,4
56066,1,5.0,0.0,1,4
56070,1,4.0,0.0,1,2
56072,2,4.0,1.4142135623730951,2,3
56074,1,5.0,0.0,1,2
56076,1,5.0,0.0,1,4
56078,1,4.0,0.0,1,2
56079,1,5.0,0.0,1,4
56080,1,2.0,0.0,1,3
56082,1,2.0,0.0,1,2
56085,1,4.0,0.0,1,2
56089,2,3.5,2.1213203435596424,1,4
56091,1,5.0,0.0,1,2
56092,1,5.0,0.0,1,3
56093,1,5.0,0.0,1,3
56094,1,4.0,0.0,1,2
56097,1,3.0,0.0,1,4
56099,2,5.0,0.0,2,2
56100,1,5.0,0.0,1,2
56102,1,5.0,0.0,1,4
56105,2,5.0,0.0,2,2
56106,3,3.0,2.0,3,3
56107,2,4.0,0.0,2,2
56109,1,4.0,0.0,1,2
56110,1,5.0,0.0,1,3
56111,3,4.0,0.0,3,5
56115,1,5.0,0.0,1,2
56119,2,5.0,0.0,2,3
56131,1,5.0,0.0,1,3
56134,1,3.0,0.0,1,4
56135,1,5.0,0.0,1,3
56142,1,5.0,0.0,1,4
56143,1,4.0,0.0,1,2
56144,1,4.0,0.0,1,3
56145,1,5.0,0.0,1,2
56152,1,4.0,0.0,1,3
56154,1,5.0,0.0,1,5
56157,1,5.0,0.0,1,3
56158,1,4.0,0.0,1,4
56159,2,5.0,0.0,2,3
56160,1,3.0,0.0,1,2
56161,1,4.0,0.0,1,5
56163,3,4.666666666666667,0.5773502691896258,2,2
56169,1,4.0,0.0,1,3
56172,1,5.0,0.0,1,2
56173,2,2.5,0.7071067811865476,2,3
56174,1,3.0,0.0,1,2
56179,1,5.0,0.0,1,2
56182,1,5.0,0.0,1,4
56185,2,4.0,0.0,2,3
56191,1,5.0,0.0,1,4
56194,1,5.0,0.0,1,4
56202,2,5.0,0.0,2,3
56203,2,4.5,0.7071067811865476,2,3
56211,2,4.0,1.4142135623730951,1,2
56215,1,3.0,0.0,1,4
56216,1,4.0,0.0,1,3
56220,1,5.0,0.0,1,3
56224,1,4.0,0.0,1,5
56226,2,5.0,0.0,2,4
56228,1,4.0,0.0,1,2
56233,1,5.0,0.0,1,3
56234,1,1.0,0.0,1,3
56235,1,5.0,0.0,1,3
56236,1,4.0,0.0,1,3
56240,1,4.0,0.0,1,4
56244,2,4.0,0.0,2,2
56245,1,3.0,0.0,1,5
56247,1,5.0,0.0,1,2
56248,1,5.0,0.0,1,2
56249,1,4.0,0.0,1,2
56251,1,4.0,0.0,1,2
56257,1,4.0,0.0,1,3
56260,4,2.75,1.2583057392117916,3,3
56261,1,5.0,0.0,1,4
56262,1,3.0,0.0,1,2
56263,2,4.0,0.0,2,5
56264,1,5.0,0.0,1,2
56265,1,4.0,0.0,1,2
56266,1,4.0,0.0,1,3
56268,1,2.0,0.0,1,2
56272,1,5.0,0.0,1,3
56273,1,5.0,0.0,1,2
56274,4,3.75,0.9574271077563381,4,3
56275,1,1.0,0.0,1,2
56279,1,1.0,0.0,1,2
56281,1,5.0,0.0,1,3
56286,1,3.0,0.0,1,5
56290,1,5.0,0.0,1,4
56294,1,5.0,0.0,1,3
56296,1,5.0,0.0,1,3
56298,7,4.285714285714286,0.7559289460184544,4,4
56300,1,5.0,0.0,1,3
56301,1,4.0,0.0,1,3
56302,2,4.0,1.4142135623730951,2,2
56304,1,4.0,0.0,1,2
56306,2,5.0,0.0,1,5
56308,3,4.666666666666667,0.5773502691896257,2,5
56311,2,4.5,0.7071067811865476,2,2
56315,1,3.0,0.0,1,2
56331,2,3.5,0.7071067811865476,2,2
56332,1,5.0,0.0,1,2
56337,2,4.0,1.4142135623730951,1,2
56338,3,4.666666666666667,0.5773502691896258,3,2
56339,1,5.0,0.0,1,2
56341,1,5.0,0.0,1,2
56346,1,3.0,0.0,1,2
56347,1,4.0,0.0,1,5
56350,1,4.0,0.0,1,4
56351,1,5.0,0.0,1,3
56352,1,4.0,0.0,1,5
56353,1,5.0,0.0,1,2
56355,1,4.0,0.0,1,3
56358,4,4.5,1.0,4,2
56360,1,3.0,0.0,1,2
56361,1,4.0,0.0,1,3
56365,1,5.0,0.0,1,2
56368,1,5.0,0.0,1,3
56369,4,4.5,0.5773502691896257,4,2
56370,1,4.0,0.0,1,3
56371,1,5.0,0.0,1,3
56375,2,4.5,0.7071067811865476,2,2
56377,1,5.0,0.0,1,5
56379,1,4.0,0.0,1,3
56380,1,4.0,0.0,1,3
56385,2,4.5,0.7071067811865476,1,2
56386,1,4.0,0.0,1,4
56392,1,5.0,0.0,1,4
56393,2,3.0,2.8284271247461903,2,2
56398,1,4.0,0.0,1,5
56401,2,5.0,0.0,1,2
56404,1,4.0,0.0,1,3
56405,1,4.0,0.0,1,2
56411,1,5.0,0.0,1,3
56412,1,4.0,0.0,1,3
56415,1,5.0,0.0,1,2
56416,2,3.5,0.7071067811865476,1,4
56420,1,5.0,0.0,1,3
56423,1,5.0,0.0,1,3
56424,1,5.0,0.0,1,5
56425,1,3.0,0.0,1,2
56426,1,5.0,0.0,1,3
56429,1,1.0,0.0,1,2
56430,1,4.0,0.0,1,5
56433,1,5.0,0.0,1,2
56435,1,4.0,0.0,1,3
56437,2,2.0,1.4142135623730951,2,3
56439,1,5.0,0.0,1,2
56440,2,4.5,0.7071067811865476,2,4
56441,1,5.0,0.0,1,4
56449,2,5.0,0.0,1,3
56454,5,2.6,1.51657508881031,2,2
56455,1,5.0,0.0,1,5
56460,1,5.0,0.0,1,5
56463,2,4.5,0.7071067811865476,2,3
56466,1,4.0,0.0,1,4
56467,1,5.0,0.0,1,4
56476,1,5.0,0.0,1,2
56477,1,3.0,0.0,1,3
56482,1,4.0,0.0,1,2
56483,1,5.0,0.0,1,4
56488,1,5.0,0.0,1,3
56492,1,4.0,0.0,1,2
56497,1,5.0,0.0,1,2
56500,2,5.0,0.0,2,2
56512,1,4.0,0.0,1,3
56515,1,4.0,0.0,1,3
56516,6,3.3333333333333335,1.3662601021279464,5,2
56518,1,4.0,0.0,1,3
56522,2,4.5,0.7071067811865476,2,4
56525,2,4.0,1.4142135623730951,2,4
56529,2,4.0,0.0,2,3
56530,1,4.0,0.0,1,5
56533,1,5.0,0.0,1,3
56536,3,3.6666666666666665,1.1547005383792515,3,3
56539,1,3.0,0.0,1,4
56541,1,5.0,0.0,1,3
56543,1,4.0,0.0,1,2
56545,2,4.5,0.7071067811865476,2,2
56546,1,4.0,0.0,1,4
56551,1,5.0,0.0,1,3
56557,1,5.0,0.0,1,5
56560,1,3.0,0.0,1,4
56561,2,3.5,0.7071067811865476,2,4
56563,4,2.75,1.5,4,3
56564,2,5.0,0.0,1,3
56570,1,5.0,0.0,1,2
56572,1,4.0,0.0,1,4
56573,1,5.0,0.0,1,3
56579,1,5.0,0.0,1,2
56580,1,4.0,0.0,1,5
56582,1,4.0,0.0,1,2
56590,1,5.0,0.0,1,4
56591,1,4.0,0.0,1,3
56592,1,5.0,0.0,1,4
56593,3,4.0,1.0,2,3
56598,2,4.0,0.0,2,2
56600,1,4.0,0.0,1,3
56603,1,3.0,0.0,1,2
56605,1,3.0,0.0,1,5
56606,1,4.0,0.0,1,2
56608,1,5.0,0.0,1,2
56610,1,4.0,0.0,1,4
56612,1,4.0,0.0,1,2
56614,1,5.0,0.0,1,2
56616,1,4.0,0.0,1,4
56618,3,5.0,0.0,3,4
56619,2,5.0,0.0,2,3
56622,2,3.5,0.7071067811865476,1,2
56625,1,3.0,0.0,1,3
56629,1,5.0,0.0,1,5
56632,1,4.0,0.0,1,2
56633,1,5.0,0.0,1,3
56635,1,4.0,0.0,1,2
56636,2,4.0,1.4142135623730951,2,3
56637,1,4.0,0.0,1,2
56638,2,5.0,0.0,2,5
56643,1,5.0,0.0,1,4
56644,1,4.0,0.0,1,4
56645,3,3.6666666666666665,1.5275252316519465,3,4
56646,1,4.0,0.0,1,3
56650,2,4.5,0.7071067811865476,2,2
56655,3,3.6666666666666665,0.5773502691896257,1,2
56662,1,4.0,0.0,1,3
56664,1,5.0,0.0,1,2
56666,1,2.0,0.0,1,2
56673,1,5.0,0.0,1,3
56680,3,4.0,0.0,3,3
56681,1,5.0,0.0,1,3
56682,1,4.0,0.0,1,3
56683,1,4.0,0.0,1,2
56684,4,4.75,0.5,4,4
56686,1,5.0,0.0,1,4
56688,1,4.0,0.0,1,1
56690,1,1.0,0.0,1,2
56691,1,4.0,0.0,1,2
56693,3,4.333333333333333,0.5773502691896257,3,2
56698,1,5.0,0.0,1,2
56699,1,3.0,0.0,1,3
56700,1,4.0,0.0,1,5
56702,1,5.0,0.0,1,2
56710,1,5.0,0.0,1,2
56711,1,4.0,0.0,1,2
56712,1,5.0,0.0,1,2
56713,2,4.0,0.0,2,2
56714,1,5.0,0.0,1,3
56719,1,5.0,0.0,1,2
56720,1,5.0,0.0,1,2
56721,1,3.0,0.0,1,2
56722,2,3.0,0.0,1,2
56725,1,4.0,0.0,1,3
56726,1,5.0,0.0,1,5
56728,1,4.0,0.0,1,2
56730,1,5.0,0.0,1,4
56735,1,5.0,0.0,1,2
56740,1,5.0,0.0,1,4
56741,1,4.0,0.0,1,3
56742,1,5.0,0.0,1,4
56744,1,5.0,0.0,1,2
56750,1,4.0,0.0,1,3
56751,1,5.0,0.0,1,3
56752,2,5.0,0.0,2,5
56755,1,2.0,0.0,1,2
56759,1,4.0,0.0,1,2
56763,2,5.0,0.0,2,5
56764,1,5.0,0.0,1,4
56765,1,5.0,0.0,1,3
56768,1,5.0,0.0,1,2
56771,2,4.0,0.0,2,2
56772,1,5.0,0.0,1,2
56775,1,5.0,0.0,1,2
56777,2,5.0,0.0,2,4
56778,1,4.0,0.0,1,2
56781,1,4.0,0.0,1,2
56783,1,4.0,0.0,1,4
56785,1,5.0,0.0,1,2
56787,1,5.0,0.0,1,3
56789,1,5.0,0.0,1,2
56791,1,5.0,0.0,1,2
56794,1,5.0,0.0,1,2
56796,1,5.0,0.0,1,4
56797,1,5.0,0.0,1,2
56798,1,4.0,0.0,1,1
56804,1,5.0,0.0,1,3
56808,1,3.0,0.0,1,4
56809,1,5.0,0.0,1,4
56810,1,5.0,0.0,1,2
56812,3,3.6666666666666665,0.5773502691896258,1,3
56815,1,5.0,0.0,1,3
56816,2,3.5,2.1213203435596424,2,4
56818,1,5.0,0.0,1,2
56820,1,3.0,0.0,1,2
56821,1,5.0,0.0,1,2
56823,1,4.0,0.0,1,4
56824,1,5.0,0.0,1,4
56826,1,5.0,0.0,1,3
56828,1,4.0,0.0,1,2
56830,1,5.0,0.0,1,4
56833,1,2.0,0.0,1,2
56841,2,1.0,0.0,1,1
56842,1,4.0,0.0,1,2
56843,1,4.0,0.0,1,4
56845,1,4.0,0.0,1,3
56848,1,5.0,0.0,1,4
56849,1,4.0,0.0,1,4
56853,2,4.0,1.4142135623730951,1,4
56854,1,5.0,0.0,1,2
56857,3,4.666666666666667,0.5773502691896258,3,3
56862,1,3.0,0.0,1,2
56866,5,2.8,1.6431676725154984,4,3
56867,2,4.5,0.7071067811865476,1,3
56870,1,4.0,0.0,1,3
56871,2,4.0,0.0,2,4
56875,1,4.0,0.0,1,4
56876,1,4.0,0.0,1,2
56877,1,5.0,0.0,1,3
56879,1,4.0,0.0,1,2
56882,1,5.0,0.0,1,3
56886,1,3.0,0.0,1,4
56892,1,5.0,0.0,1,2
56894,10,4.1,1.1972189997378646,5,2
56898,1,5.0,0.0,1,5
56899,2,5.0,0.0,2,4
56900,2,2.0,1.4142135623730951,2,2
56901,3,4.333333333333333,0.5773502691896258,3,4
56902,1,3.0,0.0,1,3
56904,1,5.0,0.0,1,4
56905,1,5.0,0.0,1,3
56910,1,4.0,0.0,1,2
56911,2,4.5,0.7071067811865476,2,2
56915,3,3.6666666666666665,2.3094010767585034,3,2
56916,1,4.0,0.0,1,2
56917,1,5.0,0.0,1,3
56920,9,3.6666666666666665,1.5,5,3
56924,1,4.0,0.0,1,2
56925,1,4.0,0.0,1,5
56926,1,5.0,0.0,1,2
56929,2,3.0,0.0,2,2
56931,1,5.0,0.0,1,2
56932,1,5.0,0.0,1,1
56936,1,5.0,0.0,1,4
56937,1,3.0,0.0,1,2
56938,11,3.909090909090909,1.044465935734187,6,3
56939,1,1.0,0.0,1,2
56942,1,5.0,0.0,1,3
56945,1,5.0,0.0,1,4
56946,1,3.0,0.0,1,3
56948,3,3.3333333333333335,2.0816659994661326,2,2
56949,1,4.0,0.0,1,4
56950,1,3.0,0.0,1,4
56951,1,4.0,0.0,1,4
56957,1,5.0,0.0,1,2
56959,1,1.0,0.0,1,2
56960,2,4.5,0.7071067811865476,1,2
56964,1,5.0,0.0,1,2
56968,2,5.0,0.0,2,2
56972,3,4.666666666666667,0.5773502691896257,3,2
56974,2,4.0,0.0,2,3
56975,2,4.5,0.7071067811865476,2,2
56977,1,3.0,0.0,1,2
56983,1,4.0,0.0,1,2
56986,1,2.0,0.0,1,2
56993,1,5.0,0.0,1,2
56999,1,5.0,0.0,1,4
57000,1,4.0,0.0,1,2
57001,1,3.0,0.0,1,3
57002,1,5.0,0.0,1,2
57003,1,5.0,0.0,1,4
57004,1,5.0,0.0,1,3
57005,1,4.0,0.0,1,3
57006,1,5.0,0.0,1,2
57008,1,5.0,0.0,1,2
57009,1,5.0,0.0,1,3
57010,1,5.0,0.0,1,2
57012,1,5.0,0.0,1,4
57016,11,4.181818181818182,1.0787197799411872,7,3
57017,1,4.0,0.0,1,2
57021,1,3.0,0.0,1,5
57024,1,5.0,0.0,1,3
57028,5,3.4,1.816590212458495,3,5
57030,2,5.0,0.0,2,2
57031,4,3.75,1.8929694486000912,4,3
57037,1,4.0,0.0,1,3
57042,1,2.0,0.0,1,4
57045,2,4.0,1.4142135623730951,2,5
57049,4,4.5,0.5773502691896257,4,3
57051,1,4.0,0.0,1,3
57052,7,4.714285714285714,0.4879500364742666,4,3
57053,1,5.0,0.0,1,3
57064,1,2.0,0.0,1,2
57070,1,4.0,0.0,1,2
57071,1,5.0,0.0,1,3
57072,1,5.0,0.0,1,3
57075,1,5.0,0.0,1,3
57078,1,5.0,0.0,1,3
57079,1,4.0,0.0,1,3
57082,1,5.0,0.0,1,4
57085,1,3.0,0.0,1,5
57086,1,4.0,0.0,1,2
57088,1,3.0,0.0,1,2
57089,1,4.0,0.0,1,2
57102,1,4.0,0.0,1,2
57105,1,4.0,0.0,1,4
57106,1,5.0,0.0,1,2
57107,1,5.0,0.0,1,2
57108,1,5.0,0.0,1,4
57111,1,5.0,0.0,1,3
57121,1,5.0,0.0,1,3
57123,1,5.0,0.0,1,3
57127,2,4.0,0.0,2,2
57130,3,4.333333333333333,0.5773502691896257,3,2
57131,1,4.0,0.0,1,3
57139,1,5.0,0.0,1,3
57140,1,4.0,0.0,1,3
57150,1,5.0,0.0,1,2
57153,1,3.0,0.0,1,2
57158,1,5.0,0.0,1,2
57159,1,5.0,0.0,1,4
57162,2,3.5,0.7071067811865476,2,4
57165,1,3.0,0.0,1,2
57167,1,5.0,0.0,1,2
57171,1,2.0,0.0,1,2
57179,1,5.0,0.0,1,2
57182,1,4.0,0.0,1,2
57185,1,2.0,0.0,1,2
57188,1,5.0,0.0,1,2
57191,2,4.5,0.7071067811865476,2,3
57194,1,5.0,0.0,1,3
57196,2,5.0,0.0,2,4
57197,2,5.0,0.0,2,3
57200,1,4.0,0.0,1,2
57203,1,4.0,0.0,1,2
57207,1,4.0,0.0,1,2
57209,1,4.0,0.0,1,4
57211,3,3.3333333333333335,1.1547005383792517,3,2
57214,1,3.0,0.0,1,4
57218,2,3.5,2.1213203435596424,2,2
57220,2,2.5,0.7071067811865476,2,5
57229,1,4.0,0.0,1,4
57230,1,5.0,0.0,1,2
57233,1,4.0,0.0,1,2
57235,2,2.5,0.7071067811865476,2,2
57236,3,4.0,0.0,2,3
57238,1,5.0,0.0,1,4
57241,5,4.4,0.8944271909999159,4,2
57242,1,5.0,0.0,1,3
57244,1,4.0,0.0,1,1
57245,2,3.5,0.7071067811865476,1,3
57247,1,3.0,0.0,1,2
57257,3,4.0,1.0,3,4
57258,2,4.5,0.7071067811865476,1,3
57259,1,4.0,0.0,1,4
57268,1,5.0,0.0,1,2
57269,2,3.5,0.7071067811865476,2,2
57270,1,3.0,0.0,1,1
57272,1,5.0,0.0,1,4
57273,1,4.0,0.0,1,4
57274,1,5.0,0.0,1,3
57275,1,4.0,0.0,1,2
57276,1,4.0,0.0,1,2
57277,2,3.5,0.7071067811865476,1,5
57278,1,5.0,0.0,1,2
57282,5,2.8,1.3038404810405297,4,3
57285,4,4.5,1.0,3,2
57289,1,4.0,0.0,1,3
57290,3,4.333333333333333,1.1547005383792517,1,5
57292,6,4.5,0.8366600265340756,5,2
57294,1,5.0,0.0,1,3
57296,1,5.0,0.0,1,2
57297,2,4.5,0.7071067811865476,2,4
57298,2,4.5,0.7071067811865476,2,2
57299,1,4.0,0.0,1,2
57300,1,3.0,0.0,1,2
57303,1,4.0,0.0,1,2
57304,2,5.0,0.0,2,2
57307,1,2.0,0.0,1,3
57309,2,5.0,0.0,2,2
57310,2,5.0,0.0,2,2
57316,1,5.0,0.0,1,2
57317,6,5.0,0.0,3,2
57318,1,4.0,0.0,1,3
57320,1,5.0,0.0,1,3
57321,1,3.0,0.0,1,3
57327,1,4.0,0.0,1,2
57329,1,4.0,0.0,1,5
57330,1,4.0,0.0,1,2
57333,1,3.0,0.0,1,2
57334,1,3.0,0.0,1,2
57337,2,5.0,0.0,2,2
57339,1,5.0,0.0,1,3
57340,1,5.0,0.0,1,2
57343,2,4.5,0.7071067811865476,2,2
57346,1,5.0,0.0,1,2
57347,1,5.0,0.0,1,4
57349,2,5.0,0.0,2,3
57355,1,5.0,0.0,1,2
57356,1,1.0,0.0,1,2
57358,1,4.0,0.0,1,4
57360,2,4.0,0.0,2,4
57361,2,4.5,0.7071067811865476,2,2
57363,1,4.0,0.0,1,4
57365,1,4.0,0.0,1,2
57366,2,4.0,0.0,2,2
57368,1,4.0,0.0,1,2
57370,2,4.0,0.0,2,4
57371,3,4.333333333333333,1.1547005383792517,1,4
57374,1,4.0,0.0,1,4
57378,2,4.5,0.7071067811865476,2,5
57380,1,5.0,0.0,1,5
57383,10,4.3,0.6749485577105528,1,3
57384,1,4.0,0.0,1,4
57385,1,4.0,0.0,1,5
57394,1,4.0,0.0,1,2
57396,2,3.5,0.7071067811865476,2,5
57397,1,2.0,0.0,1,2
57398,1,5.0,0.0,1,2
57400,1,3.0,0.0,1,4
57402,1,5.0,0.0,1,4
57406,1,3.0,0.0,1,2
57407,1,2.0,0.0,1,2
57408,2,4.0,0.0,1,2
57409,1,5.0,0.0,1,3
57415,1,5.0,0.0,1,2
57418,1,5.0,0.0,1,2
57419,1,4.0,0.0,1,2
57423,1,5.0,0.0,1,3
57424,1,3.0,0.0,1,3
57425,2,4.0,1.4142135623730951,2,3
57426,1,4.0,0.0,1,2
57428,2,4.0,0.0,2,3
57429,1,5.0,0.0,1,4
57431,2,3.0,0.0,2,5
57432,2,3.5,0.7071067811865476,2,3
57438,1,4.0,0.0,1,3
57439,2,5.0,0.0,2,4
57441,2,3.5,0.7071067811865476,2,2
57442,1,5.0,0.0,1,2
57444,1,3.0,0.0,1,2
57446,1,5.0,0.0,1,4
57448,1,4.0,0.0,1,4
57450,3,3.3333333333333335,0.5773502691896258,3,5
57456,1,4.0,0.0,1,2
57457,1,3.0,0.0,1,2
57458,1,5.0,0.0,1,2
57460,1,4.0,0.0,1,2
57461,2,5.0,0.0,2,2
57462,3,4.0,1.0,3,4
57463,1,5.0,0.0,1,3
57464,3,5.0,0.0,1,4
57467,1,3.0,0.0,1,3
57469,1,4.0,0.0,1,3
57471,1,5.0,0.0,1,3
57478,1,4.0,0.0,1,2
57479,1,5.0,0.0,1,4
57483,2,5.0,0.0,2,4
57484,2,4.5,0.7071067811865476,2,3
57488,2,5.0,0.0,2,4
57489,1,5.0,0.0,1,3
57492,1,5.0,0.0,1,3
57493,1,5.0,0.0,1,3
57498,1,5.0,0.0,1,4
57502,2,5.0,0.0,2,4
57503,3,3.6666666666666665,1.5275252316519468,1,5
57511,1,5.0,0.0,1,2
57513,1,5.0,0.0,1,2
57515,1,4.0,0.0,1,2
57521,1,4.0,0.0,1,4
57522,3,4.666666666666667,0.5773502691896258,3,4
57525,1,5.0,0.0,1,4
57530,1,3.0,0.0,1,2
57536,1,4.0,0.0,1,5
57537,1,4.0,0.0,1,2
57538,1,5.0,0.0,1,3
57540,1,2.0,0.0,1,4
57542,2,4.0,0.0,2,2
57543,2,4.5,0.7071067811865476,2,2
57548,2,3.5,0.7071067811865476,1,3
57549,2,4.0,1.4142135623730951,1,2
57551,1,3.0,0.0,1,2
57556,5,4.2,1.7888543819998317,5,5
57557,1,4.0,0.0,1,2
57561,1,5.0,0.0,1,3
57563,1,4.0,0.0,1,3
57564,1,5.0,0.0,1,4
57567,1,4.0,0.0,1,4
57571,2,4.5,0.7071067811865476,2,3
57573,3,3.3333333333333335,1.5275252316519465,1,2
57578,1,3.0,0.0,1,3
57579,1,5.0,0.0,1,2
57581,1,4.0,0.0,1,2
57585,1,5.0,0.0,1,3
57586,1,5.0,0.0,1,3
57589,2,3.5,0.7071067811865476,2,2
57590,1,5.0,0.0,1,4
57592,1,3.0,0.0,1,2
57593,4,3.75,0.9574271077563381,2,2
57594,1,5.0,0.0,1,4
57600,1,3.0,0.0,1,2
57603,1,1.0,0.0,1,2
57607,2,3.0,0.0,2,2
57609,2,5.0,0.0,1,2
57614,1,5.0,0.0,1,3
57615,1,4.0,0.0,1,4
57616,1,3.0,0.0,1,2
57617,1,3.0,0.0,1,2
57618,1,5.0,0.0,1,4
57619,3,4.0,1.0,1,3
57628,1,4.0,0.0,1,3
57631,1,5.0,0.0,1,2
57633,4,4.25,0.4999999999999999,4,2
57635,1,5.0,0.0,1,2
57640,1,5.0,0.0,1,4
57645,1,5.0,0.0,1,3
57648,1,5.0,0.0,1,2
57649,2,3.0,2.8284271247461903,2,3
57650,1,5.0,0.0,1,2
57660,1,5.0,0.0,1,2
57662,1,5.0,0.0,1,3
57666,1,4.0,0.0,1,2
57672,1,4.0,0.0,1,2
57675,1,4.0,0.0,1,3
57685,1,5.0,0.0,1,4
57687,1,3.0,0.0,1,4
57688,2,5.0,0.0,2,2
57689,1,5.0,0.0,1,5
57690,2,5.0,0.0,2,4
57691,1,5.0,0.0,1,2
57694,1,5.0,0.0,1,5
57697,1,3.0,0.0,1,4
57698,1,3.0,0.0,1,2
57700,1,5.0,0.0,1,2
57701,1,4.0,0.0,1,2
57709,1,5.0,0.0,1,4
57710,1,5.0,0.0,1,3
57715,2,3.5,0.7071067811865476,2,4
57716,1,3.0,0.0,1,4
57718,1,5.0,0.0,1,4
57721,1,4.0,0.0,1,5
57723,1,5.0,0.0,1,3
57727,1,2.0,0.0,1,2
57728,2,3.5,0.7071067811865476,2,3
57729,1,4.0,0.0,1,4
57733,3,3.3333333333333335,2.0816659994661326,3,2
57734,2,4.0,0.0,2,3
57739,3,4.333333333333333,1.1547005383792515,3,3
57741,1,4.0,0.0,1,2
57745,4,4.25,0.4999999999999999,4,2
57751,1,3.0,0.0,1,4
57752,1,4.0,0.0,1,2
57756,1,5.0,0.0,1,3
57757,5,4.6,0.5477225575051661,5,2
57758,1,5.0,0.0,1,2
57760,1,5.0,0.0,1,2
57761,4,4.75,0.5,3,3
57764,1,4.0,0.0,1,5
57767,1,4.0,0.0,1,5
57769,3,3.6666666666666665,0.5773502691896258,1,4
57770,3,4.666666666666667,0.5773502691896258,3,2
57775,1,3.0,0.0,1,5
57777,1,3.0,0.0,1,4
57779,1,4.0,0.0,1,4
57781,1,5.0,0.0,1,2
57782,1,5.0,0.0,1,2
57788,2,4.0,1.4142135623730951,2,3
57789,1,4.0,0.0,1,4
57791,1,5.0,0.0,1,2
57792,2,5.0,0.0,2,2
57793,2,4.0,1.4142135623730951,2,2
57795,1,4.0,0.0,1,1
57796,1,4.0,0.0,1,3
57801,1,4.0,0.0,1,4
57807,2,5.0,0.0,2,2
57808,1,5.0,0.0,1,2
57811,1,5.0,0.0,1,3
57812,1,4.0,0.0,1,3
57814,3,4.333333333333333,0.5773502691896257,1,4
57815,1,5.0,0.0,1,3
57816,1,4.0,0.0,1,2
57826,2,4.0,1.4142135623730951,2,3
57827,1,1.0,0.0,1,4
57828,1,3.0,0.0,1,4
57831,1,5.0,0.0,1,5
57832,1,5.0,0.0,1,3
57834,1,5.0,0.0,1,2
57835,1,5.0,0.0,1,5
57837,1,5.0,0.0,1,5
57840,1,5.0,0.0,1,2
57841,1,5.0,0.0,1,2
57842,2,4.5,0.7071067811865476,2,2
57843,1,5.0,0.0,1,4
57845,2,5.0,0.0,2,5
57846,1,5.0,0.0,1,4
57847,2,5.0,0.0,2,2
57848,3,4.666666666666667,0.5773502691896258,2,2
57850,1,5.0,0.0,1,4
57851,1,4.0,0.0,1,3
57852,1,5.0,0.0,1,2
57856,1,5.0,0.0,1,2
57857,2,4.0,0.0,2,4
57863,4,4.25,0.5,3,2
57865,2,5.0,0.0,2,2
57870,3,4.666666666666667,0.5773502691896257,1,4
57871,1,2.0,0.0,1,2
57876,1,2.0,0.0,1,2
57879,2,5.0,0.0,2,4
57881,1,4.0,0.0,1,2
57882,1,5.0,0.0,1,2
57884,1,5.0,0.0,1,5
57885,1,5.0,0.0,1,4
57888,1,5.0,0.0,1,2
57889,1,5.0,0.0,1,3
57891,1,5.0,0.0,1,2
57892,1,4.0,0.0,1,4
57893,1,4.0,0.0,1,4
57895,1,4.0,0.0,1,2
57896,1,4.0,0.0,1,2
57897,1,4.0,0.0,1,3
57898,2,4.5,0.7071067811865476,2,4
57899,1,4.0,0.0,1,2
57903,1,3.0,0.0,1,4
57907,1,5.0,0.0,1,4
57910,1,4.0,0.0,1,3
57913,1,4.0,0.0,1,2
57915,1,5.0,0.0,1,5
57917,1,5.0,0.0,1,3
57918,2,3.0,2.8284271247461903,2,2
57922,1,5.0,0.0,1,3
57923,1,5.0,0.0,1,3
57924,3,3.0,1.0,3,3
57927,1,3.0,0.0,1,2
57928,1,5.0,0.0,1,2
57929,2,4.5,0.7071067811865476,2,2
57930,2,3.5,2.1213203435596424,2,5
57936,1,5.0,0.0,1,4
57937,1,4.0,0.0,1,5
57938,1,5.0,0.0,1,2
57949,2,5.0,0.0,2,4
57950,1,4.0,0.0,1,3
57952,2,5.0,0.0,2,2
57954,1,5.0,0.0,1,4
57960,2,5.0,0.0,1,3
57963,2,5.0,0.0,2,4
57965,1,4.0,0.0,1,4
57971,1,5.0,0.0,1,2
57972,2,5.0,0.0,2,2
57981,1,3.0,0.0,1,3
57983,1,1.0,0.0,1,5
57984,1,4.0,0.0,1,2
57985,3,5.0,0.0,3,2
57986,1,5.0,0.0,1,4
57988,1,5.0,0.0,1,2
57990,1,3.0,0.0,1,2
57991,1,4.0,0.0,1,2
57992,1,5.0,0.0,1,2
57996,1,4.0,0.0,1,5
58001,1,4.0,0.0,1,5
58003,1,5.0,0.0,1,2
58004,2,3.0,0.0,2,2
58005,2,4.0,0.0,2,2
58009,1,5.0,0.0,1,4
58011,2,4.0,0.0,2,3
58012,1,3.0,0.0,1,2
58013,2,3.5,0.7071067811865476,1,2
58015,1,4.0,0.0,1,4
58017,1,5.0,0.0,1,2
58021,1,3.0,0.0,1,2
58023,1,5.0,0.0,1,3
58024,1,5.0,0.0,1,3
58025,1,4.0,0.0,1,3
58028,1,5.0,0.0,1,4
58031,1,5.0,0.0,1,3
58033,1,5.0,0.0,1,2
58037,1,5.0,0.0,1,2
58040,1,2.0,0.0,1,2
58044,1,4.0,0.0,1,4
58045,1,5.0,0.0,1,2
58046,2,4.5,0.7071067811865476,2,4
58047,1,5.0,0.0,1,2
58048,1,1.0,0.0,1,4
58051,1,3.0,0.0,1,2
58057,1,5.0,0.0,1,4
58060,1,5.0,0.0,1,2
58063,1,4.0,0.0,1,3
58065,1,5.0,0.0,1,2
58067,1,5.0,0.0,1,3
58069,1,4.0,0.0,1,2
58074,4,3.0,0.816496580927726,3,4
58075,1,5.0,0.0,1,2
58079,1,3.0,0.0,1,2
58082,2,3.5,0.7071067811865476,2,3
58087,1,2.0,0.0,1,2
58088,1,4.0,0.0,1,2
58095,1,5.0,0.0,1,3
58096,1,4.0,0.0,1,3
58097,2,4.5,0.7071067811865476,2,2
58098,1,1.0,0.0,1,2
58099,1,3.0,0.0,1,2
58100,2,4.5,0.7071067811865476,1,2
58101,1,5.0,0.0,1,2
58102,4,3.5,1.0,3,2
58104,1,4.0,0.0,1,3
58105,1,5.0,0.0,1,4
58106,1,5.0,0.0,1,3
58107,1,5.0,0.0,1,3
58110,1,3.0,0.0,1,3
58111,2,5.0,0.0,2,4
58113,1,4.0,0.0,1,4
58114,1,1.0,0.0,1,2
58115,1,5.0,0.0,1,2
58116,1,1.0,0.0,1,4
58117,1,5.0,0.0,1,3
58118,1,4.0,0.0,1,3
58119,1,5.0,0.0,1,2
58121,1,5.0,0.0,1,3
58123,2,3.0,0.0,2,2
58126,2,5.0,0.0,2,2
58129,1,5.0,0.0,1,2
58136,1,5.0,0.0,1,4
58139,1,5.0,0.0,1,3
58140,1,5.0,0.0,1,5
58141,3,5.0,0.0,3,2
58142,3,3.3333333333333335,1.5275252316519468,1,4
58149,1,5.0,0.0,1,3
58150,2,3.0,2.8284271247461903,2,2
58155,1,3.0,0.0,1,1
58156,1,4.0,0.0,1,2
58159,1,5.0,0.0,1,5
58163,1,3.0,0.0,1,3
58164,1,5.0,0.0,1,3
58165,1,5.0,0.0,1,3
58166,1,5.0,0.0,1,3
58169,1,5.0,0.0,1,2
58172,1,5.0,0.0,1,2
58174,1,5.0,0.0,1,4
58176,1,5.0,0.0,1,3
58177,3,4.0,0.0,3,4
58178,2,3.0,0.0,2,3
58179,1,5.0,0.0,1,3
58181,1,4.0,0.0,1,4
58182,1,5.0,0.0,1,3
58186,1,5.0,0.0,1,2
58187,1,4.0,0.0,1,2
58192,1,4.0,0.0,1,3
58194,1,5.0,0.0,1,2
58195,2,5.0,0.0,2,2
58197,2,3.0,0.0,2,3
58198,1,5.0,0.0,1,4
58207,1,5.0,0.0,1,3
58208,2,4.5,0.7071067811865476,1,3
58217,1,5.0,0.0,1,3
58221,1,5.0,0.0,1,2
58222,1,3.0,0.0,1,2
58223,1,4.0,0.0,1,2
58224,2,4.5,0.7071067811865476,2,3
58225,1,5.0,0.0,1,3
58227,1,4.0,0.0,1,2
58230,1,5.0,0.0,1,3
58233,2,3.0,0.0,2,5
58235,1,5.0,0.0,1,3
58236,1,5.0,0.0,1,3
58237,2,4.5,0.7071067811865476,2,4
58238,1,3.0,0.0,1,5
58239,1,1.0,0.0,1,5
58243,1,5.0,0.0,1,2
58244,1,5.0,0.0,1,2
58245,1,3.0,0.0,1,3
58254,1,5.0,0.0,1,5
58256,2,3.5,0.7071067811865476,2,2
58259,3,4.333333333333333,0.5773502691896258,3,2
58260,3,4.333333333333333,1.1547005383792517,3,2
58262,1,1.0,0.0,1,3
58264,1,5.0,0.0,1,2
58269,2,4.5,0.7071067811865476,2,2
58272,1,4.0,0.0,1,2
58273,1,5.0,0.0,1,3
58277,6,5.0,0.0,6,2
58278,1,5.0,0.0,1,3
58281,1,2.0,0.0,1,3
58282,2,4.0,1.4142135623730951,2,4
58285,2,5.0,0.0,2,3
58289,1,5.0,0.0,1,4
58290,2,4.5,0.7071067811865476,2,3
58291,2,4.5,0.7071067811865476,2,3
58294,2,4.5,0.7071067811865476,2,2
58302,2,5.0,0.0,2,2
58304,1,4.0,0.0,1,3
58309,1,4.0,0.0,1,2
58317,1,5.0,0.0,1,3
58318,1,4.0,0.0,1,3
58320,6,4.666666666666667,0.5163977794943221,6,3
58322,2,4.5,0.7071067811865476,2,2
58328,1,5.0,0.0,1,2
58329,1,5.0,0.0,1,2
58332,3,3.6666666666666665,1.5275252316519465,1,4
58333,1,5.0,0.0,1,3
58334,1,5.0,0.0,1,2
58342,2,4.0,1.4142135623730951,2,2
58346,1,3.0,0.0,1,4
58348,1,5.0,0.0,1,2
58349,2,4.5,0.7071067811865476,2,4
58350,2,5.0,0.0,2,3
58351,1,4.0,0.0,1,2
58352,2,3.5,0.7071067811865476,1,5
58354,1,5.0,0.0,1,4
58361,1,5.0,0.0,1,4
58366,1,4.0,0.0,1,4
58368,1,3.0,0.0,1,2
58369,1,4.0,0.0,1,4
58373,1,5.0,0.0,1,3
58374,6,4.833333333333333,0.408248290463863,1,1
58377,1,5.0,0.0,1,4
58378,3,2.6666666666666665,1.5275252316519468,3,2
58379,1,3.0,0.0,1,5
58386,1,5.0,0.0,1,2
58389,1,2.0,0.0,1,5
58394,4,3.0,1.8257418583505538,4,5
58395,1,5.0,0.0,1,3
58396,1,5.0,0.0,1,2
58397,2,5.0,0.0,2,3
58398,1,5.0,0.0,1,4
58404,1,1.0,0.0,1,4
58405,1,1.0,0.0,1,4
58408,1,5.0,0.0,1,2
58411,1,4.0,0.0,1,3
58414,1,5.0,0.0,1,4
58417,1,5.0,0.0,1,3
58419,1,5.0,0.0,1,4
58426,1,5.0,0.0,1,2
58427,1,3.0,0.0,1,2
58429,1,4.0,0.0,1,4
58431,1,4.0,0.0,1,2
58434,3,4.333333333333333,1.1547005383792517,3,2
58437,1,2.0,0.0,1,3
58439,1,3.0,0.0,1,2
58441,1,5.0,0.0,1,4
58442,1,4.0,0.0,1,4
58443,1,4.0,0.0,1,2
58445,1,4.0,0.0,1,3
58446,1,3.0,0.0,1,3
58448,2,4.0,1.4142135623730951,2,2
58452,2,3.5,0.7071067811865476,2,2
58454,1,4.0,0.0,1,3
58459,1,4.0,0.0,1,4
58461,1,4.0,0.0,1,2
58462,1,5.0,0.0,1,4
58466,1,2.0,0.0,1,2
58467,1,5.0,0.0,1,3
58468,1,5.0,0.0,1,3
58470,1,5.0,0.0,1,2
58475,1,5.0,0.0,1,1
58477,1,5.0,0.0,1,2
58482,2,4.5,0.7071067811865476,2,2
58484,1,1.0,0.0,1,2
58488,1,5.0,0.0,1,3
58490,2,3.5,0.7071067811865476,2,2
58492,1,3.0,0.0,1,2
58493,1,4.0,0.0,1,2
58494,1,4.0,0.0,1,3
58495,1,4.0,0.0,1,2
58498,2,4.5,0.7071067811865476,2,2
58500,1,5.0,0.0,1,3
58505,1,5.0,0.0,1,4
58508,2,4.5,0.7071067811865476,1,5
58509,1,5.0,0.0,1,4
58510,2,4.5,0.7071067811865476,2,4
58512,1,5.0,0.0,1,2
58516,1,5.0,0.0,1,2
58523,1,5.0,0.0,1,3
58525,2,4.0,1.4142135623730951,2,4
58526,2,5.0,0.0,2,3
58527,2,4.5,0.7071067811865476,1,2
58529,2,3.5,0.7071067811865476,2,4
58531,2,3.5,0.7071067811865476,2,3
58532,1,5.0,0.0,1,2
58538,1,4.0,0.0,1,3
58543,1,4.0,0.0,1,2
58545,2,3.5,0.7071067811865476,2,2
58547,1,1.0,0.0,1,2
58549,1,3.0,0.0,1,2
58550,1,4.0,0.0,1,4
58551,5,4.0,1.0,1,4
58552,4,4.0,0.816496580927726,3,2
58553,3,3.0,2.0,3,5
58555,2,4.5,0.7071067811865476,2,4
58565,1,3.0,0.0,1,3
58566,1,5.0,0.0,1,2
58569,1,5.0,0.0,1,2
58572,1,5.0,0.0,1,3
58575,1,5.0,0.0,1,4
58578,1,1.0,0.0,1,2
58580,1,3.0,0.0,1,4
58583,2,3.0,2.8284271247461903,2,2
58584,2,4.0,0.0,2,2
58585,2,3.5,0.7071067811865476,2,4
58587,1,5.0,0.0,1,2
58588,1,5.0,0.0,1,3
58591,2,5.0,0.0,2,2
58593,1,3.0,0.0,1,5
58596,2,3.5,0.7071067811865476,2,2
58597,2,4.5,0.7071067811865476,2,4
58601,1,4.0,0.0,1,4
58607,1,3.0,0.0,1,2
58610,2,4.5,0.7071067811865476,2,4
58614,1,4.0,0.0,1,2
58616,1,5.0,0.0,1,5
58619,1,4.0,0.0,1,5
58626,1,4.0,0.0,1,3
58627,1,5.0,0.0,1,5
58628,1,3.0,0.0,1,2
58629,1,5.0,0.0,1,2
58631,1,5.0,0.0,1,2
58632,2,3.5,2.1213203435596424,2,2
58637,7,3.857142857142857,0.37796447300922725,5,3
58640,1,3.0,0.0,1,4
58642,2,4.5,0.7071067811865476,1,2
58644,1,5.0,0.0,1,3
58645,1,4.0,0.0,1,4
58647,1,4.0,0.0,1,4
58649,2,4.5,0.7071067811865476,2,5
58650,1,4.0,0.0,1,3
58653,1,5.0,0.0,1,3
58655,2,4.0,1.4142135623730951,2,2
58656,1,5.0,0.0,1,4
58657,1,3.0,0.0,1,2
58659,2,4.0,0.0,2,3
58662,2,2.5,0.7071067811865476,2,3
58664,1,3.0,0.0,1,2
58666,1,2.0,0.0,1,4
58668,1,5.0,0.0,1,2
58669,1,5.0,0.0,1,2
58671,2,3.5,0.7071067811865476,1,4
58672,1,5.0,0.0,1,2
58673,4,4.5,1.0,3,4
58674,1,3.0,0.0,1,2
58681,1,5.0,0.0,1,4
58683,2,4.0,0.0,2,2
58684,2,5.0,0.0,2,2
58686,1,3.0,0.0,1,4
58690,1,4.0,0.0,1,2
58691,3,4.0,1.0,1,4
58693,1,4.0,0.0,1,4
58696,1,4.0,0.0,1,2
58697,1,5.0,0.0,1,5
58699,1,3.0,0.0,1,2
58700,1,5.0,0.0,1,2
58701,1,5.0,0.0,1,2
58705,1,4.0,0.0,1,2
58711,2,4.5,0.7071067811865476,2,2
58713,1,4.0,0.0,1,3
58714,1,5.0,0.0,1,3
58716,1,3.0,0.0,1,2
58720,2,4.5,0.7071067811865476,2,2
58721,2,3.5,0.7071067811865476,2,4
58722,1,3.0,0.0,1,5
58724,1,4.0,0.0,1,2
58725,1,4.0,0.0,1,3
58727,1,5.0,0.0,1,2
58730,1,5.0,0.0,1,2
58734,3,3.0,1.0,3,3
58739,1,3.0,0.0,1,3
58740,2,2.5,2.1213203435596424,2,3
58743,1,4.0,0.0,1,4
58744,1,4.0,0.0,1,2
58747,2,4.0,1.4142135623730951,2,2
58750,1,5.0,0.0,1,4
58753,1,4.0,0.0,1,2
58754,1,5.0,0.0,1,2
58760,1,4.0,0.0,1,2
58764,1,5.0,0.0,1,2
58768,1,5.0,0.0,1,3
58769,1,5.0,0.0,1,3
58772,1,5.0,0.0,1,2
58773,1,5.0,0.0,1,2
58774,4,4.25,0.4999999999999999,4,2
58777,1,5.0,0.0,1,3
58778,1,5.0,0.0,1,2
58780,3,4.0,1.7320508075688772,3,3
58781,1,5.0,0.0,1,2
58782,1,4.0,0.0,1,2
58783,2,4.0,0.0,2,4
58789,1,3.0,0.0,1,5
58794,1,3.0,0.0,1,5
58795,3,4.666666666666667,0.5773502691896257,3,3
58796,1,4.0,0.0,1,3
58797,2,4.0,1.4142135623730951,2,3
58804,1,5.0,0.0,1,2
58807,1,4.0,0.0,1,4
58809,2,3.5,0.7071067811865476,2,4
58815,6,3.6666666666666665,0.816496580927726,4,4
58816,1,5.0,0.0,1,1
58817,1,5.0,0.0,1,2
58824,1,5.0,0.0,1,2
58825,1,5.0,0.0,1,4
58826,1,4.0,0.0,1,2
58827,1,5.0,0.0,1,4
58828,2,2.0,1.4142135623730951,2,2
58829,1,5.0,0.0,1,3
58831,1,2.0,0.0,1,2
58833,1,4.0,0.0,1,2
58838,1,4.0,0.0,1,3
58841,1,5.0,0.0,1,3
58842,1,2.0,0.0,1,4
58843,2,3.5,0.7071067811865476,2,2
58845,2,4.0,0.0,2,3
58846,1,5.0,0.0,1,2
58848,1,4.0,0.0,1,4
58850,1,5.0,0.0,1,3
58852,1,4.0,0.0,1,3
58854,1,4.0,0.0,1,4
58855,1,4.0,0.0,1,4
58861,1,4.0,0.0,1,3
58862,1,3.0,0.0,1,3
58865,1,5.0,0.0,1,4
58866,2,4.0,0.0,1,2
58867,1,4.0,0.0,1,2
58868,1,4.0,0.0,1,5
58874,1,5.0,0.0,1,1
58878,2,4.5,0.7071067811865476,1,4
58880,2,3.5,0.7071067811865476,2,3
58881,1,5.0,0.0,1,2
58886,1,5.0,0.0,1,5
58888,5,3.4,0.8944271909999159,4,2
58889,1,5.0,0.0,1,5
58891,1,1.0,0.0,1,2
58896,1,4.0,0.0,1,3
58898,1,3.0,0.0,1,3
58899,4,4.0,0.816496580927726,3,4
58900,1,5.0,0.0,1,2
58901,1,4.0,0.0,1,4
58903,1,4.0,0.0,1,2
58904,1,1.0,0.0,1,2
58908,1,5.0,0.0,1,2
58909,1,4.0,0.0,1,2
58911,1,4.0,0.0,1,4
58913,1,5.0,0.0,1,2
58917,1,4.0,0.0,1,3
58919,2,4.0,1.4142135623730951,2,3
58920,4,2.75,1.5,1,2
58921,1,5.0,0.0,1,3
58922,1,5.0,0.0,1,2
58924,2,4.0,0.0,2,4
58927,1,5.0,0.0,1,4
58931,1,5.0,0.0,1,2
58932,2,5.0,0.0,2,2
58938,2,3.0,2.8284271247461903,2,2
58940,1,4.0,0.0,1,2
58941,1,5.0,0.0,1,3
58942,1,5.0,0.0,1,4
58947,1,5.0,0.0,1,2
58950,1,4.0,0.0,1,2
58951,1,4.0,0.0,1,4
58952,1,5.0,0.0,1,2
58953,1,4.0,0.0,1,3
58960,1,5.0,0.0,1,3
58962,1,4.0,0.0,1,5
58963,1,5.0,0.0,1,3
58965,2,5.0,0.0,2,2
58966,1,5.0,0.0,1,2
58967,1,4.0,0.0,1,3
58969,1,4.0,0.0,1,2
58971,1,4.0,0.0,1,2
58975,1,3.0,0.0,1,2
58976,1,5.0,0.0,1,3
58980,1,4.0,0.0,1,5
58982,1,5.0,0.0,1,3
58984,1,5.0,0.0,1,3
58985,6,4.333333333333333,0.5163977794943222,5,3
58986,1,4.0,0.0,1,2
58988,1,4.0,0.0,1,2
58990,1,5.0,0.0,1,2
58993,1,5.0,0.0,1,3
58994,1,3.0,0.0,1,2
58995,2,5.0,0.0,2,3
58996,2,4.0,1.4142135623730951,2,2
58999,1,4.0,0.0,1,5
59001,1,5.0,0.0,1,2
59003,1,5.0,0.0,1,4
59004,2,3.5,0.7071067811865476,2,2
59008,2,4.0,1.4142135623730951,2,3
59009,1,4.0,0.0,1,2
59015,1,4.0,0.0,1,2
59019,1,5.0,0.0,1,2
59024,3,3.6666666666666665,0.5773502691896258,1,2
59026,2,4.0,0.0,2,4
59030,1,5.0,0.0,1,2
59033,1,3.0,0.0,1,2
59034,1,3.0,0.0,1,2
59037,1,3.0,0.0,1,2
59044,1,5.0,0.0,1,2
59045,1,4.0,0.0,1,3
59046,1,5.0,0.0,1,3
59048,1,5.0,0.0,1,2
59055,1,3.0,0.0,1,3
59057,1,5.0,0.0,1,2
59058,1,5.0,0.0,1,2
59059,1,5.0,0.0,1,4
59060,1,2.0,0.0,1,2
59062,1,5.0,0.0,1,3
59063,1,4.0,0.0,1,3
59065,1,5.0,0.0,1,3
59066,1,5.0,0.0,1,2
59067,1,3.0,0.0,1,2
59069,1,4.0,0.0,1,3
59074,1,3.0,0.0,1,2
59076,1,3.0,0.0,1,4
59078,1,3.0,0.0,1,2
59079,3,3.3333333333333335,1.1547005383792517,2,2
59080,1,3.0,0.0,1,3
59081,1,4.0,0.0,1,3
59082,1,4.0,0.0,1,1
59084,3,4.333333333333333,1.1547005383792517,3,2
59085,1,5.0,0.0,1,2
59087,1,5.0,0.0,1,4
59089,1,5.0,0.0,1,2
59090,1,5.0,0.0,1,4
59093,2,4.5,0.7071067811865476,1,3
59096,2,4.5,0.7071067811865476,2,2
59099,2,5.0,0.0,2,2
59101,1,4.0,0.0,1,2
59102,2,3.5,2.1213203435596424,2,2
59103,5,4.4,0.8944271909999159,1,2
59107,1,5.0,0.0,1,2
59111,1,5.0,0.0,1,2
59115,2,4.5,0.7071067811865476,2,2
59117,1,1.0,0.0,1,2
59118,3,4.666666666666667,0.5773502691896257,3,2
59119,1,3.0,0.0,1,2
59122,1,5.0,0.0,1,2
59125,1,5.0,0.0,1,2
59130,1,4.0,0.0,1,4
59132,1,5.0,0.0,1,3
59134,1,5.0,0.0,1,2
59135,3,4.666666666666667,0.5773502691896257,3,4
59137,1,5.0,0.0,1,3
59138,1,4.0,0.0,1,3
59139,1,5.0,0.0,1,2
59146,1,1.0,0.0,1,5
59148,1,4.0,0.0,1,2
59149,1,5.0,0.0,1,2
59152,1,5.0,0.0,1,3
59154,1,3.0,0.0,1,4
59159,4,5.0,0.0,4,4
59165,3,4.333333333333333,1.1547005383792517,1,3
59171,1,3.0,0.0,1,2
59172,1,4.0,0.0,1,2
59173,1,4.0,0.0,1,3
59174,1,5.0,0.0,1,2
59177,1,5.0,0.0,1,2
59178,4,4.75,0.5,2,2
59179,1,5.0,0.0,1,2
59180,1,4.0,0.0,1,2
59181,1,5.0,0.0,1,4
59182,1,5.0,0.0,1,3
59188,1,4.0,0.0,1,2
59190,1,4.0,0.0,1,3
59191,1,4.0,0.0,1,3
59192,1,4.0,0.0,1,5
59193,1,3.0,0.0,1,3
59196,1,4.0,0.0,1,3
59197,1,4.0,0.0,1,3
59198,2,4.0,1.4142135623730951,2,2
59202,1,4.0,0.0,1,2
59203,1,5.0,0.0,1,4
59207,2,2.5,0.7071067811865476,2,2
59208,1,5.0,0.0,1,3
59213,1,4.0,0.0,1,4
59214,3,5.0,0.0,3,5
59215,1,4.0,0.0,1,2
59217,1,5.0,0.0,1,3
59224,1,5.0,0.0,1,3
59225,1,5.0,0.0,1,4
59229,1,4.0,0.0,1,4
59230,1,5.0,0.0,1,5
59231,1,5.0,0.0,1,4
59234,1,4.0,0.0,1,2
59235,1,4.0,0.0,1,2
59236,1,4.0,0.0,1,2
59237,1,5.0,0.0,1,3
59238,1,5.0,0.0,1,2
59241,3,3.6666666666666665,0.5773502691896257,3,3
59242,1,5.0,0.0,1,4
59244,2,4.5,0.7071067811865476,1,2
59247,1,4.0,0.0,1,2
59249,2,4.5,0.7071067811865476,2,5
59252,1,4.0,0.0,1,5
59254,1,4.0,0.0,1,4
59258,1,5.0,0.0,1,4
59259,1,4.0,0.0,1,2
59260,1,5.0,0.0,1,2
59261,1,3.0,0.0,1,4
59262,1,4.0,0.0,1,2
59264,1,5.0,0.0,1,4
59265,1,5.0,0.0,1,2
59267,1,3.0,0.0,1,4
59268,1,3.0,0.0,1,3
59269,1,5.0,0.0,1,2
59271,1,5.0,0.0,1,2
59275,1,4.0,0.0,1,4
59276,1,4.0,0.0,1,4
59277,1,3.0,0.0,1,3
59279,1,4.0,0.0,1,2
59281,1,3.0,0.0,1,2
59285,1,4.0,0.0,1,4
59287,6,3.1666666666666665,1.1690451944500122,4,2
59288,1,4.0,0.0,1,2
59289,1,4.0,0.0,1,5
59291,1,5.0,0.0,1,3
59292,1,4.0,0.0,1,2
59293,1,5.0,0.0,1,2
59297,1,5.0,0.0,1,4
59305,1,5.0,0.0,1,4
59309,1,4.0,0.0,1,4
59310,1,5.0,0.0,1,2
59312,1,4.0,0.0,1,2
59315,1,4.0,0.0,1,2
59317,1,5.0,0.0,1,3
59319,1,4.0,0.0,1,3
59320,1,4.0,0.0,1,4
59322,2,3.5,0.7071067811865476,2,4
59324,1,5.0,0.0,1,2
59325,1,3.0,0.0,1,3
59326,1,5.0,0.0,1,4
59327,1,5.0,0.0,1,5
59328,1,4.0,0.0,1,2
59330,3,5.0,0.0,2,3
59332,1,5.0,0.0,1,2
59334,1,5.0,0.0,1,1
59336,1,5.0,0.0,1,2
59340,1,3.0,0.0,1,1
59343,1,3.0,0.0,1,2
59349,1,5.0,0.0,1,2
59350,3,3.3333333333333335,1.5275252316519468,3,2
59353,2,4.5,0.7071067811865476,1,2
59355,1,5.0,0.0,1,3
59356,1,5.0,0.0,1,2
59357,1,5.0,0.0,1,2
59358,1,4.0,0.0,1,5
59359,1,5.0,0.0,1,2
59360,1,5.0,0.0,1,2
59364,2,4.0,1.4142135623730951,1,4
59369,2,3.5,0.7071067811865476,1,3
59371,1,5.0,0.0,1,4
59372,3,4.666666666666667,0.5773502691896258,1,2
59373,2,4.0,1.4142135623730951,1,3
59374,1,3.0,0.0,1,5
59375,1,4.0,0.0,1,2
59377,1,3.0,0.0,1,3
59378,2,4.0,0.0,2,2
59379,1,4.0,0.0,1,1
59380,1,5.0,0.0,1,2
59388,2,5.0,0.0,2,2
59389,2,3.5,0.7071067811865476,2,4
59390,2,4.0,0.0,2,3
59394,3,4.333333333333333,0.5773502691896257,3,5
59395,1,4.0,0.0,1,3
59396,1,4.0,0.0,1,3
59397,1,5.0,0.0,1,2
59398,2,4.5,0.7071067811865476,1,3
59400,1,2.0,0.0,1,4
59401,1,1.0,0.0,1,2
59407,1,4.0,0.0,1,3
59408,1,1.0,0.0,1,2
59409,1,4.0,0.0,1,4
59410,3,3.0,0.0,3,2
59411,1,5.0,0.0,1,3
59417,4,4.75,0.5,2,4
59420,1,5.0,0.0,1,3
59424,2,5.0,0.0,2,5
59425,1,4.0,0.0,1,3
59428,1,5.0,0.0,1,4
59430,1,5.0,0.0,1,2
59436,1,4.0,0.0,1,3
59441,1,4.0,0.0,1,3
59442,1,4.0,0.0,1,3
59448,1,3.0,0.0,1,2
59453,1,4.0,0.0,1,3
59454,1,5.0,0.0,1,3
59458,1,5.0,0.0,1,3
59459,1,2.0,0.0,1,2
59460,1,5.0,0.0,1,3
59461,1,5.0,0.0,1,2
59463,1,5.0,0.0,1,4
59464,1,4.0,0.0,1,4
59466,1,3.0,0.0,1,5
59468,1,4.0,0.0,1,2
59469,1,3.0,0.0,1,2
59472,2,4.0,1.4142135623730951,2,4
59479,3,4.0,1.0,3,3
59480,1,4.0,0.0,1,3
59481,1,3.0,0.0,1,3
59482,1,5.0,0.0,1,4
59485,1,5.0,0.0,1,5
59486,1,4.0,0.0,1,2
59487,4,3.25,0.49999999999999994,3,2
59489,1,4.0,0.0,1,2
59491,2,4.5,0.7071067811865476,2,3
59493,1,5.0,0.0,1,2
59498,2,3.5,0.7071067811865476,2,2
59499,1,4.0,0.0,1,2
59500,1,4.0,0.0,1,3
59504,1,5.0,0.0,1,2
59507,1,5.0,0.0,1,2
59511,1,3.0,0.0,1,2
59513,1,5.0,0.0,1,4
59514,2,4.0,0.0,2,2
59515,1,5.0,0.0,1,3
59516,1,5.0,0.0,1,3
59517,2,4.0,0.0,2,2
59523,2,4.0,1.4142135623730951,2,2
59524,3,4.666666666666667,0.5773502691896257,3,4
59527,2,4.0,0.0,2,4
59531,1,5.0,0.0,1,2
59532,1,4.0,0.0,1,4
59534,1,5.0,0.0,1,3
59538,1,4.0,0.0,1,4
59540,3,4.0,1.0,3,2
59541,2,5.0,0.0,1,3
59542,4,4.75,0.4999999999999999,4,3
59543,1,1.0,0.0,1,4
59544,1,3.0,0.0,1,3
59547,1,4.0,0.0,1,3
59549,2,3.0,0.0,2,5
59550,1,4.0,0.0,1,2
59551,1,4.0,0.0,1,4
59554,3,4.666666666666667,0.5773502691896258,1,4
59557,7,3.2857142857142856,0.48795003647426655,7,2
59558,1,4.0,0.0,1,3
59561,2,3.0,0.0,1,2
59562,1,5.0,0.0,1,2
59563,1,3.0,0.0,1,2
59567,1,3.0,0.0,1,5
59572,1,5.0,0.0,1,5
59575,1,4.0,0.0,1,3
59576,1,5.0,0.0,1,2
59578,1,5.0,0.0,1,3
59579,1,5.0,0.0,1,3
59585,1,5.0,0.0,1,3
59592,4,4.25,0.9574271077563381,4,3
59594,3,3.6666666666666665,1.5275252316519465,3,2
59598,1,5.0,0.0,1,4
59600,1,5.0,0.0,1,4
59603,1,4.0,0.0,1,2
59604,1,4.0,0.0,1,2
59605,2,5.0,0.0,1,2
59611,2,2.5,2.1213203435596424,2,2
59613,1,4.0,0.0,1,2
59615,2,3.0,1.4142135623730951,1,2
59616,1,5.0,0.0,1,4
59617,2,3.5,0.7071067811865476,2,2
59619,1,3.0,0.0,1,3
59620,1,5.0,0.0,1,2
59622,1,4.0,0.0,1,2
59629,1,4.0,0.0,1,2
59634,1,4.0,0.0,1,4
59638,1,2.0,0.0,1,3
59639,1,5.0,0.0,1,2
59640,1,5.0,0.0,1,2
59641,2,5.0,0.0,2,5
59643,2,4.0,0.0,2,2
59648,1,4.0,0.0,1,2
59651,1,3.0,0.0,1,4
59659,1,5.0,0.0,1,2
59662,1,5.0,0.0,1,4
59663,3,3.3333333333333335,1.5275252316519468,3,5
59666,1,5.0,0.0,1,2
59667,1,5.0,0.0,1,3
59669,1,5.0,0.0,1,2
59670,2,5.0,0.0,2,2
59672,1,5.0,0.0,1,2
59675,1,4.0,0.0,1,2
59678,1,5.0,0.0,1,2
59679,1,3.0,0.0,1,2
59681,1,5.0,0.0,1,2
59685,1,5.0,0.0,1,4
59687,1,4.0,0.0,1,3
59690,1,3.0,0.0,1,4
59692,1,5.0,0.0,1,4
59693,1,5.0,0.0,1,2
59694,1,5.0,0.0,1,4
59696,6,4.0,0.6324555320336759,5,5
59699,1,5.0,0.0,1,2
59703,1,4.0,0.0,1,3
59705,2,5.0,0.0,2,5
59710,1,5.0,0.0,1,4
59711,1,3.0,0.0,1,4
59712,3,2.6666666666666665,1.5275252316519465,1,2
59717,1,5.0,0.0,1,4
59719,1,5.0,0.0,1,2
59720,1,4.0,0.0,1,5
59725,1,4.0,0.0,1,5
59728,1,5.0,0.0,1,5
59735,1,2.0,0.0,1,3
59740,1,4.0,0.0,1,4
59742,4,4.25,1.5,4,4
59746,3,4.666666666666667,0.5773502691896257,3,2
59747,1,5.0,0.0,1,3
59751,1,3.0,0.0,1,2
59752,1,3.0,0.0,1,2
59757,3,4.0,1.0,1,3
59759,1,4.0,0.0,1,4
59766,1,4.0,0.0,1,3
59770,2,3.5,0.7071067811865476,2,4
59773,1,4.0,0.0,1,4
59774,3,3.6666666666666665,0.5773502691896258,3,1
59776,2,4.5,0.7071067811865476,2,2
59779,1,5.0,0.0,1,5
59782,11,4.0,1.1832159566199232,6,2
59784,1,5.0,0.0,1,4
59785,2,3.5,2.1213203435596424,2,5
59788,1,5.0,0.0,1,3
59789,1,5.0,0.0,1,3
59790,1,5.0,0.0,1,2
59791,1,5.0,0.0,1,3
59795,1,2.0,0.0,1,2
59796,1,4.0,0.0,1,5
59798,1,5.0,0.0,1,5
59800,1,4.0,0.0,1,4
59801,1,4.0,0.0,1,2
59802,6,4.666666666666667,0.5163977794943223,3,2
59805,2,5.0,0.0,2,2
59806,3,5.0,0.0,3,3
59808,2,5.0,0.0,2,2
59809,4,4.0,0.816496580927726,3,2
59810,1,4.0,0.0,1,4
59811,2,5.0,0.0,1,2
59812,1,2.0,0.0,1,3
59815,3,4.666666666666667,0.5773502691896258,3,2
59818,1,4.0,0.0,1,2
59819,1,4.0,0.0,1,3
59821,1,4.0,0.0,1,4
59822,2,4.5,0.7071067811865476,1,3
59825,2,3.5,0.7071067811865476,1,2
59827,1,5.0,0.0,1,2
59828,1,5.0,0.0,1,4
59829,1,5.0,0.0,1,4
59830,2,3.5,0.7071067811865476,2,2
59832,1,5.0,0.0,1,2
59833,1,4.0,0.0,1,3
59834,1,5.0,0.0,1,2
59837,2,4.5,0.7071067811865476,1,5
59840,2,5.0,0.0,2,2
59841,1,3.0,0.0,1,2
59842,1,3.0,0.0,1,2
59844,1,1.0,0.0,1,2
59845,2,4.0,1.4142135623730951,1,4
59846,4,4.5,1.0,4,2
59847,1,2.0,0.0,1,4
59849,4,3.0,0.816496580927726,3,2
59851,1,4.0,0.0,1,4
59860,1,3.0,0.0,1,2
59861,1,4.0,0.0,1,2
59862,1,4.0,0.0,1,2
59863,1,4.0,0.0,1,3
59864,1,4.0,0.0,1,3
59865,1,5.0,0.0,1,2
59868,1,5.0,0.0,1,4
59869,2,4.5,0.7071067811865476,1,2
59870,1,5.0,0.0,1,2
59872,1,5.0,0.0,1,2
59874,1,1.0,0.0,1,4
59875,1,5.0,0.0,1,2
59876,2,4.0,0.0,2,3
59881,2,4.5,0.7071067811865476,1,2
59882,1,4.0,0.0,1,4
59886,2,4.0,0.0,2,4
59887,1,5.0,0.0,1,2
59889,1,4.0,0.0,1,4
59890,2,5.0,0.0,2,4
59892,1,5.0,0.0,1,3
59896,1,5.0,0.0,1,4
59901,1,5.0,0.0,1,2
59904,1,5.0,0.0,1,4
59905,2,4.5,0.7071067811865476,2,2
59913,1,5.0,0.0,1,3
59914,1,5.0,0.0,1,3
59918,1,3.0,0.0,1,3
59925,1,5.0,0.0,1,2
59931,3,4.0,1.0,2,3
59932,1,3.0,0.0,1,4
59934,1,5.0,0.0,1,2
59938,1,4.0,0.0,1,4
59939,1,5.0,0.0,1,3
59941,1,4.0,0.0,1,3
59943,2,5.0,0.0,2,2
59950,1,4.0,0.0,1,4
59951,1,4.0,0.0,1,2
59953,1,5.0,0.0,1,4
59957,1,5.0,0.0,1,4
59961,1,4.0,0.0,1,2
59962,1,5.0,0.0,1,2
59963,1,5.0,0.0,1,2
59967,1,5.0,0.0,1,3
59968,1,4.0,0.0,1,1
59973,1,5.0,0.0,1,2
59976,1,5.0,0.0,1,2
59977,1,5.0,0.0,1,4
59980,3,5.0,0.0,2,2
59983,1,3.0,0.0,1,4
59985,2,2.5,2.1213203435596424,2,4
59987,1,5.0,0.0,1,2
59988,4,3.0,0.0,4,4
59993,1,3.0,0.0,1,2
59998,2,5.0,0.0,2,3
60005,1,3.0,0.0,1,2
60007,1,5.0,0.0,1,4
60010,1,5.0,0.0,1,5
60012,1,4.0,0.0,1,2
60014,1,5.0,0.0,1,5
60015,1,4.0,0.0,1,2
60026,2,3.5,0.7071067811865476,2,5
60027,1,4.0,0.0,1,5
60031,1,4.0,0.0,1,4
60033,1,4.0,0.0,1,3
60034,3,3.0,1.0,3,2
60037,4,4.25,0.5,1,4
60046,2,3.0,2.8284271247461903,2,2
60047,1,4.0,0.0,1,2
60048,1,4.0,0.0,1,2
60049,1,5.0,0.0,1,4
60050,1,4.0,0.0,1,2
60051,1,5.0,0.0,1,3
60052,1,4.0,0.0,1,4
60055,1,2.0,0.0,1,4
60058,2,4.0,1.4142135623730951,2,2
60059,1,5.0,0.0,1,3
60064,1,5.0,0.0,1,4
60065,2,5.0,0.0,1,4
60070,2,4.0,0.0,2,5
60071,3,4.333333333333333,0.5773502691896257,3,2
60074,1,5.0,0.0,1,2
60075,2,3.0,0.0,2,4
60076,1,4.0,0.0,1,1
60082,2,3.5,0.7071067811865476,2,4
60086,2,4.5,0.7071067811865476,2,2
60088,1,5.0,0.0,1,2
60091,2,4.0,1.4142135623730951,1,3
60095,1,1.0,0.0,1,2
60099,1,5.0,0.0,1,4
60103,1,5.0,0.0,1,4
60106,1,4.0,0.0,1,4
60110,2,5.0,0.0,2,2
60111,1,4.0,0.0,1,3
60113,1,1.0,0.0,1,4
60114,2,5.0,0.0,2,2
60115,1,5.0,0.0,1,2
60128,1,3.0,0.0,1,3
60132,1,5.0,0.0,1,2
60139,1,5.0,0.0,1,2
60140,1,3.0,0.0,1,2
60141,1,5.0,0.0,1,4
60144,1,5.0,0.0,1,2
60145,1,5.0,0.0,1,3
60150,1,4.0,0.0,1,3
60151,1,4.0,0.0,1,3
60153,1,3.0,0.0,1,2
60156,1,5.0,0.0,1,2
60159,1,2.0,0.0,1,4
60160,1,3.0,0.0,1,4
60162,1,4.0,0.0,1,2
60163,1,5.0,0.0,1,3
60168,1,4.0,0.0,1,3
60170,1,5.0,0.0,1,3
60172,1,4.0,0.0,1,3
60174,1,5.0,0.0,1,2
60175,1,4.0,0.0,1,2
60176,1,4.0,0.0,1,2
60177,1,4.0,0.0,1,3
60178,1,3.0,0.0,1,2
60179,1,5.0,0.0,1,2
60180,1,4.0,0.0,1,4
60182,1,5.0,0.0,1,5
60183,2,5.0,0.0,1,3
60191,2,5.0,0.0,2,2
60192,1,5.0,0.0,1,4
60196,1,5.0,0.0,1,2
60201,1,4.0,0.0,1,4
60203,1,5.0,0.0,1,1
60209,1,5.0,0.0,1,2
60210,1,3.0,0.0,1,2
60212,2,4.0,0.0,2,4
60213,1,3.0,0.0,1,3
60220,1,3.0,0.0,1,5
60222,2,4.0,1.4142135623730951,2,2
60227,2,4.0,1.4142135623730951,2,4
60231,1,5.0,0.0,1,5
60233,1,4.0,0.0,1,3
60244,1,4.0,0.0,1,3
60245,1,3.0,0.0,1,2
60246,1,5.0,0.0,1,4
60252,1,5.0,0.0,1,5
60255,1,5.0,0.0,1,1
60257,1,5.0,0.0,1,4
60259,1,5.0,0.0,1,3
60265,1,3.0,0.0,1,3
60266,1,5.0,0.0,1,2
60268,1,4.0,0.0,1,4
60270,1,5.0,0.0,1,4
60278,1,4.0,0.0,1,4
60279,1,4.0,0.0,1,2
60280,1,5.0,0.0,1,3
60281,3,3.6666666666666665,2.3094010767585034,3,2
60284,1,5.0,0.0,1,2
60285,1,5.0,0.0,1,3
60286,1,4.0,0.0,1,4
60287,2,5.0,0.0,2,2
60290,2,4.0,0.0,2,2
60293,5,5.0,0.0,4,3
60295,1,5.0,0.0,1,4
60299,1,5.0,0.0,1,2
60300,2,3.5,0.7071067811865476,2,2
60301,1,5.0,0.0,1,3
60308,1,5.0,0.0,1,4
60310,1,5.0,0.0,1,4
60314,1,5.0,0.0,1,3
60315,3,5.0,0.0,2,1
60317,2,4.5,0.7071067811865476,2,2
60318,1,3.0,0.0,1,2
60320,1,1.0,0.0,1,3
60321,1,3.0,0.0,1,2
60323,2,4.5,0.7071067811865476,1,3
60324,1,5.0,0.0,1,2
60328,1,5.0,0.0,1,3
60329,1,5.0,0.0,1,3
60331,1,5.0,0.0,1,3
60333,1,3.0,0.0,1,2
60336,3,4.666666666666667,0.5773502691896258,2,2
60338,1,5.0,0.0,1,2
60339,2,4.5,0.7071067811865476,2,2
60343,1,5.0,0.0,1,5
60344,4,4.0,1.4142135623730951,3,2
60346,3,3.0,1.0,3,2
60348,1,5.0,0.0,1,2
60352,1,4.0,0.0,1,2
60357,1,5.0,0.0,1,2
60358,1,5.0,0.0,1,4
60360,1,4.0,0.0,1,3
60361,1,5.0,0.0,1,3
60362,1,5.0,0.0,1,2
60363,4,4.5,0.5773502691896257,2,2
60364,1,4.0,0.0,1,2
60367,1,5.0,0.0,1,3
60371,7,3.7142857142857144,1.3801311186847085,4,3
60374,1,5.0,0.0,1,2
60375,1,3.0,0.0,1,3
60376,1,5.0,0.0,1,3
60377,1,4.0,0.0,1,2
60379,1,5.0,0.0,1,3
60381,2,4.0,0.0,2,4
60383,1,5.0,0.0,1,5
60385,1,5.0,0.0,1,2
60386,1,4.0,0.0,1,4
60387,2,4.5,0.7071067811865476,2,3
60388,1,5.0,0.0,1,3
60393,1,5.0,0.0,1,3
60398,1,5.0,0.0,1,4
60400,2,5.0,0.0,2,2
60403,1,1.0,0.0,1,4
60404,2,3.5,0.7071067811865476,2,2
60406,1,4.0,0.0,1,4
60407,1,5.0,0.0,1,1
60409,1,5.0,0.0,1,4
60411,1,5.0,0.0,1,3
60412,4,4.5,0.5773502691896258,3,4
60413,1,5.0,0.0,1,2
60418,1,3.0,0.0,1,2
60421,1,3.0,0.0,1,3
60422,2,4.5,0.7071067811865476,1,4
60425,3,4.666666666666667,0.5773502691896258,3,3
60428,1,5.0,0.0,1,1
60430,1,5.0,0.0,1,4
60432,1,3.0,0.0,1,2
60434,3,4.666666666666667,0.5773502691896258,3,2
60435,1,4.0,0.0,1,4
60437,1,1.0,0.0,1,2
60440,2,4.0,0.0,2,3
60442,1,3.0,0.0,1,4
60443,3,4.333333333333333,0.5773502691896257,2,2
60447,1,5.0,0.0,1,3
60454,2,3.5,0.7071067811865476,2,4
60455,1,5.0,0.0,1,4
60458,2,1.5,0.7071067811865476,2,4
60459,1,5.0,0.0,1,2
60461,1,3.0,0.0,1,2
60463,1,5.0,0.0,1,2
60465,2,4.5,0.7071067811865476,1,5
60467,1,3.0,0.0,1,4
60468,1,4.0,0.0,1,1
60474,1,5.0,0.0,1,3
60478,1,5.0,0.0,1,2
60481,1,5.0,0.0,1,3
60482,1,4.0,0.0,1,2
60483,1,5.0,0.0,1,2
60490,1,5.0,0.0,1,2
60491,2,5.0,0.0,1,5
60492,1,4.0,0.0,1,3
60494,1,4.0,0.0,1,3
60504,1,5.0,0.0,1,2
60506,2,5.0,0.0,1,3
60512,1,4.0,0.0,1,2
60515,1,5.0,0.0,1,2
60516,1,5.0,0.0,1,2
60519,2,3.5,0.7071067811865476,2,2
60520,1,4.0,0.0,1,4
60522,2,4.5,0.7071067811865476,2,3
60523,2,4.5,0.7071067811865476,2,3
60525,1,4.0,0.0,1,4
60526,2,4.0,1.4142135623730951,2,2
60527,1,3.0,0.0,1,3
60529,1,5.0,0.0,1,2
60531,1,3.0,0.0,1,3
60532,1,4.0,0.0,1,4
60533,1,3.0,0.0,1,3
60535,1,5.0,0.0,1,4
60538,2,5.0,0.0,2,2
60541,1,5.0,0.0,1,4
60542,2,3.0,0.0,1,2
60543,1,5.0,0.0,1,2
60546,1,5.0,0.0,1,2
60549,1,5.0,0.0,1,2
60550,2,5.0,0.0,2,2
60552,1,5.0,0.0,1,3
60554,1,4.0,0.0,1,3
60555,1,2.0,0.0,1,2
60559,1,5.0,0.0,1,4
60563,1,5.0,0.0,1,4
60564,2,4.0,1.4142135623730951,1,4
60566,3,4.0,1.0,1,4
60567,2,4.5,0.7071067811865476,1,3
60569,1,2.0,0.0,1,3
60570,1,3.0,0.0,1,2
60572,2,4.5,0.7071067811865476,1,4
60573,1,3.0,0.0,1,3
60575,2,5.0,0.0,2,4
60578,1,3.0,0.0,1,2
60580,3,4.0,1.0,1,3
60589,1,5.0,0.0,1,2
60590,1,3.0,0.0,1,3
60591,1,5.0,0.0,1,4
60594,1,4.0,0.0,1,2
60599,1,5.0,0.0,1,3
60600,1,5.0,0.0,1,2
60603,1,5.0,0.0,1,3
60605,2,3.5,0.7071067811865476,2,3
60606,1,5.0,0.0,1,5
60609,1,4.0,0.0,1,2
60611,1,4.0,0.0,1,2
60614,2,5.0,0.0,2,3
60615,4,4.25,0.9574271077563382,1,4
60621,1,4.0,0.0,1,3
60623,1,5.0,0.0,1,2
60632,1,5.0,0.0,1,3
60636,1,4.0,0.0,1,4
60637,1,4.0,0.0,1,2
60643,1,5.0,0.0,1,2
60647,1,3.0,0.0,1,2
60648,3,4.333333333333333,1.1547005383792515,3,2
60649,1,4.0,0.0,1,3
60650,2,5.0,0.0,2,2
60652,1,5.0,0.0,1,3
60653,1,3.0,0.0,1,4
60654,1,2.0,0.0,1,3
60655,2,4.0,0.0,2,2
60659,1,5.0,0.0,1,4
60661,1,4.0,0.0,1,3
60668,1,4.0,0.0,1,2
60669,1,5.0,0.0,1,2
60670,1,3.0,0.0,1,2
60673,1,4.0,0.0,1,3
60675,1,5.0,0.0,1,3
60677,1,4.0,0.0,1,2
60679,1,4.0,0.0,1,4
60687,5,3.4,0.5477225575051661,5,2
60692,1,5.0,0.0,1,2
60695,1,4.0,0.0,1,2
60696,1,3.0,0.0,1,2
60697,1,2.0,0.0,1,4
60700,1,2.0,0.0,1,3
60702,1,5.0,0.0,1,2
60704,4,5.0,0.0,4,2
60714,2,5.0,0.0,2,2
60717,1,5.0,0.0,1,2
60721,1,4.0,0.0,1,2
60725,1,4.0,0.0,1,2
60726,1,5.0,0.0,1,3
60727,4,3.75,0.5,4,2
60733,2,3.0,0.0,1,2
60734,1,5.0,0.0,1,2
60735,3,4.666666666666667,0.5773502691896258,3,2
60737,1,5.0,0.0,1,3
60738,2,4.5,0.7071067811865476,1,2
60741,1,2.0,0.0,1,2
60742,1,1.0,0.0,1,2
60743,2,3.5,0.7071067811865476,2,2
60745,1,5.0,0.0,1,3
60746,3,4.666666666666667,0.5773502691896257,2,3
60747,1,4.0,0.0,1,2
60748,2,4.5,0.7071067811865476,2,3
60751,1,3.0,0.0,1,2
60752,1,5.0,0.0,1,2
60754,1,4.0,0.0,1,3
60760,2,4.5,0.7071067811865476,2,2
60761,3,5.0,0.0,3,5
60763,1,4.0,0.0,1,4
60764,5,4.4,0.8944271909999159,4,2
60766,1,3.0,0.0,1,5
60767,1,2.0,0.0,1,2
60768,3,4.0,0.0,3,2
60774,1,5.0,0.0,1,2
60779,1,3.0,0.0,1,4
60780,1,4.0,0.0,1,2
60782,1,4.0,0.0,1,3
60786,1,4.0,0.0,1,2
60787,1,3.0,0.0,1,2
60790,1,4.0,0.0,1,2
60797,1,5.0,0.0,1,4
60799,16,3.6875,0.704154339142587,7,3
60802,1,3.0,0.0,1,2
60805,1,5.0,0.0,1,3
60806,1,5.0,0.0,1,4
60807,1,4.0,0.0,1,4
60808,1,4.0,0.0,1,4
60811,1,4.0,0.0,1,2
60812,2,5.0,0.0,1,3
60815,2,3.0,2.8284271247461903,2,3
60819,1,4.0,0.0,1,2
60820,1,2.0,0.0,1,2
60822,1,2.0,0.0,1,2
60829,2,4.5,0.7071067811865476,2,2
60831,1,5.0,0.0,1,1
60835,1,5.0,0.0,1,5
60837,1,4.0,0.0,1,4
60838,2,3.5,0.7071067811865476,2,3
60842,2,3.0,0.0,2,5
60848,1,3.0,0.0,1,5
60849,1,3.0,0.0,1,3
60850,1,5.0,0.0,1,2
60852,2,3.5,0.7071067811865476,1,4
60853,2,4.0,1.4142135623730951,1,2
60859,1,5.0,0.0,1,3
60860,1,5.0,0.0,1,3
60863,2,5.0,0.0,2,4
60871,7,4.857142857142857,0.37796447300922714,1,4
60873,1,4.0,0.0,1,2
60876,1,5.0,0.0,1,2
60880,1,4.0,0.0,1,3
60884,1,4.0,0.0,1,4
60885,1,5.0,0.0,1,3
60886,1,4.0,0.0,1,4
60895,2,5.0,0.0,1,3
60896,1,3.0,0.0,1,4
60899,4,4.5,0.5773502691896258,4,3
60901,2,5.0,0.0,1,4
60902,1,4.0,0.0,1,3
60903,1,4.0,0.0,1,3
60907,2,3.0,0.0,2,2
60909,1,5.0,0.0,1,3
60910,1,5.0,0.0,1,2
60911,1,5.0,0.0,1,2
60912,2,5.0,0.0,2,1
60925,1,4.0,0.0,1,4
60926,1,5.0,0.0,1,4
60927,1,3.0,0.0,1,4
60935,2,4.0,1.4142135623730951,2,2
60946,1,4.0,0.0,1,3
60947,1,5.0,0.0,1,4
60948,1,5.0,0.0,1,3
60949,1,3.0,0.0,1,2
60955,1,5.0,0.0,1,3
60957,1,4.0,0.0,1,2
60961,1,1.0,0.0,1,3
60963,1,4.0,0.0,1,3
60964,2,5.0,0.0,2,3
60967,1,5.0,0.0,1,2
60971,1,4.0,0.0,1,2
60972,1,5.0,0.0,1,1
60974,2,3.5,2.1213203435596424,2,3
60975,1,2.0,0.0,1,2
60976,1,5.0,0.0,1,2
60981,1,4.0,0.0,1,2
60986,2,5.0,0.0,2,4
60989,1,5.0,0.0,1,2
60991,1,4.0,0.0,1,3
60993,1,5.0,0.0,1,2
60994,1,4.0,0.0,1,3
60995,1,1.0,0.0,1,2
60996,1,4.0,0.0,1,5
61001,1,5.0,0.0,1,4
61005,1,5.0,0.0,1,3
61008,1,5.0,0.0,1,4
61009,2,3.5,0.7071067811865476,2,4
61010,1,4.0,0.0,1,4
61015,2,3.5,2.1213203435596424,2,2
61016,1,5.0,0.0,1,3
61017,1,4.0,0.0,1,3
61024,1,5.0,0.0,1,4
61025,1,3.0,0.0,1,3
61026,1,4.0,0.0,1,4
61033,1,4.0,0.0,1,2
61047,2,3.5,0.7071067811865476,2,4
61049,1,4.0,0.0,1,2
61051,1,3.0,0.0,1,2
61052,1,4.0,0.0,1,4
61054,1,4.0,0.0,1,4
61057,2,5.0,0.0,2,3
61060,1,5.0,0.0,1,2
61062,1,5.0,0.0,1,3
61064,3,4.333333333333333,1.1547005383792517,3,2
61066,1,5.0,0.0,1,4
61067,1,4.0,0.0,1,3
61073,1,5.0,0.0,1,3
61074,1,1.0,0.0,1,3
61075,1,5.0,0.0,1,2
61076,1,2.0,0.0,1,2
61078,1,4.0,0.0,1,2
61080,1,4.0,0.0,1,2
61084,1,5.0,0.0,1,4
61086,1,5.0,0.0,1,2
61089,1,3.0,0.0,1,3
61090,1,4.0,0.0,1,2
61092,1,3.0,0.0,1,3
61094,1,5.0,0.0,1,2
61095,1,5.0,0.0,1,2
61099,1,3.0,0.0,1,2
61100,1,5.0,0.0,1,2
61102,1,3.0,0.0,1,2
61103,1,4.0,0.0,1,5
61107,1,4.0,0.0,1,2
61108,2,4.0,0.0,2,4
61110,3,4.333333333333333,0.5773502691896257,2,2
61111,3,2.6666666666666665,1.1547005383792515,3,3
61113,1,5.0,0.0,1,3
61114,2,5.0,0.0,2,2
61117,1,5.0,0.0,1,5
61118,1,5.0,0.0,1,3
61123,1,4.0,0.0,1,4
61124,1,5.0,0.0,1,2
61125,1,1.0,0.0,1,5
61126,1,5.0,0.0,1,3
61128,1,4.0,0.0,1,3
61131,1,4.0,0.0,1,2
61134,1,4.0,0.0,1,4
61137,1,5.0,0.0,1,2
61138,1,5.0,0.0,1,2
61139,3,5.0,0.0,3,2
61140,2,5.0,0.0,2,3
61141,2,5.0,0.0,2,3
61142,2,2.0,1.4142135623730951,2,2
61144,1,5.0,0.0,1,3
61145,1,5.0,0.0,1,3
61150,2,4.0,1.4142135623730951,1,2
61153,2,4.0,1.4142135623730951,2,2
61158,1,4.0,0.0,1,3
61159,1,4.0,0.0,1,3
61160,2,4.0,0.0,2,3
61162,1,2.0,0.0,1,5
61163,1,5.0,0.0,1,2
61164,1,4.0,0.0,1,3
61165,1,5.0,0.0,1,2
61166,2,4.0,0.0,2,3
61167,1,4.0,0.0,1,3
61169,1,1.0,0.0,1,3
61171,3,4.666666666666667,0.5773502691896258,3,2
61174,4,3.5,0.5773502691896257,4,2
61175,1,5.0,0.0,1,2
61177,3,3.6666666666666665,1.1547005383792515,1,2
61180,1,5.0,0.0,1,2
61181,1,4.0,0.0,1,3
61182,7,4.428571428571429,0.5345224838248489,5,2
61184,2,5.0,0.0,1,2
61185,1,4.0,0.0,1,2
61186,1,5.0,0.0,1,2
61189,1,4.0,0.0,1,3
61190,1,4.0,0.0,1,2
61193,1,5.0,0.0,1,4
61194,1,4.0,0.0,1,5
61195,1,5.0,0.0,1,3
61205,2,4.5,0.7071067811865476,2,4
61208,1,3.0,0.0,1,4
61210,1,4.0,0.0,1,3
61211,1,4.0,0.0,1,3
61212,5,3.4,1.51657508881031,5,2
61214,1,5.0,0.0,1,3
61215,1,5.0,0.0,1,2
61216,2,1.5,0.7071067811865476,2,3
61217,1,5.0,0.0,1,2
61222,2,5.0,0.0,2,4
61223,1,4.0,0.0,1,4
61232,1,5.0,0.0,1,2
61233,2,3.5,2.1213203435596424,1,2
61236,1,5.0,0.0,1,4
61237,1,5.0,0.0,1,2
61238,1,4.0,0.0,1,2
61239,1,5.0,0.0,1,3
61244,2,5.0,0.0,2,2
61250,1,5.0,0.0,1,4
61252,3,4.666666666666667,0.5773502691896258,3,2
61253,3,4.666666666666667,0.5773502691896258,3,2
61254,2,3.0,1.4142135623730951,2,2
61255,2,5.0,0.0,2,3
61256,1,3.0,0.0,1,3
61257,1,4.0,0.0,1,3
61262,2,4.5,0.7071067811865476,1,3
61263,1,4.0,0.0,1,2
61264,2,4.5,0.7071067811865476,2,2
61267,1,5.0,0.0,1,2
61272,1,4.0,0.0,1,4
61275,1,4.0,0.0,1,4
61276,1,5.0,0.0,1,3
61278,1,4.0,0.0,1,3
61280,1,5.0,0.0,1,3
61281,1,4.0,0.0,1,4
61284,1,3.0,0.0,1,2
61287,1,5.0,0.0,1,2
61290,1,5.0,0.0,1,4
61293,2,2.5,0.7071067811865476,2,4
61297,1,5.0,0.0,1,3
61298,2,4.0,1.4142135623730951,2,2
61300,2,5.0,0.0,2,3
61301,1,3.0,0.0,1,2
61304,1,4.0,0.0,1,2
61307,1,5.0,0.0,1,2
61308,3,4.0,1.0,3,3
61311,1,3.0,0.0,1,2
61318,2,5.0,0.0,2,2
61321,2,3.5,0.7071067811865476,2,3
61329,4,4.75,0.5,4,2
61330,1,5.0,0.0,1,3
61332,1,5.0,0.0,1,2
61335,1,5.0,0.0,1,2
61337,1,5.0,0.0,1,3
61340,1,5.0,0.0,1,3
61341,2,4.0,1.4142135623730951,2,2
61343,1,5.0,0.0,1,2
61344,3,4.333333333333333,0.5773502691896258,3,3
61346,1,4.0,0.0,1,2
61347,3,4.333333333333333,1.1547005383792515,1,2
61349,2,4.0,1.4142135623730951,1,4
61350,1,3.0,0.0,1,3
61351,2,5.0,0.0,2,2
61353,3,2.3333333333333335,0.5773502691896258,3,2
61354,2,3.0,2.8284271247461903,2,2
61356,1,3.0,0.0,1,2
61357,1,5.0,0.0,1,3
61358,2,4.5,0.7071067811865476,2,2
61361,1,5.0,0.0,1,4
61364,3,4.333333333333333,1.1547005383792515,2,3
61367,1,5.0,0.0,1,4
61373,1,5.0,0.0,1,2
61378,1,5.0,0.0,1,4
61379,4,4.75,0.4999999999999999,2,3
61380,1,5.0,0.0,1,5
61381,1,4.0,0.0,1,2
61382,1,1.0,0.0,1,2
61383,1,3.0,0.0,1,2
61393,1,2.0,0.0,1,2
61394,1,5.0,0.0,1,3
61402,1,5.0,0.0,1,4
61404,1,5.0,0.0,1,2
61406,2,5.0,0.0,2,3
61407,2,5.0,0.0,2,2
61408,2,5.0,0.0,2,4
61415,2,3.5,0.7071067811865476,1,3
61416,1,4.0,0.0,1,5
61417,1,5.0,0.0,1,2
61419,1,4.0,0.0,1,2
61424,4,3.75,0.49999999999999994,4,2
61429,2,5.0,0.0,1,2
61435,1,5.0,0.0,1,2
61437,1,5.0,0.0,1,2
61438,1,4.0,0.0,1,2
61440,1,5.0,0.0,1,3
61447,1,4.0,0.0,1,2
61453,1,5.0,0.0,1,2
61455,4,4.75,0.5,3,2
61459,2,4.0,0.0,2,4
61460,1,3.0,0.0,1,5
61467,1,4.0,0.0,1,2
61469,1,5.0,0.0,1,4
61470,3,5.0,0.0,3,2
61472,1,4.0,0.0,1,4
61473,1,5.0,0.0,1,3
61482,1,3.0,0.0,1,2
61484,1,4.0,0.0,1,4
61494,1,5.0,0.0,1,3
61495,2,2.5,2.1213203435596424,2,2
61497,1,5.0,0.0,1,1
61499,2,5.0,0.0,2,2
61505,1,5.0,0.0,1,2
61507,1,1.0,0.0,1,2
61508,1,5.0,0.0,1,2
61509,1,4.0,0.0,1,4
61512,2,4.5,0.7071067811865476,2,3
61514,1,5.0,0.0,1,2
61516,1,5.0,0.0,1,2
61517,2,4.0,1.4142135623730951,2,2
61521,1,5.0,0.0,1,5
61525,1,5.0,0.0,1,5
61526,2,3.5,0.7071067811865476,2,2
61527,1,5.0,0.0,1,3
61529,1,3.0,0.0,1,2
61530,1,3.0,0.0,1,5
61536,4,4.5,0.9999999999999999,4,2
61539,1,3.0,0.0,1,2
61540,1,3.0,0.0,1,3
61542,1,3.0,0.0,1,3
61544,1,5.0,0.0,1,2
61548,1,5.0,0.0,1,3
61550,1,5.0,0.0,1,2
61551,2,5.0,0.0,1,3
61552,1,3.0,0.0,1,5
61558,2,2.5,0.7071067811865476,2,2
61559,1,5.0,0.0,1,2
61560,2,3.5,0.7071067811865476,2,3
61561,1,5.0,0.0,1,2
61568,1,4.0,0.0,1,2
61569,1,3.0,0.0,1,4
61570,1,5.0,0.0,1,3
61574,1,3.0,0.0,1,3
61576,1,3.0,0.0,1,2
61581,2,4.5,0.7071067811865476,2,3
61582,1,5.0,0.0,1,2
61588,1,5.0,0.0,1,2
61590,5,3.0,1.5811388300841898,1,5
61591,1,5.0,0.0,1,2
61592,1,4.0,0.0,1,4
61593,1,5.0,0.0,1,2
61597,1,5.0,0.0,1,2
61598,1,4.0,0.0,1,3
61599,1,4.0,0.0,1,3
61607,1,5.0,0.0,1,2
61610,1,5.0,0.0,1,2
61613,1,4.0,0.0,1,2
61615,1,4.0,0.0,1,3
61617,2,5.0,0.0,2,3
61619,1,3.0,0.0,1,3
61620,1,3.0,0.0,1,2
61621,1,5.0,0.0,1,3
61622,1,5.0,0.0,1,4
61623,3,3.6666666666666665,1.5275252316519468,3,2
61635,1,3.0,0.0,1,4
61637,1,3.0,0.0,1,2
61639,1,5.0,0.0,1,2
61643,1,4.0,0.0,1,3
61653,1,3.0,0.0,1,3
61657,1,5.0,0.0,1,2
61660,1,5.0,0.0,1,2
61661,1,5.0,0.0,1,2
61662,1,1.0,0.0,1,5
61665,1,5.0,0.0,1,2
61666,1,5.0,0.0,1,2
61668,1,4.0,0.0,1,3
61671,3,4.0,1.0,1,2
61675,1,5.0,0.0,1,3
61679,1,5.0,0.0,1,2
61680,1,4.0,0.0,1,1
61681,1,4.0,0.0,1,4
61682,2,3.5,0.7071067811865476,2,4
61687,3,4.0,1.0,1,4
61691,6,3.3333333333333335,1.0327955589886444,2,3
61692,2,5.0,0.0,2,5
61693,1,4.0,0.0,1,2
61694,1,3.0,0.0,1,3
61695,1,5.0,0.0,1,4
61696,1,4.0,0.0,1,4
61697,1,5.0,0.0,1,5
61698,1,4.0,0.0,1,3
61702,2,5.0,0.0,1,2
61706,1,3.0,0.0,1,2
61709,1,5.0,0.0,1,2
61714,1,4.0,0.0,1,5
61715,3,3.3333333333333335,0.5773502691896257,3,4
61721,1,4.0,0.0,1,3
61722,1,4.0,0.0,1,2
61723,1,4.0,0.0,1,2
61724,2,5.0,0.0,2,3
61725,1,4.0,0.0,1,4
61726,1,4.0,0.0,1,2
61727,1,4.0,0.0,1,2
61728,1,3.0,0.0,1,2
61729,1,4.0,0.0,1,5
61730,1,5.0,0.0,1,2
61731,1,4.0,0.0,1,5
61736,3,4.333333333333333,0.5773502691896257,2,2
61740,1,3.0,0.0,1,3
61741,1,4.0,0.0,1,2
61743,1,5.0,0.0,1,2
61746,1,4.0,0.0,1,2
61747,3,5.0,0.0,3,2
61749,2,5.0,0.0,2,2
61753,1,4.0,0.0,1,4
61761,1,3.0,0.0,1,1
61762,1,5.0,0.0,1,5
61763,3,4.333333333333333,1.1547005383792515,3,2
61765,1,4.0,0.0,1,5
61767,3,4.666666666666667,0.5773502691896257,1,1
61768,2,3.5,0.7071067811865476,1,2
61769,1,3.0,0.0,1,2
61770,1,3.0,0.0,1,3
61780,1,4.0,0.0,1,3
61782,1,3.0,0.0,1,5
61785,2,4.0,0.0,2,3
61786,2,4.5,0.7071067811865476,2,3
61791,1,3.0,0.0,1,2
61792,2,4.5,0.7071067811865476,2,4
61796,1,4.0,0.0,1,2
61800,1,4.0,0.0,1,2
61802,1,1.0,0.0,1,2
61803,1,5.0,0.0,1,4
61805,1,5.0,0.0,1,2
61808,1,5.0,0.0,1,2
61809,2,3.5,0.7071067811865476,2,3
61810,1,5.0,0.0,1,2
61812,1,3.0,0.0,1,3
61813,1,3.0,0.0,1,2
61814,1,4.0,0.0,1,2
61816,1,5.0,0.0,1,3
61826,1,4.0,0.0,1,2
61831,1,3.0,0.0,1,2
61836,1,4.0,0.0,1,2
61837,1,3.0,0.0,1,3
61838,1,4.0,0.0,1,5
61840,1,4.0,0.0,1,2
61845,1,4.0,0.0,1,2
61846,1,4.0,0.0,1,5
61847,1,4.0,0.0,1,2
61848,1,4.0,0.0,1,4
61849,1,4.0,0.0,1,2
61850,2,3.5,0.7071067811865476,1,2
61858,5,4.4,0.5477225575051662,3,2
61863,1,5.0,0.0,1,4
61864,1,5.0,0.0,1,3
61865,1,4.0,0.0,1,3
61866,1,4.0,0.0,1,3
61868,1,4.0,0.0,1,2
61874,1,5.0,0.0,1,2
61876,1,5.0,0.0,1,2
61878,1,5.0,0.0,1,4
61881,1,5.0,0.0,1,2
61882,1,5.0,0.0,1,2
61883,2,4.5,0.7071067811865476,1,2
61884,1,4.0,0.0,1,2
61886,1,5.0,0.0,1,4
61892,1,4.0,0.0,1,4
61894,1,2.0,0.0,1,2
61898,1,5.0,0.0,1,3
61903,1,4.0,0.0,1,1
61905,2,4.0,0.0,2,2
61906,1,1.0,0.0,1,3
61907,2,5.0,0.0,2,2
61915,1,4.0,0.0,1,3
61916,1,3.0,0.0,1,2
61917,1,5.0,0.0,1,3
61918,1,3.0,0.0,1,2
61927,1,5.0,0.0,1,3
61930,1,5.0,0.0,1,2
61931,1,4.0,0.0,1,2
61932,1,4.0,0.0,1,2
61933,1,4.0,0.0,1,3
61934,1,2.0,0.0,1,2
61936,1,5.0,0.0,1,3
61938,1,5.0,0.0,1,2
61941,1,4.0,0.0,1,2
61942,3,4.666666666666667,0.5773502691896258,3,2
61943,4,3.5,0.5773502691896257,3,2
61947,1,5.0,0.0,1,1
61949,1,3.0,0.0,1,3
61950,1,5.0,0.0,1,4
61952,3,3.0,1.0,3,2
61956,1,4.0,0.0,1,2
61959,1,4.0,0.0,1,4
61960,2,5.0,0.0,2,3
61962,1,5.0,0.0,1,2
61966,2,3.0,0.0,2,2
61967,1,5.0,0.0,1,3
61968,1,5.0,0.0,1,4
61969,1,5.0,0.0,1,3
61971,1,5.0,0.0,1,3
61973,1,5.0,0.0,1,4
61977,2,5.0,0.0,1,4
61986,1,3.0,0.0,1,4
61991,1,5.0,0.0,1,2
61992,2,4.5,0.7071067811865476,2,4
61993,3,5.0,0.0,2,3
61994,1,3.0,0.0,1,2
61995,2,2.0,1.4142135623730951,2,3
61998,1,4.0,0.0,1,3
61999,1,4.0,0.0,1,3
62004,2,4.0,0.0,2,2
62006,3,4.666666666666667,0.5773502691896257,3,4
62008,1,4.0,0.0,1,2
62011,3,4.0,1.7320508075688772,3,2
62012,1,3.0,0.0,1,2
62016,2,1.5,0.7071067811865476,2,4
62021,1,4.0,0.0,1,1
62026,1,1.0,0.0,1,2
62032,1,5.0,0.0,1,5
62035,1,4.0,0.0,1,4
62036,4,4.5,0.5773502691896258,4,3
62037,1,4.0,0.0,1,2
62038,1,3.0,0.0,1,2
62041,1,5.0,0.0,1,2
62042,1,4.0,0.0,1,5
62045,1,4.0,0.0,1,3
62046,2,4.5,0.7071067811865476,2,2
62050,1,5.0,0.0,1,5
62052,1,4.0,0.0,1,2
62053,1,3.0,0.0,1,4
62054,3,3.6666666666666665,0.5773502691896257,3,5
62056,1,5.0,0.0,1,2
62059,1,4.0,0.0,1,2
62063,1,2.0,0.0,1,5
62070,2,4.5,0.7071067811865476,2,2
62072,1,4.0,0.0,1,3
62073,1,5.0,0.0,1,4
62076,1,3.0,0.0,1,2
62081,1,5.0,0.0,1,4
62083,1,5.0,0.0,1,2
62087,1,3.0,0.0,1,4
62090,1,5.0,0.0,1,3
62091,1,5.0,0.0,1,3
62094,1,5.0,0.0,1,4
62097,1,5.0,0.0,1,3
62104,1,4.0,0.0,1,3
62106,6,4.0,0.8944271909999159,2,5
62108,2,5.0,0.0,2,2
62112,2,5.0,0.0,2,3
62116,1,3.0,0.0,1,5
62119,1,5.0,0.0,1,5
62121,2,4.5,0.7071067811865476,1,4
62124,1,4.0,0.0,1,3
62125,1,2.0,0.0,1,2
62128,2,3.5,0.7071067811865476,2,3
62129,2,3.0,1.4142135623730951,2,3
62130,3,4.666666666666667,0.5773502691896257,1,4
62131,1,5.0,0.0,1,4
62136,1,3.0,0.0,1,2
62139,1,4.0,0.0,1,4
62141,1,5.0,0.0,1,3
62142,1,5.0,0.0,1,2
62146,1,5.0,0.0,1,4
62147,1,3.0,0.0,1,4
62148,1,5.0,0.0,1,4
62153,1,5.0,0.0,1,2
62156,1,4.0,0.0,1,4
62158,1,5.0,0.0,1,5
62161,3,4.0,0.0,3,4
62162,1,3.0,0.0,1,2
62165,1,4.0,0.0,1,3
62169,4,4.75,0.5,1,4
62170,1,5.0,0.0,1,3
62171,1,4.0,0.0,1,3
62174,1,5.0,0.0,1,4
62177,1,5.0,0.0,1,3
62180,4,3.5,0.5773502691896257,3,2
62181,2,5.0,0.0,2,3
62182,1,4.0,0.0,1,2
62185,1,5.0,0.0,1,4
62188,1,5.0,0.0,1,3
62190,1,2.0,0.0,1,2
62192,1,4.0,0.0,1,2
62193,1,5.0,0.0,1,4
62204,1,5.0,0.0,1,3
62210,1,4.0,0.0,1,4
62212,1,5.0,0.0,1,3
62213,1,4.0,0.0,1,3
62217,1,5.0,0.0,1,4
62218,1,4.0,0.0,1,2
62219,1,4.0,0.0,1,3
62220,2,4.0,1.4142135623730951,2,5
62221,1,5.0,0.0,1,4
62222,1,5.0,0.0,1,3
62223,2,3.0,1.4142135623730951,2,4
62224,1,5.0,0.0,1,3
62226,1,4.0,0.0,1,2
62230,1,4.0,0.0,1,2
62234,1,3.0,0.0,1,3
62235,3,3.6666666666666665,0.5773502691896257,3,2
62237,1,5.0,0.0,1,3
62239,1,4.0,0.0,1,2
62240,2,4.5,0.7071067811865476,2,2
62249,2,4.0,0.0,2,3
62251,1,5.0,0.0,1,3
62252,3,4.0,1.0,3,3
62258,1,5.0,0.0,1,2
62263,1,4.0,0.0,1,3
62268,1,5.0,0.0,1,2
62271,1,5.0,0.0,1,2
62272,1,4.0,0.0,1,4
62274,1,4.0,0.0,1,5
62275,1,4.0,0.0,1,3
62277,2,4.5,0.7071067811865476,1,3
62284,1,5.0,0.0,1,3
62287,1,4.0,0.0,1,2
62288,2,4.5,0.7071067811865476,1,4
62290,1,4.0,0.0,1,4
62291,2,5.0,0.0,1,5
62293,3,4.666666666666667,0.5773502691896258,2,3
62306,2,4.0,0.0,2,3
62309,4,4.5,0.5773502691896257,1,4
62319,2,3.5,0.7071067811865476,1,2
62320,1,4.0,0.0,1,3
62321,2,5.0,0.0,2,3
62324,1,5.0,0.0,1,2
62327,1,1.0,0.0,1,3
62333,1,4.0,0.0,1,5
62334,1,5.0,0.0,1,4
62338,1,5.0,0.0,1,5
62341,1,5.0,0.0,1,2
62342,2,3.5,0.7071067811865476,1,2
62344,1,5.0,0.0,1,2
62345,1,1.0,0.0,1,4
62346,1,5.0,0.0,1,2
62348,1,3.0,0.0,1,4
62352,1,4.0,0.0,1,4
62354,1,5.0,0.0,1,4
62355,2,5.0,0.0,2,3
62356,1,1.0,0.0,1,2
62357,3,3.0,1.0,1,5
62359,1,4.0,0.0,1,3
62361,1,4.0,0.0,1,3
62370,1,4.0,0.0,1,4
62376,3,4.666666666666667,0.5773502691896257,3,2
62378,1,4.0,0.0,1,2
62380,1,3.0,0.0,1,2
62382,1,5.0,0.0,1,3
62383,1,3.0,0.0,1,4
62385,1,4.0,0.0,1,3
62386,1,3.0,0.0,1,2
62387,1,2.0,0.0,1,2
62393,1,5.0,0.0,1,4
62394,1,5.0,0.0,1,2
62400,2,4.5,0.7071067811865476,2,3
62404,2,3.5,2.1213203435596424,2,3
62406,3,4.0,1.0,3,4
62407,1,4.0,0.0,1,4
62408,2,4.5,0.7071067811865476,2,4
62410,3,3.6666666666666665,0.5773502691896258,1,3
62411,1,2.0,0.0,1,2
62412,12,3.1666666666666665,0.5773502691896257,1,3
62414,1,5.0,0.0,1,2
62415,1,4.0,0.0,1,3
62416,1,4.0,0.0,1,4
62420,1,5.0,0.0,1,3
62421,1,5.0,0.0,1,2
62428,1,5.0,0.0,1,3
62432,1,4.0,0.0,1,2
62433,1,4.0,0.0,1,4
62436,1,4.0,0.0,1,4
62438,1,3.0,0.0,1,2
62441,1,4.0,0.0,1,2
62442,1,5.0,0.0,1,1
62447,2,3.5,0.7071067811865476,1,3
62450,1,4.0,0.0,1,3
62454,1,3.0,0.0,1,4
62455,1,5.0,0.0,1,5
62456,1,5.0,0.0,1,3
62461,1,4.0,0.0,1,2
62463,1,4.0,0.0,1,2
62466,3,3.6666666666666665,0.5773502691896257,2,2
62467,1,5.0,0.0,1,4
62469,2,5.0,0.0,2,4
62477,1,4.0,0.0,1,3
62479,1,4.0,0.0,1,4
62481,1,5.0,0.0,1,2
62482,1,5.0,0.0,1,3
62483,5,4.0,0.0,1,4
62485,1,5.0,0.0,1,2
62486,2,4.5,0.7071067811865476,1,4
62487,1,4.0,0.0,1,4
62490,2,5.0,0.0,2,4
62496,1,5.0,0.0,1,3
62497,2,4.5,0.7071067811865476,1,3
62498,3,4.0,1.0,3,3
62502,1,5.0,0.0,1,3
62503,3,2.6666666666666665,1.5275252316519465,3,2
62505,1,4.0,0.0,1,2
62506,1,1.0,0.0,1,2
62509,1,5.0,0.0,1,3
62512,1,5.0,0.0,1,3
62515,2,5.0,0.0,2,4
62518,1,5.0,0.0,1,3
62520,1,5.0,0.0,1,4
62522,2,3.5,2.1213203435596424,2,2
62530,1,3.0,0.0,1,3
62531,1,4.0,0.0,1,5
62534,1,3.0,0.0,1,2
62535,1,4.0,0.0,1,4
62536,1,4.0,0.0,1,5
62537,1,5.0,0.0,1,2
62538,1,3.0,0.0,1,3
62540,1,3.0,0.0,1,2
62543,1,4.0,0.0,1,5
62544,1,5.0,0.0,1,3
62546,1,4.0,0.0,1,5
62550,1,3.0,0.0,1,3
62553,1,2.0,0.0,1,4
62554,1,4.0,0.0,1,3
62557,1,3.0,0.0,1,5
62559,1,4.0,0.0,1,2
62563,2,4.0,0.0,2,3
62569,1,5.0,0.0,1,5
62570,1,1.0,0.0,1,4
62584,1,5.0,0.0,1,4
62587,2,4.5,0.7071067811865476,2,2
62588,1,4.0,0.0,1,2
62590,1,5.0,0.0,1,2
62591,1,3.0,0.0,1,4
62592,1,2.0,0.0,1,2
62594,1,4.0,0.0,1,3
62595,1,4.0,0.0,1,2
62600,1,5.0,0.0,1,3
62604,1,4.0,0.0,1,3
62605,2,2.5,0.7071067811865476,2,5
62610,1,4.0,0.0,1,2
62611,1,4.0,0.0,1,4
62612,1,5.0,0.0,1,2
62616,1,5.0,0.0,1,3
62618,2,4.0,1.4142135623730951,2,3
62622,1,4.0,0.0,1,2
62623,1,4.0,0.0,1,3
62624,1,3.0,0.0,1,2
62628,1,3.0,0.0,1,4
62629,2,4.5,0.7071067811865476,2,2
62633,1,5.0,0.0,1,4
62634,1,5.0,0.0,1,2
62635,3,5.0,0.0,2,2
62636,8,4.5,0.5345224838248488,6,2
62637,3,4.333333333333333,0.5773502691896257,3,4
62645,1,5.0,0.0,1,5
62646,7,3.4285714285714284,1.98805959477601,4,2
62649,1,4.0,0.0,1,4
62650,2,5.0,0.0,2,2
62652,1,4.0,0.0,1,2
62653,4,4.0,1.1547005383792515,3,2
62661,5,3.2,2.04939015319192,5,2
62665,11,4.454545454545454,0.6875516509523286,5,2
62667,1,4.0,0.0,1,3
62669,6,4.666666666666667,0.8164965809277261,4,2
62671,1,5.0,0.0,1,2
62673,1,4.0,0.0,1,2
62674,1,3.0,0.0,1,4
62679,1,5.0,0.0,1,4
62684,1,5.0,0.0,1,2
62686,1,4.0,0.0,1,2
62689,2,4.5,0.7071067811865476,1,4
62694,1,5.0,0.0,1,3
62696,1,3.0,0.0,1,4
62701,1,3.0,0.0,1,5
62703,1,5.0,0.0,1,2
62704,1,4.0,0.0,1,2
62705,1,5.0,0.0,1,5
62712,1,3.0,0.0,1,2
62716,1,5.0,0.0,1,4
62717,2,5.0,0.0,2,2
62718,2,4.5,0.7071067811865476,2,2
62719,3,4.666666666666667,0.5773502691896258,2,3
62728,1,5.0,0.0,1,2
62731,1,4.0,0.0,1,2
62732,1,4.0,0.0,1,2
62733,1,5.0,0.0,1,4
62735,1,5.0,0.0,1,4
62738,1,4.0,0.0,1,5
62739,1,5.0,0.0,1,2
62742,1,4.0,0.0,1,2
62749,1,3.0,0.0,1,4
62753,1,5.0,0.0,1,2
62754,1,3.0,0.0,1,3
62755,2,5.0,0.0,2,2
62762,1,3.0,0.0,1,2
62770,1,3.0,0.0,1,4
62773,1,5.0,0.0,1,4
62775,1,4.0,0.0,1,4
62776,1,4.0,0.0,1,3
62782,1,5.0,0.0,1,2
62783,2,3.0,2.8284271247461903,2,2
62789,1,4.0,0.0,1,2
62791,6,3.8333333333333335,0.752772652709081,4,2
62792,1,3.0,0.0,1,5
62793,5,4.4,0.894427190999916,5,2
62795,1,3.0,0.0,1,3
62796,1,3.0,0.0,1,4
62797,1,1.0,0.0,1,2
62799,1,5.0,0.0,1,3
62800,1,3.0,0.0,1,2
62801,1,4.0,0.0,1,3
62802,2,5.0,0.0,1,4
62803,1,5.0,0.0,1,2
62805,1,5.0,0.0,1,4
62806,1,5.0,0.0,1,4
62808,1,2.0,0.0,1,2
62809,1,5.0,0.0,1,4
62811,1,4.0,0.0,1,3
62812,1,5.0,0.0,1,2
62813,1,4.0,0.0,1,4
62814,1,3.0,0.0,1,2
62815,1,4.0,0.0,1,4
62819,1,4.0,0.0,1,3
62821,1,5.0,0.0,1,3
62825,2,4.5,0.7071067811865476,2,2
62829,1,3.0,0.0,1,3
62830,1,4.0,0.0,1,2
62831,1,5.0,0.0,1,2
62832,2,4.5,0.7071067811865476,2,3
62833,3,4.0,1.0,3,3
62835,6,4.333333333333333,0.5163977794943221,1,3
62838,1,5.0,0.0,1,2
62839,5,4.6,0.5477225575051661,5,3
62841,1,4.0,0.0,1,5
62844,1,3.0,0.0,1,3
62851,1,5.0,0.0,1,2
62852,1,1.0,0.0,1,2
62855,1,4.0,0.0,1,2
62857,1,3.0,0.0,1,4
62859,1,3.0,0.0,1,4
62861,1,5.0,0.0,1,3
62863,1,5.0,0.0,1,2
62864,1,5.0,0.0,1,3
62867,1,4.0,0.0,1,5
62874,1,4.0,0.0,1,4
62875,2,5.0,0.0,2,2
62876,1,3.0,0.0,1,3
62879,1,5.0,0.0,1,5
62881,3,4.333333333333333,0.5773502691896257,3,3
62884,1,4.0,0.0,1,2
62885,1,5.0,0.0,1,2
62887,1,5.0,0.0,1,2
62889,1,2.0,0.0,1,5
62892,1,3.0,0.0,1,3
62893,1,3.0,0.0,1,3
62894,1,4.0,0.0,1,2
62896,2,3.0,1.4142135623730951,1,2
62900,1,4.0,0.0,1,2
62901,2,4.0,1.4142135623730951,2,3
62902,5,4.6,0.8944271909999159,3,2
62904,3,3.6666666666666665,1.1547005383792515,3,2
62906,2,4.5,0.7071067811865476,1,2
62907,14,3.9285714285714284,1.4392458342578487,6,2
62914,2,5.0,0.0,2,1
62916,2,4.0,1.4142135623730951,2,5
62919,1,5.0,0.0,1,4
62921,1,4.0,0.0,1,2
62923,2,4.0,1.4142135623730951,2,2
62925,2,4.5,0.7071067811865476,2,4
62928,1,2.0,0.0,1,3
62930,1,5.0,0.0,1,3
62932,2,4.0,1.4142135623730951,2,2
62937,1,5.0,0.0,1,2
62938,8,4.125,0.8345229603962803,5,3
62939,1,5.0,0.0,1,3
62942,1,5.0,0.0,1,5
62943,2,4.5,0.7071067811865476,2,3
62946,1,4.0,0.0,1,3
62947,1,5.0,0.0,1,3
62952,2,4.5,0.7071067811865476,2,4
62959,3,2.3333333333333335,2.3094010767585034,3,3
62961,3,4.666666666666667,0.5773502691896257,3,3
62962,2,4.0,1.4142135623730951,2,2
62963,1,4.0,0.0,1,4
62964,1,3.0,0.0,1,2
62966,2,4.5,0.7071067811865476,2,2
62970,1,5.0,0.0,1,2
62971,1,3.0,0.0,1,4
62973,2,5.0,0.0,2,3
62975,1,4.0,0.0,1,3
62976,1,3.0,0.0,1,2
62977,3,4.0,0.0,2,2
62978,2,5.0,0.0,2,2
62979,1,5.0,0.0,1,4
62981,1,5.0,0.0,1,2
62985,1,4.0,0.0,1,2
62988,1,5.0,0.0,1,3
62990,1,3.0,0.0,1,2
62992,1,4.0,0.0,1,2
62999,1,5.0,0.0,1,3
63003,1,3.0,0.0,1,2
63007,2,4.0,0.0,2,2
63011,1,5.0,0.0,1,3
63012,1,5.0,0.0,1,2
63014,1,1.0,0.0,1,2
63020,1,3.0,0.0,1,2
63021,1,3.0,0.0,1,2
63024,1,4.0,0.0,1,2
63025,1,3.0,0.0,1,2
63028,1,3.0,0.0,1,5
63031,2,4.5,0.7071067811865476,1,2
63033,2,5.0,0.0,2,3
63034,1,4.0,0.0,1,3
63035,1,5.0,0.0,1,4
63038,1,5.0,0.0,1,2
63039,1,5.0,0.0,1,4
63040,1,4.0,0.0,1,2
63042,4,4.75,0.5,1,4
63046,2,5.0,0.0,1,2
63047,1,4.0,0.0,1,2
63052,1,5.0,0.0,1,3
63055,3,4.0,0.0,1,1
63056,1,3.0,0.0,1,5
63058,1,5.0,0.0,1,2
63061,1,4.0,0.0,1,3
63062,1,4.0,0.0,1,2
63065,1,4.0,0.0,1,2
63067,1,4.0,0.0,1,4
63069,1,4.0,0.0,1,2
63070,1,1.0,0.0,1,1
63072,1,4.0,0.0,1,3
63076,1,4.0,0.0,1,2
63077,2,4.5,0.7071067811865476,2,3
63078,1,5.0,0.0,1,2
63079,1,5.0,0.0,1,2
63083,1,5.0,0.0,1,2
63086,1,3.0,0.0,1,2
63092,1,5.0,0.0,1,3
63097,2,3.0,1.4142135623730951,2,2
63101,1,5.0,0.0,1,3
63103,1,3.0,0.0,1,5
63104,1,5.0,0.0,1,2
63109,1,5.0,0.0,1,2
63110,2,4.5,0.7071067811865476,2,3
63114,1,4.0,0.0,1,5
63115,1,4.0,0.0,1,2
63116,1,4.0,0.0,1,2
63118,2,5.0,0.0,2,2
63124,3,3.3333333333333335,0.5773502691896258,3,2
63126,1,5.0,0.0,1,5
63129,1,5.0,0.0,1,2
63132,2,4.5,0.7071067811865476,2,2
63134,1,5.0,0.0,1,2
63135,4,4.25,0.9574271077563382,4,3
63138,12,4.166666666666667,0.8348471099367217,7,2
63140,1,4.0,0.0,1,2
63141,1,5.0,0.0,1,4
63142,1,5.0,0.0,1,4
63144,2,4.5,0.7071067811865476,2,2
63147,1,4.0,0.0,1,2
63149,5,2.6,1.1401754250991378,1,5
63150,3,4.0,1.0,1,2
63154,1,5.0,0.0,1,3
63155,1,5.0,0.0,1,2
63156,1,5.0,0.0,1,2
63157,1,5.0,0.0,1,2
63158,1,5.0,0.0,1,4
63161,1,5.0,0.0,1,3
63162,1,5.0,0.0,1,3
63163,1,4.0,0.0,1,2
63164,2,4.5,0.7071067811865476,2,5
63165,2,4.5,0.7071067811865476,2,3
63166,1,1.0,0.0,1,3
63167,1,3.0,0.0,1,4
63169,2,3.5,0.7071067811865476,2,3
63172,1,5.0,0.0,1,2
63178,1,4.0,0.0,1,2
63182,1,5.0,0.0,1,3
63183,2,5.0,0.0,2,2
63184,1,4.0,0.0,1,4
63185,2,4.5,0.7071067811865476,2,3
63186,1,4.0,0.0,1,2
63189,1,4.0,0.0,1,2
63190,1,2.0,0.0,1,2
63193,1,4.0,0.0,1,3
63197,5,3.8,0.8366600265340755,2,3
63204,1,4.0,0.0,1,4
63206,2,3.5,0.7071067811865476,2,3
63208,1,5.0,0.0,1,3
63209,1,4.0,0.0,1,4
63211,1,4.0,0.0,1,2
63219,1,4.0,0.0,1,3
63220,1,4.0,0.0,1,4
63221,2,3.0,0.0,2,2
63223,1,4.0,0.0,1,4
63224,1,2.0,0.0,1,2
63227,2,4.0,0.0,2,2
63228,1,1.0,0.0,1,4
63236,1,5.0,0.0,1,3
63238,2,4.5,0.7071067811865476,1,4
63239,1,4.0,0.0,1,4
63241,1,4.0,0.0,1,2
63242,1,2.0,0.0,1,4
63243,1,3.0,0.0,1,5
63246,1,5.0,0.0,1,4
63247,1,3.0,0.0,1,2
63248,1,5.0,0.0,1,2
63251,1,5.0,0.0,1,4
63252,3,4.333333333333333,1.1547005383792515,3,4
63256,1,4.0,0.0,1,4
63259,1,5.0,0.0,1,2
63260,1,5.0,0.0,1,2
63262,1,4.0,0.0,1,3
63264,4,4.5,0.5773502691896257,3,4
63265,1,5.0,0.0,1,4
63266,1,2.0,0.0,1,4
63267,1,5.0,0.0,1,5
63270,1,4.0,0.0,1,2
63271,1,2.0,0.0,1,2
63276,1,5.0,0.0,1,3
63280,2,2.0,1.4142135623730951,2,4
63281,1,3.0,0.0,1,4
63287,1,5.0,0.0,1,2
63290,1,4.0,0.0,1,2
63293,1,3.0,0.0,1,2
63299,1,2.0,0.0,1,2
63302,1,3.0,0.0,1,4
63306,1,5.0,0.0,1,2
63309,1,5.0,0.0,1,4
63310,2,5.0,0.0,2,2
63311,1,4.0,0.0,1,3
63315,1,4.0,0.0,1,3
63321,1,5.0,0.0,1,3
63323,1,5.0,0.0,1,4
63326,1,3.0,0.0,1,2
63328,2,4.0,0.0,2,5
63329,1,5.0,0.0,1,2
63333,1,5.0,0.0,1,4
63340,1,3.0,0.0,1,4
63344,1,5.0,0.0,1,2
63349,2,5.0,0.0,1,3
63352,1,5.0,0.0,1,3
63355,1,5.0,0.0,1,2
63356,1,2.0,0.0,1,2
63359,1,3.0,0.0,1,5
63362,1,4.0,0.0,1,3
63364,1,5.0,0.0,1,2
63365,1,4.0,0.0,1,5
63369,1,3.0,0.0,1,4
63370,2,4.5,0.7071067811865476,2,3
63373,1,4.0,0.0,1,4
63374,1,3.0,0.0,1,4
63377,1,5.0,0.0,1,4
63379,1,3.0,0.0,1,2
63383,1,3.0,0.0,1,2
63392,1,4.0,0.0,1,2
63395,2,5.0,0.0,2,4
63398,1,5.0,0.0,1,3
63401,1,4.0,0.0,1,3
63403,1,4.0,0.0,1,2
63407,1,5.0,0.0,1,3
63410,2,4.0,0.0,2,2
63412,1,4.0,0.0,1,4
63414,1,2.0,0.0,1,2
63415,1,5.0,0.0,1,3
63416,1,5.0,0.0,1,3
63429,1,5.0,0.0,1,3
63431,1,4.0,0.0,1,2
63432,1,4.0,0.0,1,3
63433,1,4.0,0.0,1,3
63436,2,4.5,0.7071067811865476,2,3
63440,2,5.0,0.0,2,4
63441,1,2.0,0.0,1,2
63442,1,5.0,0.0,1,3
63444,2,4.0,0.0,2,2
63449,1,4.0,0.0,1,2
63453,3,4.666666666666667,0.5773502691896258,3,3
63457,1,5.0,0.0,1,3
63459,1,5.0,0.0,1,4
63460,1,5.0,0.0,1,5
63461,3,4.0,1.0,3,3
63463,2,4.5,0.7071067811865476,2,1
63464,2,4.0,1.4142135623730951,2,2
63465,1,5.0,0.0,1,3
63466,2,4.5,0.7071067811865476,2,4
63469,1,4.0,0.0,1,3
63472,1,2.0,0.0,1,3
63473,1,2.0,0.0,1,4
63475,1,4.0,0.0,1,2
63478,1,4.0,0.0,1,2
63480,1,5.0,0.0,1,4
63488,1,5.0,0.0,1,3
63489,1,2.0,0.0,1,5
63490,3,3.3333333333333335,0.5773502691896257,2,2
63491,1,4.0,0.0,1,3
63493,4,4.0,1.4142135623730951,3,2
63497,1,5.0,0.0,1,2
63499,1,5.0,0.0,1,4
63500,1,4.0,0.0,1,2
63502,1,4.0,0.0,1,3
63504,4,4.5,0.5773502691896258,4,4
63505,2,3.5,0.7071067811865476,2,2
63509,1,5.0,0.0,1,2
63510,1,1.0,0.0,1,2
63511,1,5.0,0.0,1,3
63513,1,3.0,0.0,1,4
63515,2,4.5,0.7071067811865476,1,2
63518,1,5.0,0.0,1,4
63520,1,3.0,0.0,1,2
63521,1,4.0,0.0,1,3
63528,1,5.0,0.0,1,3
63531,3,4.0,1.0,3,3
63533,2,4.5,0.7071067811865476,2,3
63534,1,4.0,0.0,1,3
63535,1,4.0,0.0,1,2
63536,1,4.0,0.0,1,2
63537,1,5.0,0.0,1,2
63542,1,4.0,0.0,1,2
63543,1,5.0,0.0,1,3
63546,1,4.0,0.0,1,2
63547,3,4.0,1.0,3,5
63549,1,5.0,0.0,1,3
63551,2,3.5,0.7071067811865476,2,2
63552,2,4.0,1.4142135623730951,2,4
63553,1,4.0,0.0,1,2
63555,3,4.333333333333333,1.1547005383792517,3,2
63558,2,2.5,0.7071067811865476,2,2
63560,5,4.8,0.44721359549995787,4,3
63562,1,4.0,0.0,1,2
63563,1,5.0,0.0,1,2
63564,1,5.0,0.0,1,2
63566,3,3.6666666666666665,0.5773502691896258,1,5
63568,1,4.0,0.0,1,3
63570,1,5.0,0.0,1,3
63576,2,3.0,1.4142135623730951,2,2
63579,1,5.0,0.0,1,3
63580,1,3.0,0.0,1,3
63581,4,4.0,0.816496580927726,2,1
63582,1,5.0,0.0,1,3
63584,1,5.0,0.0,1,5
63586,1,3.0,0.0,1,4
63587,1,5.0,0.0,1,2
63588,1,5.0,0.0,1,2
63589,1,5.0,0.0,1,2
63592,1,3.0,0.0,1,4
63595,1,5.0,0.0,1,2
63596,1,2.0,0.0,1,4
63597,1,5.0,0.0,1,2
63599,1,2.0,0.0,1,5
63602,2,4.5,0.7071067811865476,2,3
63603,1,3.0,0.0,1,2
63605,3,4.666666666666667,0.5773502691896257,3,2
63610,1,3.0,0.0,1,3
63611,2,4.5,0.7071067811865476,2,3
63615,3,4.333333333333333,0.5773502691896257,3,2
63618,2,2.5,0.7071067811865476,1,2
63619,1,4.0,0.0,1,2
63620,1,4.0,0.0,1,2
63621,1,4.0,0.0,1,2
63622,4,5.0,0.0,4,2
63624,1,5.0,0.0,1,3
63625,1,4.0,0.0,1,2
63629,3,2.6666666666666665,2.0816659994661326,1,5
63630,1,4.0,0.0,1,4
63632,1,5.0,0.0,1,2
63634,1,5.0,0.0,1,2
63635,3,3.3333333333333335,0.5773502691896258,3,2
63637,1,4.0,0.0,1,3
63638,1,5.0,0.0,1,3
63639,2,5.0,0.0,2,4
63641,2,5.0,0.0,2,4
63645,1,4.0,0.0,1,3
63647,3,4.333333333333333,0.5773502691896257,3,3
63648,2,5.0,0.0,2,2
63656,2,4.0,0.0,2,4
63661,1,4.0,0.0,1,5
63663,2,5.0,0.0,2,2
63664,1,3.0,0.0,1,2
63665,1,5.0,0.0,1,2
63669,3,4.0,1.7320508075688772,3,4
63670,1,5.0,0.0,1,4
63671,1,4.0,0.0,1,3
63674,1,3.0,0.0,1,2
63675,1,5.0,0.0,1,4
63676,1,5.0,0.0,1,3
63677,3,5.0,0.0,3,1
63680,1,4.0,0.0,1,2
63693,1,4.0,0.0,1,3
63694,2,3.0,0.0,2,2
63695,1,3.0,0.0,1,4
63699,3,4.666666666666667,0.5773502691896257,3,2
63700,3,4.333333333333333,0.5773502691896257,3,3
63701,1,4.0,0.0,1,2
63702,2,5.0,0.0,2,2
63703,2,4.5,0.7071067811865476,2,2
63705,3,4.333333333333333,0.5773502691896257,1,5
63707,1,1.0,0.0,1,2
63708,1,5.0,0.0,1,2
63712,2,4.5,0.7071067811865476,2,2
63714,1,4.0,0.0,1,3
63717,1,5.0,0.0,1,2
63718,1,5.0,0.0,1,2
63722,1,5.0,0.0,1,3
63729,3,5.0,0.0,3,2
63730,2,5.0,0.0,2,3
63735,2,3.5,0.7071067811865476,2,2
63736,1,5.0,0.0,1,3
63737,2,5.0,0.0,2,3
63738,1,4.0,0.0,1,2
63740,1,5.0,0.0,1,3
63741,2,4.5,0.7071067811865476,2,5
63745,2,5.0,0.0,2,2
63748,3,4.333333333333333,0.5773502691896258,2,3
63749,5,4.0,0.7071067811865475,4,2
63750,2,3.5,2.1213203435596424,2,3
63755,2,5.0,0.0,2,2
63758,2,5.0,0.0,1,3
63759,1,3.0,0.0,1,4
63760,1,4.0,0.0,1,2
63763,1,4.0,0.0,1,3
63764,1,5.0,0.0,1,4
63766,1,4.0,0.0,1,3
63767,1,4.0,0.0,1,2
63768,1,5.0,0.0,1,5
63778,1,5.0,0.0,1,4
63783,1,4.0,0.0,1,4
63785,2,5.0,0.0,2,2
63786,8,4.125,1.4577379737113252,3,2
63787,2,4.5,0.7071067811865476,2,2
63788,2,4.0,1.4142135623730951,2,4
63792,1,4.0,0.0,1,4
63794,1,4.0,0.0,1,3
63795,1,2.0,0.0,1,2
63796,1,5.0,0.0,1,4
63801,1,4.0,0.0,1,2
63803,1,5.0,0.0,1,4
63804,1,4.0,0.0,1,2
63814,1,5.0,0.0,1,3
63818,3,4.0,1.0,3,2
63821,1,4.0,0.0,1,4
63822,3,3.3333333333333335,1.5275252316519468,1,3
63825,1,5.0,0.0,1,1
63832,1,3.0,0.0,1,2
63835,2,4.5,0.7071067811865476,2,3
63838,3,4.0,1.0,1,5
63841,2,3.5,0.7071067811865476,1,3
63842,1,4.0,0.0,1,2
63844,1,4.0,0.0,1,2
63845,1,4.0,0.0,1,2
63851,2,5.0,0.0,2,4
63852,1,3.0,0.0,1,5
63854,1,5.0,0.0,1,3
63861,1,3.0,0.0,1,3
63862,3,2.6666666666666665,1.5275252316519468,3,4
63863,3,5.0,0.0,3,5
63864,1,5.0,0.0,1,2
63866,2,5.0,0.0,2,3
63868,1,4.0,0.0,1,5
63873,1,3.0,0.0,1,2
63874,2,4.5,0.7071067811865476,2,2
63887,1,5.0,0.0,1,3
63889,1,4.0,0.0,1,4
63890,1,3.0,0.0,1,2
63897,1,4.0,0.0,1,3
63898,1,4.0,0.0,1,5
63899,1,5.0,0.0,1,4
63907,1,5.0,0.0,1,2
63908,1,4.0,0.0,1,2
63915,1,3.0,0.0,1,3
63917,1,2.0,0.0,1,3
63921,2,4.0,1.4142135623730951,2,2
63922,1,4.0,0.0,1,4
63923,3,2.3333333333333335,0.5773502691896257,3,2
63924,2,4.0,1.4142135623730951,2,4
63925,1,3.0,0.0,1,3
63926,1,4.0,0.0,1,3
63928,1,5.0,0.0,1,4
63930,1,3.0,0.0,1,3
63931,1,4.0,0.0,1,3
63933,1,5.0,0.0,1,2
63937,1,3.0,0.0,1,4
63939,1,3.0,0.0,1,3
63940,1,5.0,0.0,1,2
63941,1,4.0,0.0,1,4
63942,1,5.0,0.0,1,4
63944,1,3.0,0.0,1,5
63945,1,4.0,0.0,1,2
63947,3,4.0,1.7320508075688772,2,3
63948,1,3.0,0.0,1,5
63952,1,5.0,0.0,1,3
63958,1,5.0,0.0,1,3
63963,1,5.0,0.0,1,5
63967,1,4.0,0.0,1,3
63975,1,4.0,0.0,1,2
63976,2,4.0,0.0,2,2
63981,1,4.0,0.0,1,4
63983,1,4.0,0.0,1,4
63984,1,4.0,0.0,1,3
63986,1,2.0,0.0,1,2
63987,1,5.0,0.0,1,2
63988,1,5.0,0.0,1,4
63989,1,5.0,0.0,1,3
63990,1,4.0,0.0,1,2
63995,1,4.0,0.0,1,3
63996,1,3.0,0.0,1,2
64002,1,4.0,0.0,1,2
64003,1,5.0,0.0,1,2
64005,1,5.0,0.0,1,4
64006,1,4.0,0.0,1,4
64011,1,4.0,0.0,1,5
64015,1,5.0,0.0,1,3
64016,1,2.0,0.0,1,2
64021,1,5.0,0.0,1,2
64023,2,5.0,0.0,2,5
64028,1,2.0,0.0,1,2
64029,1,3.0,0.0,1,3
64031,1,5.0,0.0,1,2
64033,1,5.0,0.0,1,3
64038,1,5.0,0.0,1,3
64040,1,3.0,0.0,1,2
64042,1,5.0,0.0,1,4
64043,1,5.0,0.0,1,5
64049,2,3.0,1.4142135623730951,1,3
64057,2,3.0,1.4142135623730951,2,4
64060,1,5.0,0.0,1,3
64065,1,3.0,0.0,1,2
64066,2,4.0,1.4142135623730951,2,3
64069,1,3.0,0.0,1,3
64070,1,4.0,0.0,1,2
64071,1,4.0,0.0,1,5
64074,1,5.0,0.0,1,3
64075,1,5.0,0.0,1,4
64077,1,5.0,0.0,1,4
64078,1,4.0,0.0,1,3
64087,2,4.5,0.7071067811865476,2,2
64090,1,3.0,0.0,1,2
64099,1,4.0,0.0,1,4
64100,2,4.5,0.7071067811865476,2,3
64105,2,4.5,0.7071067811865476,2,3
64106,1,5.0,0.0,1,4
64107,1,5.0,0.0,1,5
64108,1,5.0,0.0,1,2
64109,1,5.0,0.0,1,3
64111,1,4.0,0.0,1,4
64117,1,5.0,0.0,1,2
64118,1,4.0,0.0,1,4
64122,1,4.0,0.0,1,4
64125,3,4.666666666666667,0.5773502691896257,1,2
64126,1,5.0,0.0,1,3
64129,1,4.0,0.0,1,3
64130,1,5.0,0.0,1,3
64138,2,2.5,2.1213203435596424,2,4
64141,1,5.0,0.0,1,4
64143,5,4.0,0.7071067811865476,4,2
64148,1,5.0,0.0,1,2
64149,2,2.5,0.7071067811865476,2,5
64152,1,4.0,0.0,1,2
64154,4,4.25,0.5,2,2
64155,1,4.0,0.0,1,3
64161,8,4.125,0.6408699444616557,7,3
64162,1,5.0,0.0,1,2
64163,2,5.0,0.0,2,2
64164,1,5.0,0.0,1,2
64166,1,5.0,0.0,1,2
64169,1,5.0,0.0,1,4
64170,1,4.0,0.0,1,4
64172,1,4.0,0.0,1,2
64173,3,2.6666666666666665,1.5275252316519468,1,3
64174,1,5.0,0.0,1,3
64175,1,5.0,0.0,1,2
64177,1,4.0,0.0,1,2
64181,1,5.0,0.0,1,2
64182,1,4.0,0.0,1,4
64183,1,4.0,0.0,1,4
64188,1,5.0,0.0,1,3
64190,1,5.0,0.0,1,5
64196,1,5.0,0.0,1,4
64198,1,3.0,0.0,1,4
64199,1,4.0,0.0,1,5
64200,2,5.0,0.0,2,3
64203,1,3.0,0.0,1,4
64205,1,2.0,0.0,1,2
64209,2,4.5,0.7071067811865476,2,2
64211,1,4.0,0.0,1,2
64214,1,3.0,0.0,1,3
64216,1,1.0,0.0,1,2
64218,1,3.0,0.0,1,5
64222,5,4.0,1.0,3,3
64224,1,5.0,0.0,1,3
64226,1,5.0,0.0,1,2
64229,2,2.0,1.4142135623730951,2,2
64230,3,4.333333333333333,1.1547005383792517,3,2
64231,1,4.0,0.0,1,2
64232,2,4.5,0.7071067811865476,2,3
64234,2,5.0,0.0,2,2
64240,11,4.0,1.1832159566199236,8,2
64241,1,3.0,0.0,1,2
64242,1,4.0,0.0,1,4
64243,1,4.0,0.0,1,4
64246,1,5.0,0.0,1,3
64249,1,5.0,0.0,1,3
64252,1,4.0,0.0,1,2
64253,4,4.0,0.816496580927726,3,3
64256,1,3.0,0.0,1,2
64258,1,5.0,0.0,1,3
64259,1,2.0,0.0,1,3
64260,3,4.666666666666667,0.5773502691896258,2,4
64261,1,5.0,0.0,1,3
64262,1,5.0,0.0,1,4
64264,1,1.0,0.0,1,2
64265,1,5.0,0.0,1,3
64267,1,5.0,0.0,1,2
64268,2,5.0,0.0,2,3
64269,2,4.0,1.4142135623730951,2,2
64272,1,5.0,0.0,1,2
64274,1,5.0,0.0,1,3
64275,1,4.0,0.0,1,5
64276,1,5.0,0.0,1,2
64282,1,4.0,0.0,1,3
64283,1,4.0,0.0,1,3
64286,1,5.0,0.0,1,2
64289,1,4.0,0.0,1,3
64294,2,3.5,0.7071067811865476,2,2
64296,7,3.857142857142857,0.8997354108424372,6,2
64300,1,2.0,0.0,1,5
64301,1,4.0,0.0,1,2
64302,1,5.0,0.0,1,2
64304,1,5.0,0.0,1,2
64305,1,3.0,0.0,1,2
64308,9,4.0,0.7071067811865476,6,3
64313,1,4.0,0.0,1,3
64317,1,4.0,0.0,1,2
64318,1,3.0,0.0,1,2
64320,3,3.6666666666666665,1.5275252316519468,2,3
64321,10,4.2,0.7888106377466154,7,2
64323,1,3.0,0.0,1,5
64327,1,4.0,0.0,1,2
64330,1,5.0,0.0,1,2
64333,1,3.0,0.0,1,2
64334,1,5.0,0.0,1,4
64335,2,4.5,0.7071067811865476,1,2
64337,1,4.0,0.0,1,2
64340,3,5.0,0.0,2,3
64344,1,4.0,0.0,1,3
64345,1,4.0,0.0,1,2
64348,1,4.0,0.0,1,2
64349,1,5.0,0.0,1,3
64350,2,3.5,0.7071067811865476,2,2
64352,1,2.0,0.0,1,4
64353,2,4.5,0.7071067811865476,2,3
64354,1,3.0,0.0,1,2
64356,1,5.0,0.0,1,2
64357,2,5.0,0.0,1,3
64358,1,5.0,0.0,1,3
64362,7,4.285714285714286,0.7559289460184546,5,2
64367,1,3.0,0.0,1,2
64368,1,5.0,0.0,1,3
64369,1,4.0,0.0,1,3
64371,11,3.909090909090909,1.2210278829367867,5,2
64372,1,5.0,0.0,1,3
64373,1,5.0,0.0,1,2
64374,3,4.0,1.0,3,3
64375,1,5.0,0.0,1,2
64376,1,4.0,0.0,1,2
64381,1,2.0,0.0,1,4
64382,1,4.0,0.0,1,2
64386,1,5.0,0.0,1,2
64387,7,4.428571428571429,0.786795792469443,5,3
64388,1,5.0,0.0,1,2
64389,1,5.0,0.0,1,3
64390,1,4.0,0.0,1,3
64391,1,5.0,0.0,1,4
64392,8,4.75,0.4629100498862757,4,2
64393,1,5.0,0.0,1,3
64394,3,4.0,1.0,1,4
64395,1,4.0,0.0,1,5
64398,1,5.0,0.0,1,3
64399,1,4.0,0.0,1,2
64401,1,5.0,0.0,1,2
64405,3,3.3333333333333335,0.5773502691896257,2,4
64407,1,5.0,0.0,1,4
64411,2,3.5,2.1213203435596424,2,2
64413,1,3.0,0.0,1,4
64415,1,5.0,0.0,1,3
64417,1,5.0,0.0,1,4
64421,1,4.0,0.0,1,2
64422,1,4.0,0.0,1,4
64423,5,4.6,0.5477225575051662,5,2
64424,2,4.5,0.7071067811865476,2,5
64425,1,4.0,0.0,1,4
64427,1,4.0,0.0,1,5
64430,1,5.0,0.0,1,3
64431,1,4.0,0.0,1,2
64434,2,4.0,1.4142135623730951,1,5
64435,1,4.0,0.0,1,5
64440,2,4.0,1.4142135623730951,2,2
64442,1,5.0,0.0,1,2
64444,1,4.0,0.0,1,3
64445,1,4.0,0.0,1,2
64446,1,1.0,0.0,1,2
64448,1,5.0,0.0,1,2
64450,1,5.0,0.0,1,3
64452,1,5.0,0.0,1,3
64453,2,4.0,1.4142135623730951,1,2
64455,1,5.0,0.0,1,3
64456,3,4.333333333333333,0.5773502691896258,3,3
64457,1,5.0,0.0,1,3
64458,2,5.0,0.0,2,4
64459,1,3.0,0.0,1,3
64460,1,4.0,0.0,1,2
64462,1,5.0,0.0,1,3
64468,1,5.0,0.0,1,2
64481,5,3.4,1.3416407864998738,5,3
64482,1,1.0,0.0,1,2
64483,1,4.0,0.0,1,4
64484,1,3.0,0.0,1,2
64485,1,1.0,0.0,1,2
64488,1,4.0,0.0,1,2
64489,1,5.0,0.0,1,2
64490,1,5.0,0.0,1,5
64492,2,2.5,0.7071067811865476,1,3
64495,3,3.6666666666666665,0.5773502691896257,3,2
64500,3,2.3333333333333335,2.3094010767585034,2,2
64503,1,4.0,0.0,1,3
64505,1,5.0,0.0,1,1
64507,2,4.5,0.7071067811865476,2,2
64512,1,4.0,0.0,1,2
64514,1,4.0,0.0,1,2
64516,1,1.0,0.0,1,2
64517,1,4.0,0.0,1,2
64519,1,5.0,0.0,1,3
64524,1,4.0,0.0,1,5
64526,1,5.0,0.0,1,3
64527,1,3.0,0.0,1,2
64529,1,2.0,0.0,1,3
64532,1,5.0,0.0,1,4
64539,3,3.3333333333333335,1.5275252316519465,2,3
64540,1,3.0,0.0,1,4
64541,3,4.333333333333333,0.5773502691896257,3,4
64542,1,5.0,0.0,1,2
64543,1,5.0,0.0,1,3
64545,3,4.0,1.0,3,5
64546,1,5.0,0.0,1,3
64547,1,5.0,0.0,1,2
64548,1,4.0,0.0,1,2
64549,1,5.0,0.0,1,2
64552,1,5.0,0.0,1,3
64553,3,5.0,0.0,3,3
64561,1,1.0,0.0,1,2
64566,1,5.0,0.0,1,2
64571,1,5.0,0.0,1,4
64581,1,5.0,0.0,1,4
64583,1,4.0,0.0,1,2
64585,1,4.0,0.0,1,2
64592,1,5.0,0.0,1,4
64593,2,4.0,0.0,2,3
64594,1,3.0,0.0,1,3
64595,1,4.0,0.0,1,3
64596,1,5.0,0.0,1,2
64599,1,1.0,0.0,1,5
64601,1,5.0,0.0,1,2
64603,1,5.0,0.0,1,2
64606,1,3.0,0.0,1,2
64611,1,5.0,0.0,1,2
64613,1,5.0,0.0,1,3
64619,1,5.0,0.0,1,4
64620,1,5.0,0.0,1,4
64622,1,3.0,0.0,1,5
64626,1,5.0,0.0,1,4
64631,1,5.0,0.0,1,2
64633,2,3.0,1.4142135623730951,2,2
64635,1,5.0,0.0,1,2
64636,1,5.0,0.0,1,2
64637,1,4.0,0.0,1,2
64638,1,4.0,0.0,1,2
64640,3,3.3333333333333335,1.5275252316519468,1,2
64643,2,3.0,2.8284271247461903,2,2
64646,1,5.0,0.0,1,2
64655,1,1.0,0.0,1,2
64657,1,5.0,0.0,1,3
64658,2,3.0,1.4142135623730951,1,3
64660,2,4.0,0.0,2,4
64663,2,4.5,0.7071067811865476,2,2
64664,1,5.0,0.0,1,4
64666,1,5.0,0.0,1,3
64667,1,4.0,0.0,1,2
64671,1,5.0,0.0,1,3
64674,2,2.5,2.1213203435596424,2,2
64679,1,3.0,0.0,1,5
64680,1,4.0,0.0,1,2
64681,1,4.0,0.0,1,5
64689,1,4.0,0.0,1,2
64690,1,5.0,0.0,1,2
64691,1,4.0,0.0,1,2
64693,1,4.0,0.0,1,4
64698,1,2.0,0.0,1,2
64700,1,2.0,0.0,1,2
64701,1,3.0,0.0,1,3
64702,1,5.0,0.0,1,3
64706,1,5.0,0.0,1,2
64707,2,4.0,1.4142135623730951,2,3
64708,2,4.5,0.7071067811865476,2,3
64710,1,4.0,0.0,1,5
64714,1,3.0,0.0,1,5
64721,3,4.666666666666667,0.5773502691896257,2,4
64727,1,5.0,0.0,1,5
64728,1,5.0,0.0,1,2
64734,1,4.0,0.0,1,2
64735,3,3.3333333333333335,1.5275252316519468,2,2
64736,1,5.0,0.0,1,5
64738,1,5.0,0.0,1,4
64743,1,5.0,0.0,1,2
64745,1,3.0,0.0,1,2
64748,1,4.0,0.0,1,2
64755,1,5.0,0.0,1,3
64760,1,5.0,0.0,1,2
64763,1,4.0,0.0,1,2
64766,1,3.0,0.0,1,2
64768,1,2.0,0.0,1,3
64771,1,4.0,0.0,1,4
64773,1,5.0,0.0,1,2
64776,1,5.0,0.0,1,5
64777,2,4.0,0.0,2,2
64779,1,4.0,0.0,1,3
64782,2,5.0,0.0,2,2
64784,1,5.0,0.0,1,4
64786,2,4.0,1.4142135623730951,2,2
64787,2,4.5,0.7071067811865476,1,3
64788,1,1.0,0.0,1,3
64793,1,4.0,0.0,1,3
64798,1,4.0,0.0,1,2
64802,2,5.0,0.0,1,4
64805,1,5.0,0.0,1,4
64806,1,4.0,0.0,1,2
64810,1,4.0,0.0,1,3
64811,1,5.0,0.0,1,3
64821,1,4.0,0.0,1,2
64831,2,4.0,0.0,2,2
64832,1,5.0,0.0,1,4
64833,1,5.0,0.0,1,2
64839,3,4.333333333333333,0.5773502691896257,3,2
64840,1,4.0,0.0,1,4
64843,1,4.0,0.0,1,4
64845,1,4.0,0.0,1,4
64846,2,5.0,0.0,2,2
64848,1,4.0,0.0,1,3
64849,1,2.0,0.0,1,3
64855,2,4.0,0.0,1,2
64856,1,4.0,0.0,1,2
64859,1,3.0,0.0,1,1
64861,1,4.0,0.0,1,2
64862,2,4.5,0.7071067811865476,1,3
64863,2,5.0,0.0,2,4
64864,1,5.0,0.0,1,2
64865,2,4.5,0.7071067811865476,2,2
64866,4,4.0,0.8164965809277259,1,3
64867,1,4.0,0.0,1,2
64869,1,4.0,0.0,1,1
64870,1,5.0,0.0,1,3
64872,1,4.0,0.0,1,4
64873,1,4.0,0.0,1,2
64879,1,2.0,0.0,1,2
64881,1,3.0,0.0,1,3
64890,2,4.5,0.7071067811865476,2,3
64892,1,4.0,0.0,1,3
64894,1,5.0,0.0,1,2
64896,1,4.0,0.0,1,2
64898,2,2.0,0.0,2,5
64900,2,4.0,1.4142135623730951,1,2
64901,1,5.0,0.0,1,2
64907,1,2.0,0.0,1,2
64913,2,4.0,0.0,2,3
64914,4,4.5,0.5773502691896257,3,2
64916,1,4.0,0.0,1,3
64918,1,3.0,0.0,1,2
64920,6,4.0,1.0954451150103324,4,2
64921,1,4.0,0.0,1,3
64922,1,5.0,0.0,1,3
64923,4,4.5,0.5773502691896258,4,2
64924,1,2.0,0.0,1,3
64925,2,3.5,0.7071067811865476,1,5
64927,1,1.0,0.0,1,2
64931,1,1.0,0.0,1,3
64932,1,3.0,0.0,1,3
64935,1,3.0,0.0,1,2
64936,1,2.0,0.0,1,1
64938,2,5.0,0.0,2,4
64939,2,5.0,0.0,1,2
64940,1,4.0,0.0,1,1
64942,2,4.0,0.0,2,3
64948,2,3.0,2.8284271247461903,2,3
64950,2,3.5,0.7071067811865476,2,3
64952,2,4.5,0.7071067811865476,2,2
64955,3,3.6666666666666665,0.5773502691896258,3,2
64959,2,3.5,0.7071067811865476,1,3
64962,1,4.0,0.0,1,3
64963,1,5.0,0.0,1,5
64964,1,1.0,0.0,1,3
64965,1,4.0,0.0,1,3
64966,2,4.5,0.7071067811865476,1,3
64968,1,2.0,0.0,1,4
64970,1,2.0,0.0,1,2
64976,1,5.0,0.0,1,2
64980,1,5.0,0.0,1,2
64983,1,5.0,0.0,1,5
64984,4,4.5,0.5773502691896257,4,4
64987,3,3.6666666666666665,0.5773502691896257,3,2
64988,4,4.25,0.4999999999999999,3,2
64993,2,5.0,0.0,2,4
64998,1,3.0,0.0,1,3
65000,1,3.0,0.0,1,5
65004,1,4.0,0.0,1,3
65007,1,4.0,0.0,1,2
65027,1,4.0,0.0,1,2
65029,2,5.0,0.0,2,2
65032,1,5.0,0.0,1,3
65033,1,4.0,0.0,1,2
65035,1,5.0,0.0,1,2
65036,1,4.0,0.0,1,3
65039,3,3.6666666666666665,0.5773502691896257,2,2
65041,1,5.0,0.0,1,2
65042,2,3.5,0.7071067811865476,2,3
65044,2,4.0,1.4142135623730951,2,2
65046,1,3.0,0.0,1,2
65047,1,4.0,0.0,1,3
65049,1,4.0,0.0,1,2
65051,3,4.333333333333333,0.5773502691896257,3,4
65052,1,3.0,0.0,1,3
65056,1,4.0,0.0,1,4
65062,1,5.0,0.0,1,3
65069,3,5.0,0.0,3,4
65070,1,5.0,0.0,1,3
65071,1,5.0,0.0,1,5
65072,1,5.0,0.0,1,2
65074,1,4.0,0.0,1,2
65076,1,4.0,0.0,1,3
65077,1,4.0,0.0,1,1
65080,1,5.0,0.0,1,4
65082,1,5.0,0.0,1,2
65089,2,4.5,0.7071067811865476,1,1
65091,1,5.0,0.0,1,3
65092,1,4.0,0.0,1,2
65094,1,5.0,0.0,1,5
65096,1,5.0,0.0,1,3
65097,1,2.0,0.0,1,3
65101,1,5.0,0.0,1,3
65102,1,5.0,0.0,1,4
65103,1,5.0,0.0,1,3
65104,1,2.0,0.0,1,2
65105,1,5.0,0.0,1,2
65106,1,5.0,0.0,1,4
65111,1,3.0,0.0,1,3
65113,1,4.0,0.0,1,2
65116,3,5.0,0.0,3,4
65117,1,4.0,0.0,1,3
65124,3,3.3333333333333335,1.5275252316519465,1,3
65126,1,4.0,0.0,1,2
65127,1,2.0,0.0,1,5
65128,1,4.0,0.0,1,2
65130,1,3.0,0.0,1,5
65131,1,5.0,0.0,1,2
65133,1,5.0,0.0,1,4
65134,2,4.0,1.4142135623730951,2,2
65138,1,4.0,0.0,1,3
65139,3,3.0,1.0,1,5
65144,1,3.0,0.0,1,3
65145,1,5.0,0.0,1,2
65146,1,3.0,0.0,1,4
65147,1,5.0,0.0,1,2
65150,1,5.0,0.0,1,2
65151,2,5.0,0.0,1,2
65152,1,5.0,0.0,1,5
65153,2,3.5,0.7071067811865476,2,4
65159,3,3.3333333333333335,0.5773502691896258,2,1
65160,1,4.0,0.0,1,2
65162,3,4.333333333333333,0.5773502691896257,3,3
65163,1,5.0,0.0,1,2
65164,1,4.0,0.0,1,3
65168,4,4.0,0.0,1,2
65169,1,4.0,0.0,1,3
65170,1,5.0,0.0,1,2
65171,1,5.0,0.0,1,4
65174,1,5.0,0.0,1,3
65176,3,5.0,0.0,3,2
65182,2,4.5,0.7071067811865476,2,2
65184,1,4.0,0.0,1,3
65188,1,1.0,0.0,1,3
65196,1,4.0,0.0,1,2
65199,2,3.0,1.4142135623730951,2,2
65201,2,4.5,0.7071067811865476,2,2
65202,1,4.0,0.0,1,2
65205,2,3.5,0.7071067811865476,2,2
65211,1,5.0,0.0,1,3
65212,2,5.0,0.0,2,2
65221,1,4.0,0.0,1,5
65222,1,5.0,0.0,1,4
65224,1,4.0,0.0,1,3
65227,1,4.0,0.0,1,2
65228,1,4.0,0.0,1,2
65229,1,1.0,0.0,1,3
65232,1,4.0,0.0,1,2
65233,2,3.5,0.7071067811865476,1,5
65234,1,4.0,0.0,1,5
65235,1,5.0,0.0,1,2
65236,1,4.0,0.0,1,2
65237,1,5.0,0.0,1,2
65240,1,1.0,0.0,1,2
65242,1,4.0,0.0,1,2
65243,1,4.0,0.0,1,2
65245,2,4.5,0.7071067811865476,2,3
65246,1,5.0,0.0,1,3
65247,2,5.0,0.0,1,4
65252,1,4.0,0.0,1,3
65256,1,2.0,0.0,1,3
65263,1,1.0,0.0,1,4
65267,1,5.0,0.0,1,3
65270,1,5.0,0.0,1,2
65271,1,5.0,0.0,1,3
65275,1,5.0,0.0,1,3
65276,1,1.0,0.0,1,3
65280,1,5.0,0.0,1,4
65285,2,4.5,0.7071067811865476,2,2
65289,3,4.0,0.0,3,2
65291,1,3.0,0.0,1,5
65294,1,5.0,0.0,1,2
65295,1,5.0,0.0,1,3
65297,3,3.0,1.7320508075688772,3,2
65298,1,5.0,0.0,1,2
65301,2,4.0,0.0,2,3
65303,1,4.0,0.0,1,5
65304,4,4.25,0.5,3,2
65311,1,3.0,0.0,1,4
65312,2,4.5,0.7071067811865476,2,2
65313,1,4.0,0.0,1,2
65314,1,5.0,0.0,1,5
65321,1,5.0,0.0,1,4
65326,6,3.6666666666666665,1.2110601416389966,2,2
65327,1,3.0,0.0,1,2
65330,1,4.0,0.0,1,4
65331,1,4.0,0.0,1,2
65334,2,4.0,1.4142135623730951,2,3
65338,2,5.0,0.0,2,2
65344,1,5.0,0.0,1,2
65356,1,5.0,0.0,1,3
65357,1,5.0,0.0,1,3
65364,1,5.0,0.0,1,2
65366,1,3.0,0.0,1,2
65369,1,4.0,0.0,1,3
65371,1,4.0,0.0,1,5
65375,1,1.0,0.0,1,2
65376,1,3.0,0.0,1,5
65379,1,4.0,0.0,1,2
65382,2,4.0,1.4142135623730951,2,2
65386,2,2.5,0.7071067811865476,2,2
65388,1,5.0,0.0,1,2
65389,2,3.5,0.7071067811865476,2,2
65391,2,4.5,0.7071067811865476,2,3
65393,1,5.0,0.0,1,2
65394,1,5.0,0.0,1,4
65405,1,5.0,0.0,1,2
65406,1,4.0,0.0,1,3
65411,1,5.0,0.0,1,2
65412,1,5.0,0.0,1,1
65413,1,5.0,0.0,1,2
65419,1,3.0,0.0,1,4
65421,1,4.0,0.0,1,2
65424,1,3.0,0.0,1,3
65427,1,4.0,0.0,1,2
65428,1,3.0,0.0,1,2
65429,1,5.0,0.0,1,2
65432,1,3.0,0.0,1,3
65433,1,5.0,0.0,1,2
65434,1,2.0,0.0,1,4
65435,1,5.0,0.0,1,5
65437,1,5.0,0.0,1,5
65438,1,4.0,0.0,1,5
65444,2,3.5,2.1213203435596424,2,2
65447,3,3.6666666666666665,0.5773502691896257,1,4
65448,1,5.0,0.0,1,3
65450,1,3.0,0.0,1,2
65453,2,5.0,0.0,1,2
65458,1,5.0,0.0,1,4
65460,2,4.5,0.7071067811865476,2,4
65461,3,3.3333333333333335,0.5773502691896258,3,2
65465,3,3.6666666666666665,1.5275252316519468,1,4
65466,3,4.0,1.0,3,4
65472,1,4.0,0.0,1,3
65473,2,3.5,2.1213203435596424,2,3
65476,1,4.0,0.0,1,4
65477,2,3.5,0.7071067811865476,1,2
65478,1,4.0,0.0,1,3
65483,1,4.0,0.0,1,5
65484,1,5.0,0.0,1,4
65485,1,5.0,0.0,1,5
65487,1,3.0,0.0,1,5
65488,2,5.0,0.0,2,3
65489,1,5.0,0.0,1,3
65491,1,5.0,0.0,1,3
65493,1,5.0,0.0,1,2
65496,1,4.0,0.0,1,5
65497,3,4.333333333333333,0.5773502691896258,2,2
65500,1,5.0,0.0,1,5
65504,1,5.0,0.0,1,4
65508,2,4.0,1.4142135623730951,2,2
65512,2,3.0,1.4142135623730951,2,4
65516,2,4.5,0.7071067811865476,1,4
65517,1,4.0,0.0,1,2
65522,2,5.0,0.0,1,5
65524,2,4.5,0.7071067811865476,2,2
65527,1,2.0,0.0,1,2
65529,1,5.0,0.0,1,5
65532,2,4.5,0.7071067811865476,1,3
65533,1,5.0,0.0,1,3
65540,1,3.0,0.0,1,4
65542,2,4.5,0.7071067811865476,2,3
65547,1,5.0,0.0,1,5
65549,1,3.0,0.0,1,2
65552,1,3.0,0.0,1,2
65557,1,5.0,0.0,1,1
65560,1,3.0,0.0,1,3
65562,1,3.0,0.0,1,2
65563,1,5.0,0.0,1,3
65564,1,4.0,0.0,1,4
65568,21,4.142857142857143,1.3887301496588271,8,2
65569,1,4.0,0.0,1,4
65572,1,4.0,0.0,1,2
65573,1,5.0,0.0,1,2
65577,2,3.5,0.7071067811865476,2,3
65582,1,5.0,0.0,1,4
65583,2,4.5,0.7071067811865476,2,2
65586,1,4.0,0.0,1,4
65587,1,5.0,0.0,1,2
65588,1,4.0,0.0,1,2
65589,1,5.0,0.0,1,2
65590,1,4.0,0.0,1,2
65591,2,4.5,0.7071067811865476,1,2
65593,1,5.0,0.0,1,2
65599,1,5.0,0.0,1,4
65600,1,3.0,0.0,1,5
65604,4,3.0,1.1547005383792515,4,5
65607,1,5.0,0.0,1,2
65610,1,5.0,0.0,1,2
65611,1,4.0,0.0,1,2
65614,1,5.0,0.0,1,3
65615,1,4.0,0.0,1,2
65617,1,1.0,0.0,1,2
65619,3,3.6666666666666665,1.5275252316519468,3,2
65620,2,4.0,0.0,2,2
65622,1,5.0,0.0,1,2
65623,1,5.0,0.0,1,3
65624,1,3.0,0.0,1,4
65627,2,4.0,0.0,2,3
65628,1,5.0,0.0,1,2
65630,1,3.0,0.0,1,4
65634,1,4.0,0.0,1,3
65635,1,4.0,0.0,1,2
65640,2,4.0,1.4142135623730951,2,2
65651,2,4.5,0.7071067811865476,1,4
65654,1,4.0,0.0,1,3
65655,1,5.0,0.0,1,4
65658,2,5.0,0.0,2,4
65659,1,5.0,0.0,1,2
65661,2,4.5,0.7071067811865476,1,2
65662,1,1.0,0.0,1,3
65665,1,4.0,0.0,1,5
65666,1,5.0,0.0,1,2
65668,1,4.0,0.0,1,3
65669,1,4.0,0.0,1,3
65670,1,2.0,0.0,1,2
65671,3,3.6666666666666665,1.5275252316519468,2,5
65673,1,5.0,0.0,1,2
65678,2,3.5,0.7071067811865476,2,4
65680,1,2.0,0.0,1,3
65681,2,3.5,0.7071067811865476,2,4
65685,1,2.0,0.0,1,2
65686,3,4.666666666666667,0.5773502691896257,3,2
65687,1,5.0,0.0,1,4
65688,1,5.0,0.0,1,2
65691,1,5.0,0.0,1,4
65693,3,4.333333333333333,0.5773502691896257,1,2
65694,1,5.0,0.0,1,3
65696,2,3.5,0.7071067811865476,1,2
65698,1,5.0,0.0,1,3
65699,1,4.0,0.0,1,2
65703,1,5.0,0.0,1,2
65706,2,4.0,0.0,2,3
65707,3,4.0,1.0,1,3
65709,2,5.0,0.0,2,3
65712,1,1.0,0.0,1,2
65715,4,4.0,0.816496580927726,4,2
65716,1,5.0,0.0,1,3
65720,1,5.0,0.0,1,2
65723,2,3.5,0.7071067811865476,2,3
65724,4,4.25,0.9574271077563382,4,2
65726,1,4.0,0.0,1,2
65727,1,4.0,0.0,1,2
65731,2,4.0,0.0,2,5
65732,1,4.0,0.0,1,2
65733,1,4.0,0.0,1,2
65736,1,3.0,0.0,1,2
65739,1,4.0,0.0,1,1
65741,1,4.0,0.0,1,3
65742,2,4.0,0.0,2,2
65747,1,3.0,0.0,1,2
65748,1,2.0,0.0,1,2
65750,3,3.3333333333333335,0.5773502691896258,3,3
65755,1,3.0,0.0,1,4
65756,1,5.0,0.0,1,3
65760,1,3.0,0.0,1,3
65762,1,4.0,0.0,1,2
65763,1,5.0,0.0,1,4
65764,1,4.0,0.0,1,3
65768,8,4.0,0.5345224838248488,1,3
65769,1,5.0,0.0,1,3
65770,2,4.0,0.0,2,5
65771,1,4.0,0.0,1,3
65773,1,4.0,0.0,1,3
65774,1,3.0,0.0,1,4
65779,1,4.0,0.0,1,4
65782,2,3.0,2.8284271247461903,2,4
65783,1,5.0,0.0,1,4
65785,1,5.0,0.0,1,5
65788,1,4.0,0.0,1,2
65790,1,5.0,0.0,1,2
65793,1,4.0,0.0,1,4
65794,1,5.0,0.0,1,3
65802,1,3.0,0.0,1,4
65804,2,4.0,1.4142135623730951,2,2
65809,1,3.0,0.0,1,2
65810,3,5.0,0.0,3,2
65812,1,2.0,0.0,1,2
65815,1,3.0,0.0,1,2
65816,5,4.0,0.7071067811865476,5,2
65817,1,5.0,0.0,1,2
65818,1,5.0,0.0,1,4
65819,7,4.142857142857143,0.6900655593423541,2,2
65820,1,5.0,0.0,1,5
65825,1,5.0,0.0,1,5
65826,1,4.0,0.0,1,3
65828,1,4.0,0.0,1,2
65829,1,5.0,0.0,1,3
65831,1,4.0,0.0,1,4
65833,2,3.5,0.7071067811865476,2,2
65835,1,5.0,0.0,1,2
65840,2,4.0,0.0,2,1
65841,1,5.0,0.0,1,4
65842,1,4.0,0.0,1,2
65843,1,4.0,0.0,1,3
65844,1,4.0,0.0,1,2
65851,1,3.0,0.0,1,4
65854,1,4.0,0.0,1,3
65855,1,2.0,0.0,1,2
65860,1,4.0,0.0,1,3
65867,2,5.0,0.0,2,3
65868,1,1.0,0.0,1,3
65871,4,3.5,1.2909944487358056,1,3
65874,4,3.25,0.49999999999999994,3,4
65877,1,4.0,0.0,1,2
65880,1,5.0,0.0,1,3
65881,1,4.0,0.0,1,2
65883,1,4.0,0.0,1,3
65885,1,5.0,0.0,1,2
65889,1,5.0,0.0,1,3
65892,3,5.0,0.0,3,2
65895,1,4.0,0.0,1,2
65896,1,4.0,0.0,1,2
65898,2,3.0,0.0,2,2
65903,1,5.0,0.0,1,3
65905,2,4.0,0.0,2,3
65914,2,4.5,0.7071067811865476,2,2
65915,1,5.0,0.0,1,2
65916,1,3.0,0.0,1,4
65919,1,5.0,0.0,1,3
65922,1,5.0,0.0,1,2
65924,1,1.0,0.0,1,2
65926,1,5.0,0.0,1,4
65930,1,3.0,0.0,1,2
65931,2,3.5,0.7071067811865476,2,4
65932,1,1.0,0.0,1,3
65934,2,4.0,0.0,2,2
65939,3,3.3333333333333335,1.1547005383792517,3,2
65941,1,5.0,0.0,1,3
65946,2,3.5,0.7071067811865476,2,2
65949,1,4.0,0.0,1,2
65950,1,5.0,0.0,1,2
65952,1,5.0,0.0,1,4
65953,1,4.0,0.0,1,2
65960,1,5.0,0.0,1,3
65964,1,3.0,0.0,1,2
65965,2,5.0,0.0,2,2
65966,2,4.0,1.4142135623730951,2,2
65967,1,3.0,0.0,1,5
65969,1,5.0,0.0,1,4
65970,1,4.0,0.0,1,2
65975,1,5.0,0.0,1,2
65981,1,4.0,0.0,1,3
65982,1,1.0,0.0,1,3
65985,1,5.0,0.0,1,3
65990,1,4.0,0.0,1,2
65994,2,2.5,2.1213203435596424,1,2
65996,1,5.0,0.0,1,2
66000,2,3.5,0.7071067811865476,2,3
66001,1,5.0,0.0,1,3
66002,1,5.0,0.0,1,5
66003,4,4.0,0.0,4,2
66004,1,4.0,0.0,1,1
66006,1,4.0,0.0,1,3
66007,1,4.0,0.0,1,3
66008,3,3.3333333333333335,1.5275252316519468,3,4
66011,2,4.0,1.4142135623730951,2,2
66012,1,3.0,0.0,1,3
66014,1,5.0,0.0,1,2
66015,1,1.0,0.0,1,2
66017,1,5.0,0.0,1,2
66018,1,5.0,0.0,1,3
66019,1,5.0,0.0,1,2
66024,2,4.0,0.0,2,4
66028,1,3.0,0.0,1,5
66029,1,5.0,0.0,1,3
66032,1,5.0,0.0,1,4
66036,1,5.0,0.0,1,2
66038,1,5.0,0.0,1,3
66039,1,5.0,0.0,1,3
66041,1,4.0,0.0,1,2
66046,2,4.5,0.7071067811865476,2,2
66050,1,5.0,0.0,1,5
66058,3,4.333333333333333,1.1547005383792515,3,2
66059,4,3.0,1.1547005383792515,4,2
66061,2,3.0,0.0,2,3
66070,1,4.0,0.0,1,2
66074,2,4.0,0.0,1,2
66080,1,2.0,0.0,1,5
66082,2,2.0,1.4142135623730951,2,3
66083,1,4.0,0.0,1,5
66086,3,3.6666666666666665,0.5773502691896257,1,4
66087,5,4.4,0.8944271909999161,1,2
66088,4,4.5,0.5773502691896257,3,5
66089,2,2.5,0.7071067811865476,1,2
66093,1,4.0,0.0,1,2
66094,1,5.0,0.0,1,2
66096,1,5.0,0.0,1,3
66099,1,4.0,0.0,1,2
66100,1,4.0,0.0,1,3
66110,1,3.0,0.0,1,2
66111,1,4.0,0.0,1,4
66116,1,5.0,0.0,1,3
66119,1,4.0,0.0,1,2
66127,1,5.0,0.0,1,1
66128,1,4.0,0.0,1,5
66133,1,4.0,0.0,1,4
66134,1,4.0,0.0,1,2
66135,2,5.0,0.0,2,3
66140,1,5.0,0.0,1,2
66141,1,4.0,0.0,1,4
66142,1,1.0,0.0,1,2
66145,1,5.0,0.0,1,5
66152,1,5.0,0.0,1,2
66159,1,5.0,0.0,1,2
66164,1,5.0,0.0,1,2
66168,1,5.0,0.0,1,2
66171,1,5.0,0.0,1,3
66172,2,5.0,0.0,2,4
66175,1,5.0,0.0,1,2
66178,1,4.0,0.0,1,2
66185,1,5.0,0.0,1,2
66188,4,5.0,0.0,4,3
66189,3,4.0,1.0,3,3
66191,1,4.0,0.0,1,5
66192,1,5.0,0.0,1,4
66194,1,5.0,0.0,1,4
66196,1,1.0,0.0,1,2
66198,1,5.0,0.0,1,4
66200,1,5.0,0.0,1,2
66210,2,3.5,0.7071067811865476,1,4
66211,2,4.5,0.7071067811865476,2,4
66214,4,4.75,0.5,4,4
66221,2,4.0,0.0,2,2
66222,1,5.0,0.0,1,2
66223,2,4.5,0.7071067811865476,2,5
66225,1,5.0,0.0,1,2
66227,1,4.0,0.0,1,3
66235,1,4.0,0.0,1,2
66237,1,5.0,0.0,1,4
66243,1,4.0,0.0,1,2
66244,1,3.0,0.0,1,3
66249,1,3.0,0.0,1,2
66251,1,1.0,0.0,1,1
66252,1,5.0,0.0,1,4
66257,1,2.0,0.0,1,2
66258,1,5.0,0.0,1,3
66259,1,5.0,0.0,1,2
66262,1,4.0,0.0,1,2
66263,1,5.0,0.0,1,3
66268,2,3.5,0.7071067811865476,1,4
66270,1,5.0,0.0,1,3
66274,1,5.0,0.0,1,2
66275,1,4.0,0.0,1,2
66281,2,4.5,0.7071067811865476,1,2
66283,1,4.0,0.0,1,2
66284,3,4.333333333333333,0.5773502691896257,3,4
66286,1,5.0,0.0,1,1
66287,1,5.0,0.0,1,2
66293,1,5.0,0.0,1,3
66295,2,3.5,0.7071067811865476,2,2
66299,1,4.0,0.0,1,2
66302,1,4.0,0.0,1,2
66307,1,5.0,0.0,1,3
66310,1,5.0,0.0,1,3
66311,4,3.75,0.9574271077563381,4,2
66312,1,5.0,0.0,1,3
66316,1,4.0,0.0,1,3
66318,1,5.0,0.0,1,5
66321,1,5.0,0.0,1,3
66322,3,4.666666666666667,0.5773502691896257,3,2
66323,1,5.0,0.0,1,2
66324,6,4.666666666666667,0.816496580927726,6,5
66325,1,3.0,0.0,1,2
66326,1,5.0,0.0,1,2
66328,4,4.75,0.4999999999999999,4,3
66330,1,4.0,0.0,1,3
66333,2,5.0,0.0,2,2
66335,2,3.5,0.7071067811865476,2,3
66338,1,5.0,0.0,1,2
66341,1,3.0,0.0,1,2
66343,3,4.333333333333333,0.5773502691896257,2,4
66348,1,5.0,0.0,1,5
66350,1,5.0,0.0,1,2
66351,2,3.5,0.7071067811865476,2,2
66352,1,5.0,0.0,1,4
66354,2,4.5,0.7071067811865476,1,2
66355,1,5.0,0.0,1,3
66359,1,4.0,0.0,1,2
66360,4,3.0,0.816496580927726,4,2
66361,1,5.0,0.0,1,2
66366,1,5.0,0.0,1,4
66369,1,5.0,0.0,1,4
66372,1,5.0,0.0,1,4
66374,1,5.0,0.0,1,3
66376,1,4.0,0.0,1,4
66378,9,4.0,0.8660254037844386,6,5
66379,1,5.0,0.0,1,2
66380,1,5.0,0.0,1,5
66381,1,1.0,0.0,1,3
66382,2,4.0,0.0,2,2
66383,1,3.0,0.0,1,2
66390,1,4.0,0.0,1,3
66393,3,4.666666666666667,0.5773502691896258,3,4
66395,1,5.0,0.0,1,2
66397,1,5.0,0.0,1,4
66400,1,5.0,0.0,1,3
66403,1,5.0,0.0,1,3
66406,1,5.0,0.0,1,3
66408,1,5.0,0.0,1,3
66411,1,4.0,0.0,1,2
66412,1,4.0,0.0,1,3
66413,1,3.0,0.0,1,2
66415,1,4.0,0.0,1,3
66417,1,4.0,0.0,1,1
66424,1,4.0,0.0,1,1
66435,3,4.0,1.0,3,2
66438,2,3.0,0.0,1,2
66441,1,5.0,0.0,1,3
66444,2,4.0,1.4142135623730951,1,1
66445,1,5.0,0.0,1,2
66446,1,5.0,0.0,1,3
66449,1,5.0,0.0,1,2
66452,1,5.0,0.0,1,3
66453,3,4.666666666666667,0.5773502691896257,3,2
66454,2,3.5,0.7071067811865476,1,3
66458,2,5.0,0.0,2,3
66462,1,3.0,0.0,1,2
66464,1,5.0,0.0,1,2
66466,1,4.0,0.0,1,3
66472,1,2.0,0.0,1,2
66473,1,5.0,0.0,1,2
66474,1,5.0,0.0,1,3
66475,1,4.0,0.0,1,4
66477,3,4.333333333333333,0.5773502691896258,2,1
66479,2,4.5,0.7071067811865476,2,2
66481,1,5.0,0.0,1,3
66484,1,2.0,0.0,1,3
66488,1,5.0,0.0,1,2
66490,1,4.0,0.0,1,4
66491,1,5.0,0.0,1,3
66494,1,4.0,0.0,1,4
66499,2,2.5,0.7071067811865476,2,2
66501,1,5.0,0.0,1,3
66507,1,4.0,0.0,1,3
66508,1,5.0,0.0,1,3
66510,1,4.0,0.0,1,3
66513,2,3.5,0.7071067811865476,2,4
66515,1,5.0,0.0,1,3
66523,2,4.0,1.4142135623730951,2,2
66525,1,3.0,0.0,1,3
66532,2,3.5,0.7071067811865476,2,2
66533,1,2.0,0.0,1,2
66536,1,5.0,0.0,1,5
66537,1,3.0,0.0,1,2
66538,1,5.0,0.0,1,2
66540,2,3.5,0.7071067811865476,1,4
66541,1,2.0,0.0,1,5
66547,1,3.0,0.0,1,2
66555,1,5.0,0.0,1,3
66556,1,3.0,0.0,1,2
66558,1,5.0,0.0,1,4
66560,1,5.0,0.0,1,4
66561,1,3.0,0.0,1,4
66563,1,3.0,0.0,1,4
66572,1,5.0,0.0,1,4
66573,1,5.0,0.0,1,3
66578,1,5.0,0.0,1,5
66579,2,5.0,0.0,2,2
66593,1,5.0,0.0,1,3
66597,1,5.0,0.0,1,4
66599,4,5.0,0.0,3,4
66608,1,5.0,0.0,1,3
66610,1,5.0,0.0,1,4
66614,1,3.0,0.0,1,5
66618,3,4.666666666666667,0.5773502691896257,2,4
66619,1,4.0,0.0,1,4
66621,1,4.0,0.0,1,5
66622,1,5.0,0.0,1,3
66628,2,3.0,1.4142135623730951,1,2
66632,1,3.0,0.0,1,4
66633,1,5.0,0.0,1,3
66634,1,5.0,0.0,1,3
66637,2,4.0,0.0,2,2
66638,2,5.0,0.0,2,2
66641,1,4.0,0.0,1,5
66646,1,5.0,0.0,1,3
66647,1,4.0,0.0,1,2
66649,1,5.0,0.0,1,1
66650,2,4.0,0.0,2,2
66652,2,4.0,0.0,1,4
66653,4,3.0,0.0,4,2
66657,1,5.0,0.0,1,2
66661,1,4.0,0.0,1,3
66664,1,2.0,0.0,1,4
66668,1,2.0,0.0,1,2
66671,1,1.0,0.0,1,2
66673,2,4.0,0.0,2,2
66674,1,5.0,0.0,1,4
66675,4,4.75,0.5,2,3
66681,1,5.0,0.0,1,2
66683,1,5.0,0.0,1,2
66684,7,4.285714285714286,0.7559289460184544,6,3
66685,2,4.0,1.4142135623730951,2,2
66687,2,2.5,0.7071067811865476,2,2
66688,8,4.0,0.7559289460184545,6,2
66690,5,4.8,0.44721359549995787,4,2
66691,2,3.5,0.7071067811865476,1,4
66694,11,4.2727272727272725,1.1037127426019047,5,2
66695,4,3.75,1.8929694486000912,3,2
66697,3,3.6666666666666665,1.5275252316519465,3,2
66699,8,4.5,1.4142135623730951,4,3
66701,3,3.0,1.0,3,2
66706,4,5.0,0.0,3,2
66710,2,4.5,0.7071067811865476,2,2
66712,2,5.0,0.0,2,2
66713,2,4.5,0.7071067811865476,2,2
66718,1,4.0,0.0,1,4
66721,2,5.0,0.0,2,3
66724,1,5.0,0.0,1,3
66725,1,5.0,0.0,1,3
66726,2,5.0,0.0,2,1
66728,1,4.0,0.0,1,3
66729,1,3.0,0.0,1,2
66730,1,5.0,0.0,1,1
66736,1,5.0,0.0,1,2
66737,1,5.0,0.0,1,2
66739,1,4.0,0.0,1,2
66740,1,4.0,0.0,1,4
66741,1,5.0,0.0,1,4
66742,1,4.0,0.0,1,2
66746,1,4.0,0.0,1,3
66747,2,2.0,0.0,2,2
66750,1,4.0,0.0,1,5
66752,1,5.0,0.0,1,4
66757,1,4.0,0.0,1,4
66761,1,5.0,0.0,1,4
66763,2,4.5,0.7071067811865476,2,4
66767,1,4.0,0.0,1,2
66770,1,4.0,0.0,1,2
66771,3,4.666666666666667,0.5773502691896257,3,2
66772,1,5.0,0.0,1,2
66773,3,4.333333333333333,0.5773502691896257,2,3
66776,1,5.0,0.0,1,2
66777,1,3.0,0.0,1,3
66779,3,3.6666666666666665,1.5275252316519468,3,3
66786,1,5.0,0.0,1,2
66789,1,5.0,0.0,1,3
66795,1,5.0,0.0,1,4
66800,1,5.0,0.0,1,4
66803,6,4.5,0.5477225575051661,4,2
66807,1,4.0,0.0,1,2
66809,1,5.0,0.0,1,3
66810,1,5.0,0.0,1,2
66813,2,3.0,0.0,2,3
66817,1,5.0,0.0,1,2
66823,1,4.0,0.0,1,2
66826,1,5.0,0.0,1,3
66827,1,5.0,0.0,1,2
66828,1,5.0,0.0,1,4
66830,2,4.0,0.0,1,2
66832,1,4.0,0.0,1,2
66835,2,4.0,1.4142135623730951,2,2
66836,1,5.0,0.0,1,3
66839,1,4.0,0.0,1,3
66842,2,3.0,2.8284271247461903,2,2
66843,2,3.0,2.8284271247461903,2,3
66845,1,4.0,0.0,1,2
66847,1,5.0,0.0,1,2
66848,1,5.0,0.0,1,3
66849,1,4.0,0.0,1,5
66850,1,5.0,0.0,1,2
66856,2,4.0,0.0,2,3
66857,4,4.0,1.4142135623730951,4,2
66859,1,3.0,0.0,1,3
66860,1,5.0,0.0,1,2
66863,1,1.0,0.0,1,4
66864,1,4.0,0.0,1,5
66866,1,5.0,0.0,1,3
66870,1,4.0,0.0,1,2
66872,1,5.0,0.0,1,2
66875,1,5.0,0.0,1,4
66877,1,5.0,0.0,1,3
66878,5,4.0,0.7071067811865475,4,2
66880,1,4.0,0.0,1,3
66881,1,4.0,0.0,1,3
66885,10,4.2,0.7888106377466155,6,2
66890,3,4.333333333333333,0.5773502691896257,3,2
66891,2,4.5,0.7071067811865476,1,3
66894,1,5.0,0.0,1,2
66899,2,4.0,0.0,2,3
66901,5,4.6,0.8944271909999159,2,2
66902,1,5.0,0.0,1,2
66907,1,3.0,0.0,1,4
66913,1,5.0,0.0,1,2
66916,1,3.0,0.0,1,4
66919,1,5.0,0.0,1,3
66923,3,3.6666666666666665,0.5773502691896257,3,3
66924,1,4.0,0.0,1,5
66925,1,3.0,0.0,1,2
66926,1,5.0,0.0,1,3
66930,1,5.0,0.0,1,2
66931,1,5.0,0.0,1,5
66933,2,4.0,0.0,2,3
66934,1,5.0,0.0,1,2
66938,1,5.0,0.0,1,2
66939,1,4.0,0.0,1,3
66941,3,4.666666666666667,0.5773502691896258,3,2
66942,1,4.0,0.0,1,2
66943,1,3.0,0.0,1,2
66944,1,4.0,0.0,1,2
66946,1,5.0,0.0,1,4
66947,1,5.0,0.0,1,2
66948,4,4.5,0.5773502691896257,3,3
66950,1,5.0,0.0,1,2
66954,1,4.0,0.0,1,4
66955,2,5.0,0.0,1,2
66956,1,5.0,0.0,1,4
66957,1,5.0,0.0,1,3
66958,1,4.0,0.0,1,2
66961,1,5.0,0.0,1,5
66963,1,3.0,0.0,1,2
66964,1,5.0,0.0,1,2
66965,1,4.0,0.0,1,2
66966,2,4.5,0.7071067811865476,1,4
66967,1,5.0,0.0,1,2
66968,1,1.0,0.0,1,2
66970,2,4.0,0.0,2,2
66971,1,4.0,0.0,1,3
66973,1,4.0,0.0,1,2
66974,1,5.0,0.0,1,4
66976,1,5.0,0.0,1,4
66978,1,4.0,0.0,1,3
66979,6,4.333333333333333,1.632993161855452,4,2
66980,1,4.0,0.0,1,3
66982,1,5.0,0.0,1,3
66985,2,4.0,1.4142135623730951,2,2
66986,2,4.0,0.0,2,2
66987,3,4.0,1.0,1,4
66988,2,5.0,0.0,2,3
66991,2,5.0,0.0,2,2
66993,2,4.0,0.0,2,2
66994,2,4.0,1.4142135623730951,2,2
66995,2,5.0,0.0,2,2
66996,1,5.0,0.0,1,3
66998,1,4.0,0.0,1,2
67000,1,2.0,0.0,1,5
67011,1,5.0,0.0,1,2
67014,1,4.0,0.0,1,2
67016,1,5.0,0.0,1,3
67017,1,5.0,0.0,1,3
67019,1,4.0,0.0,1,2
67022,1,4.0,0.0,1,3
67029,2,3.0,0.0,2,2
67032,1,2.0,0.0,1,2
67035,1,5.0,0.0,1,2
67040,3,4.0,1.0,2,2
67041,1,4.0,0.0,1,3
67042,1,4.0,0.0,1,4
67047,1,5.0,0.0,1,3
67049,1,5.0,0.0,1,2
67051,1,4.0,0.0,1,2
67053,1,4.0,0.0,1,3
67057,1,1.0,0.0,1,2
67060,1,2.0,0.0,1,3
67061,1,5.0,0.0,1,2
67074,1,5.0,0.0,1,4
67076,1,3.0,0.0,1,4
67078,1,3.0,0.0,1,3
67079,1,3.0,0.0,1,4
67084,1,5.0,0.0,1,4
67085,3,4.0,0.0,3,4
67087,1,4.0,0.0,1,5
67092,1,5.0,0.0,1,4
67098,1,5.0,0.0,1,2
67100,1,5.0,0.0,1,3
67101,6,3.8333333333333335,0.7527726527090809,6,3
67102,1,5.0,0.0,1,2
67106,1,5.0,0.0,1,2
67107,1,5.0,0.0,1,3
67109,1,4.0,0.0,1,2
67110,1,4.0,0.0,1,2
67111,4,3.75,1.5,2,3
67113,1,5.0,0.0,1,4
67114,1,5.0,0.0,1,3
67118,1,5.0,0.0,1,2
67122,1,5.0,0.0,1,2
67124,2,5.0,0.0,2,3
67130,1,5.0,0.0,1,3
67132,1,4.0,0.0,1,2
67138,1,5.0,0.0,1,3
67139,1,4.0,0.0,1,2
67140,1,5.0,0.0,1,3
67141,3,3.6666666666666665,0.5773502691896257,3,5
67142,2,4.5,0.7071067811865476,2,4
67144,3,4.333333333333333,0.5773502691896257,1,3
67145,1,5.0,0.0,1,3
67147,3,4.666666666666667,0.5773502691896257,3,2
67151,1,4.0,0.0,1,2
67153,1,5.0,0.0,1,3
67155,1,4.0,0.0,1,4
67158,1,5.0,0.0,1,3
67161,1,5.0,0.0,1,5
67163,2,4.5,0.7071067811865476,1,2
67165,2,4.0,1.4142135623730951,1,3
67167,1,5.0,0.0,1,4
67169,1,5.0,0.0,1,3
67171,1,5.0,0.0,1,3
67172,1,3.0,0.0,1,2
67173,2,5.0,0.0,1,4
67174,5,4.2,0.8366600265340756,1,5
67175,2,5.0,0.0,2,1
67182,1,5.0,0.0,1,4
67183,1,3.0,0.0,1,4
67185,1,4.0,0.0,1,2
67186,1,2.0,0.0,1,2
67190,1,5.0,0.0,1,4
67194,1,3.0,0.0,1,4
67200,1,4.0,0.0,1,5
67201,1,5.0,0.0,1,4
67204,1,3.0,0.0,1,3
67205,1,4.0,0.0,1,3
67207,1,4.0,0.0,1,2
67210,2,5.0,0.0,2,2
67211,2,4.5,0.7071067811865476,2,2
67218,1,4.0,0.0,1,3
67227,3,2.6666666666666665,2.0816659994661326,3,4
67229,1,4.0,0.0,1,2
67231,5,4.4,0.8944271909999159,5,5
67233,1,5.0,0.0,1,4
67238,1,3.0,0.0,1,3
67239,1,4.0,0.0,1,5
67241,1,3.0,0.0,1,2
67244,6,4.833333333333333,0.408248290463863,6,4
67247,1,4.0,0.0,1,3
67249,1,2.0,0.0,1,5
67251,1,4.0,0.0,1,4
67256,1,5.0,0.0,1,2
67258,4,3.5,1.2909944487358056,1,4
67268,1,3.0,0.0,1,4
67275,1,5.0,0.0,1,2
67276,2,5.0,0.0,2,2
67277,1,4.0,0.0,1,3
67278,1,5.0,0.0,1,3
67279,1,5.0,0.0,1,3
67281,3,5.0,0.0,3,4
67285,1,5.0,0.0,1,4
67288,1,5.0,0.0,1,2
67289,3,4.666666666666667,0.5773502691896257,3,2
67295,1,4.0,0.0,1,3
67296,1,5.0,0.0,1,4
67302,1,5.0,0.0,1,3
67303,2,4.0,0.0,2,3
67304,1,5.0,0.0,1,2
67305,1,4.0,0.0,1,1
67306,1,4.0,0.0,1,2
67307,2,4.0,0.0,2,2
67308,1,5.0,0.0,1,2
67309,1,5.0,0.0,1,3
67314,2,4.0,1.4142135623730951,2,2
67315,1,5.0,0.0,1,3
67317,1,3.0,0.0,1,3
67319,1,3.0,0.0,1,2
67321,3,5.0,0.0,3,3
67323,3,4.0,1.0,3,3
67325,1,3.0,0.0,1,3
67329,1,5.0,0.0,1,2
67330,1,4.0,0.0,1,4
67331,1,5.0,0.0,1,4
67332,3,3.6666666666666665,0.5773502691896258,3,2
67333,2,3.0,1.4142135623730951,2,3
67335,4,4.75,0.5,4,2
67337,1,3.0,0.0,1,2
67338,1,4.0,0.0,1,3
67339,1,5.0,0.0,1,5
67341,1,4.0,0.0,1,3
67345,1,4.0,0.0,1,3
67348,1,4.0,0.0,1,2
67349,1,5.0,0.0,1,2
67350,1,4.0,0.0,1,4
67352,3,4.0,0.0,3,4
67353,1,5.0,0.0,1,3
67354,1,4.0,0.0,1,3
67356,2,4.5,0.7071067811865476,1,5
67360,1,5.0,0.0,1,3
67361,1,4.0,0.0,1,4
67363,2,5.0,0.0,2,2
67364,1,5.0,0.0,1,3
67365,1,2.0,0.0,1,3
67366,1,5.0,0.0,1,3
67367,1,5.0,0.0,1,2
67368,1,5.0,0.0,1,3
67370,3,5.0,0.0,3,2
67375,2,3.5,0.7071067811865476,2,4
67381,1,5.0,0.0,1,3
67384,1,5.0,0.0,1,3
67385,1,5.0,0.0,1,2
67388,1,3.0,0.0,1,2
67391,1,1.0,0.0,1,5
67392,2,4.0,1.4142135623730951,2,4
67393,1,2.0,0.0,1,4
67396,1,5.0,0.0,1,4
67398,1,4.0,0.0,1,1
67400,3,4.0,1.0,3,3
67402,1,5.0,0.0,1,2
67404,1,3.0,0.0,1,5
67414,5,4.2,1.3038404810405297,3,4
67417,1,5.0,0.0,1,4
67418,1,5.0,0.0,1,2
67420,1,5.0,0.0,1,5
67423,2,4.0,0.0,2,3
67426,1,5.0,0.0,1,4
67427,1,4.0,0.0,1,3
67429,1,5.0,0.0,1,2
67430,1,5.0,0.0,1,3
67431,1,5.0,0.0,1,3
67432,1,5.0,0.0,1,3
67434,2,4.0,1.4142135623730951,2,3
67444,1,4.0,0.0,1,4
67446,1,5.0,0.0,1,3
67447,1,3.0,0.0,1,3
67448,1,4.0,0.0,1,2
67450,3,3.3333333333333335,0.5773502691896258,3,3
67451,1,4.0,0.0,1,2
67454,1,3.0,0.0,1,4
67455,1,5.0,0.0,1,2
67456,1,4.0,0.0,1,3
67458,2,4.5,0.7071067811865476,1,3
67459,2,4.0,0.0,2,2
67460,1,4.0,0.0,1,4
67461,1,5.0,0.0,1,4
67462,2,3.5,0.7071067811865476,2,2
67464,1,5.0,0.0,1,4
67465,2,3.5,2.1213203435596424,1,2
67471,2,2.0,0.0,2,2
67475,1,3.0,0.0,1,2
67477,1,5.0,0.0,1,2
67479,2,5.0,0.0,2,4
67481,3,3.6666666666666665,0.5773502691896257,3,3
67482,1,4.0,0.0,1,3
67483,1,3.0,0.0,1,2
67485,1,5.0,0.0,1,2
67486,1,5.0,0.0,1,3
67491,1,5.0,0.0,1,4
67495,1,5.0,0.0,1,3
67497,1,5.0,0.0,1,3
67498,1,5.0,0.0,1,4
67499,2,4.5,0.7071067811865476,2,4
67501,2,3.5,0.7071067811865476,1,2
67502,2,4.5,0.7071067811865476,2,2
67505,1,3.0,0.0,1,2
67515,1,5.0,0.0,1,5
67518,1,4.0,0.0,1,3
67520,2,2.5,2.1213203435596424,2,3
67521,1,5.0,0.0,1,4
67522,1,4.0,0.0,1,2
67523,1,3.0,0.0,1,2
67524,1,4.0,0.0,1,2
67529,2,3.5,0.7071067811865476,2,1
67531,2,4.0,1.4142135623730951,1,5
67538,1,3.0,0.0,1,3
67540,1,4.0,0.0,1,4
67542,1,3.0,0.0,1,4
67543,1,5.0,0.0,1,3
67545,1,4.0,0.0,1,3
67548,1,5.0,0.0,1,2
67549,1,3.0,0.0,1,3
67551,3,4.333333333333333,1.1547005383792517,3,3
67553,1,5.0,0.0,1,3
67554,1,4.0,0.0,1,3
67555,1,4.0,0.0,1,3
67556,1,5.0,0.0,1,2
67558,2,3.0,0.0,2,4
67561,1,5.0,0.0,1,2
67567,1,5.0,0.0,1,3
67570,1,4.0,0.0,1,3
67571,1,5.0,0.0,1,4
67573,1,4.0,0.0,1,3
67578,1,4.0,0.0,1,4
67581,1,5.0,0.0,1,2
67585,1,5.0,0.0,1,3
67587,1,4.0,0.0,1,3
67588,1,4.0,0.0,1,2
67596,1,4.0,0.0,1,2
67597,1,5.0,0.0,1,3
67602,1,5.0,0.0,1,3
67603,1,4.0,0.0,1,3
67606,1,5.0,0.0,1,3
67609,2,4.5,0.7071067811865476,2,4
67610,1,3.0,0.0,1,3
67614,1,4.0,0.0,1,2
67616,3,4.666666666666667,0.5773502691896257,3,2
67618,1,4.0,0.0,1,4
67619,1,5.0,0.0,1,2
67620,1,5.0,0.0,1,3
67621,1,3.0,0.0,1,5
67622,1,5.0,0.0,1,2
67623,1,5.0,0.0,1,4
67625,1,4.0,0.0,1,4
67630,1,3.0,0.0,1,3
67631,1,4.0,0.0,1,1
67633,2,4.0,0.0,2,3
67634,1,4.0,0.0,1,2
67637,1,3.0,0.0,1,3
67638,2,4.5,0.7071067811865476,2,2
67639,2,3.5,0.7071067811865476,1,3
67643,2,3.0,1.4142135623730951,2,2
67644,1,5.0,0.0,1,4
67648,1,4.0,0.0,1,3
67650,2,4.0,0.0,1,2
67654,2,2.5,2.1213203435596424,2,4
67655,1,5.0,0.0,1,5
67666,1,4.0,0.0,1,4
67670,2,4.5,0.7071067811865476,1,2
67676,1,5.0,0.0,1,4
67677,1,4.0,0.0,1,5
67678,1,5.0,0.0,1,4
67680,1,4.0,0.0,1,2
67692,1,4.0,0.0,1,4
67693,2,4.5,0.7071067811865476,1,4
67694,2,5.0,0.0,2,4
67695,1,3.0,0.0,1,3
67696,1,3.0,0.0,1,4
67699,1,5.0,0.0,1,3
67700,2,4.5,0.7071067811865476,1,4
67702,1,2.0,0.0,1,4
67704,1,1.0,0.0,1,2
67706,1,3.0,0.0,1,4
67707,1,4.0,0.0,1,2
67708,1,5.0,0.0,1,3
67710,1,5.0,0.0,1,2
67711,1,5.0,0.0,1,5
67714,1,5.0,0.0,1,2
67718,2,3.5,0.7071067811865476,1,3
67719,3,4.0,1.0,1,3
67721,1,4.0,0.0,1,3
67724,3,4.0,1.0,1,3
67726,2,4.0,0.0,2,4
67729,2,4.5,0.7071067811865476,2,2
67730,1,5.0,0.0,1,4
67732,2,4.0,1.4142135623730951,2,2
67733,1,4.0,0.0,1,3
67734,1,4.0,0.0,1,4
67737,1,4.0,0.0,1,2
67739,1,5.0,0.0,1,4
67740,1,5.0,0.0,1,5
67744,1,4.0,0.0,1,3
67748,2,5.0,0.0,2,4
67752,1,4.0,0.0,1,3
67756,3,4.0,1.0,3,4
67759,1,1.0,0.0,1,3
67761,1,4.0,0.0,1,4
67762,2,5.0,0.0,2,2
67764,1,5.0,0.0,1,4
67768,3,4.0,1.0,3,3
67769,1,4.0,0.0,1,5
67770,1,5.0,0.0,1,4
67773,2,4.5,0.7071067811865476,2,2
67775,1,5.0,0.0,1,2
67776,1,4.0,0.0,1,2
67777,1,5.0,0.0,1,3
67778,2,3.5,0.7071067811865476,2,4
67780,1,5.0,0.0,1,4
67781,1,5.0,0.0,1,2
67782,2,4.5,0.7071067811865476,2,3
67783,1,5.0,0.0,1,3
67784,2,4.5,0.7071067811865476,2,3
67786,1,5.0,0.0,1,2
67789,1,4.0,0.0,1,3
67791,1,4.0,0.0,1,2
67792,1,5.0,0.0,1,2
67793,1,3.0,0.0,1,2
67795,1,5.0,0.0,1,2
67796,1,5.0,0.0,1,3
67799,1,2.0,0.0,1,2
67801,1,2.0,0.0,1,3
67806,1,5.0,0.0,1,3
67813,1,4.0,0.0,1,2
67814,1,5.0,0.0,1,3
67816,3,4.333333333333333,1.1547005383792517,1,3
67817,4,4.0,0.816496580927726,3,3
67819,1,5.0,0.0,1,2
67822,1,3.0,0.0,1,2
67824,6,4.5,0.8366600265340756,3,4
67825,1,4.0,0.0,1,3
67829,1,5.0,0.0,1,3
67830,2,4.5,0.7071067811865476,2,2
67831,1,5.0,0.0,1,2
67833,2,4.0,0.0,1,2
67835,1,4.0,0.0,1,3
67836,1,4.0,0.0,1,2
67842,1,5.0,0.0,1,3
67845,1,4.0,0.0,1,2
67846,1,3.0,0.0,1,2
67851,1,1.0,0.0,1,4
67853,1,4.0,0.0,1,4
67857,2,4.0,0.0,2,3
67859,1,4.0,0.0,1,2
67860,1,3.0,0.0,1,3
67861,4,4.75,0.4999999999999999,4,2
67864,2,4.0,0.0,2,2
67865,2,3.0,0.0,2,2
67866,1,4.0,0.0,1,2
67868,3,3.6666666666666665,0.5773502691896257,3,2
67870,1,5.0,0.0,1,2
67873,1,5.0,0.0,1,3
67876,1,3.0,0.0,1,4
67882,1,5.0,0.0,1,4
67883,2,4.0,1.4142135623730951,2,3
67884,2,4.5,0.7071067811865476,2,2
67886,1,5.0,0.0,1,3
67895,2,3.0,0.0,2,3
67899,1,3.0,0.0,1,3
67902,1,3.0,0.0,1,4
67909,2,4.5,0.7071067811865476,1,5
67911,2,4.5,0.7071067811865476,1,3
67913,1,3.0,0.0,1,2
67916,1,3.0,0.0,1,2
67926,1,5.0,0.0,1,2
67927,1,3.0,0.0,1,2
67928,1,5.0,0.0,1,3
67936,2,2.5,2.1213203435596424,2,4
67937,1,5.0,0.0,1,5
67938,1,4.0,0.0,1,2
67942,1,5.0,0.0,1,2
67947,1,5.0,0.0,1,2
67948,1,5.0,0.0,1,4
67949,1,5.0,0.0,1,3
67950,3,4.333333333333333,0.5773502691896257,3,2
67951,1,4.0,0.0,1,4
67952,7,4.571428571428571,0.5345224838248489,4,2
67958,6,3.8333333333333335,1.1690451944500122,4,2
67963,2,5.0,0.0,1,2
67964,2,5.0,0.0,2,2
67966,1,5.0,0.0,1,4
67967,1,5.0,0.0,1,4
67968,1,5.0,0.0,1,3
67970,1,4.0,0.0,1,5
67971,4,4.75,0.5,1,4
67979,1,4.0,0.0,1,2
67980,1,5.0,0.0,1,3
67981,1,1.0,0.0,1,4
67984,1,5.0,0.0,1,4
67985,1,5.0,0.0,1,2
67987,1,5.0,0.0,1,2
67990,1,5.0,0.0,1,5
67991,1,5.0,0.0,1,2
67996,1,4.0,0.0,1,2
67997,2,5.0,0.0,2,5
67999,1,4.0,0.0,1,2
68001,1,5.0,0.0,1,3
68003,1,3.0,0.0,1,4
68005,2,5.0,0.0,2,3
68007,4,4.0,0.0,4,4
68009,1,3.0,0.0,1,3
68011,1,4.0,0.0,1,2
68013,1,3.0,0.0,1,2
68014,1,5.0,0.0,1,1
68017,1,5.0,0.0,1,3
68020,1,3.0,0.0,1,4
68021,1,5.0,0.0,1,2
68022,2,4.5,0.7071067811865476,2,3
68026,1,4.0,0.0,1,4
68027,1,3.0,0.0,1,2
68031,1,5.0,0.0,1,3
68032,2,5.0,0.0,2,2
68038,1,4.0,0.0,1,2
68039,1,5.0,0.0,1,3
68040,1,5.0,0.0,1,3
68042,2,4.5,0.7071067811865476,1,4
68046,3,3.3333333333333335,2.0816659994661326,1,2
68053,1,4.0,0.0,1,5
68055,1,5.0,0.0,1,3
68057,1,4.0,0.0,1,2
68058,1,5.0,0.0,1,3
68059,1,3.0,0.0,1,3
68062,1,4.0,0.0,1,3
68063,1,5.0,0.0,1,2
68066,1,5.0,0.0,1,3
68069,1,5.0,0.0,1,3
68071,1,5.0,0.0,1,2
68076,2,4.0,0.0,2,2
68081,2,4.5,0.7071067811865476,2,2
68086,1,3.0,0.0,1,2
68087,2,4.0,1.4142135623730951,2,3
68088,1,4.0,0.0,1,3
68092,1,3.0,0.0,1,2
68096,1,5.0,0.0,1,5
68098,1,5.0,0.0,1,2
68100,3,5.0,0.0,3,4
68101,1,5.0,0.0,1,2
68108,3,4.0,0.0,3,4
68109,1,4.0,0.0,1,3
68110,1,5.0,0.0,1,2
68115,1,5.0,0.0,1,4
68116,2,5.0,0.0,2,3
68119,2,3.0,0.0,1,3
68123,1,5.0,0.0,1,4
68126,1,4.0,0.0,1,3
68127,1,4.0,0.0,1,2
68129,1,5.0,0.0,1,2
68130,1,5.0,0.0,1,3
68132,2,3.5,0.7071067811865476,2,3
68137,1,5.0,0.0,1,3
68141,1,5.0,0.0,1,4
68142,1,3.0,0.0,1,4
68144,1,4.0,0.0,1,2
68146,1,5.0,0.0,1,3
68154,2,4.0,1.4142135623730951,2,3
68155,1,5.0,0.0,1,3
68157,1,5.0,0.0,1,3
68159,1,5.0,0.0,1,2
68161,2,4.0,1.4142135623730951,1,2
68166,1,4.0,0.0,1,4
68167,1,5.0,0.0,1,2
68169,1,4.0,0.0,1,2
68171,1,4.0,0.0,1,3
68172,2,4.5,0.7071067811865476,2,4
68173,1,4.0,0.0,1,3
68174,1,4.0,0.0,1,4
68175,1,5.0,0.0,1,2
68178,1,5.0,0.0,1,2
68180,1,5.0,0.0,1,3
68182,1,4.0,0.0,1,2
68184,2,5.0,0.0,2,2
68185,5,4.2,0.44721359549995804,5,3
68190,1,4.0,0.0,1,4
68192,2,4.0,0.0,2,1
68200,3,4.0,1.0,1,5
68201,1,3.0,0.0,1,2
68206,1,5.0,0.0,1,2
68207,1,4.0,0.0,1,3
68209,1,4.0,0.0,1,4
68210,4,4.5,0.5773502691896257,1,5
68212,1,5.0,0.0,1,4
68220,1,5.0,0.0,1,3
68222,1,5.0,0.0,1,3
68229,1,5.0,0.0,1,3
68230,1,5.0,0.0,1,4
68231,2,3.0,1.4142135623730951,2,4
68233,3,4.333333333333333,0.5773502691896257,3,2
68235,1,3.0,0.0,1,5
68239,2,4.5,0.7071067811865476,2,3
68240,1,3.0,0.0,1,5
68242,2,4.0,0.0,2,2
68243,2,3.5,0.7071067811865476,2,2
68244,1,5.0,0.0,1,3
68245,1,3.0,0.0,1,3
68250,1,4.0,0.0,1,2
68251,1,4.0,0.0,1,3
68252,1,4.0,0.0,1,2
68255,2,4.5,0.7071067811865476,2,2
68257,3,2.3333333333333335,1.5275252316519468,3,3
68259,1,4.0,0.0,1,2
68260,2,4.0,0.0,2,2
68262,1,3.0,0.0,1,4
68264,2,5.0,0.0,2,3
68267,2,3.5,0.7071067811865476,1,2
68268,1,4.0,0.0,1,4
68269,1,4.0,0.0,1,2
68271,1,5.0,0.0,1,5
68275,1,5.0,0.0,1,3
68277,1,5.0,0.0,1,4
68281,1,4.0,0.0,1,2
68284,1,3.0,0.0,1,5
68286,1,5.0,0.0,1,3
68288,1,4.0,0.0,1,3
68292,2,4.5,0.7071067811865476,1,3
68294,1,5.0,0.0,1,3
68295,1,4.0,0.0,1,3
68296,1,5.0,0.0,1,5
68298,1,5.0,0.0,1,4
68300,1,3.0,0.0,1,2
68301,1,5.0,0.0,1,2
68302,2,5.0,0.0,1,3
68306,1,4.0,0.0,1,3
68307,1,4.0,0.0,1,2
68308,1,5.0,0.0,1,4
68310,1,3.0,0.0,1,3
68311,1,4.0,0.0,1,2
68316,2,4.5,0.7071067811865476,2,2
68317,1,3.0,0.0,1,3
68320,1,4.0,0.0,1,5
68322,2,5.0,0.0,1,3
68330,1,4.0,0.0,1,4
68333,1,2.0,0.0,1,5
68334,1,5.0,0.0,1,2
68336,1,5.0,0.0,1,2
68337,1,1.0,0.0,1,2
68338,3,4.666666666666667,0.5773502691896258,3,2
68341,1,3.0,0.0,1,3
68346,1,5.0,0.0,1,2
68347,2,4.5,0.7071067811865476,2,3
68348,1,5.0,0.0,1,3
68350,1,5.0,0.0,1,2
68353,1,5.0,0.0,1,3
68354,1,5.0,0.0,1,3
68356,1,2.0,0.0,1,2
68361,1,4.0,0.0,1,2
68371,1,5.0,0.0,1,5
68376,1,5.0,0.0,1,4
68377,1,5.0,0.0,1,3
68379,2,3.0,1.4142135623730951,2,3
68380,1,4.0,0.0,1,4
68382,1,4.0,0.0,1,2
68386,1,4.0,0.0,1,2
68388,1,5.0,0.0,1,3
68391,1,3.0,0.0,1,3
68393,1,4.0,0.0,1,1
68394,1,4.0,0.0,1,4
68395,1,4.0,0.0,1,3
68396,1,5.0,0.0,1,4
68398,4,4.0,0.8164965809277259,1,4
68399,1,4.0,0.0,1,2
68402,1,4.0,0.0,1,2
68403,1,5.0,0.0,1,3
68404,1,5.0,0.0,1,2
68405,5,3.6,1.140175425099138,2,4
68406,1,4.0,0.0,1,2
68407,2,4.5,0.7071067811865476,2,2
68413,1,5.0,0.0,1,3
68414,1,4.0,0.0,1,5
68422,1,4.0,0.0,1,3
68426,1,3.0,0.0,1,4
68427,2,4.5,0.7071067811865476,2,2
68429,1,5.0,0.0,1,3
68432,1,3.0,0.0,1,2
68435,2,3.5,0.7071067811865476,1,4
68444,1,4.0,0.0,1,5
68445,2,3.5,2.1213203435596424,2,2
68447,1,3.0,0.0,1,2
68449,1,5.0,0.0,1,3
68450,2,5.0,0.0,2,3
68452,1,5.0,0.0,1,3
68453,1,5.0,0.0,1,2
68457,1,5.0,0.0,1,3
68458,1,5.0,0.0,1,3
68461,3,4.0,1.0,2,3
68462,1,4.0,0.0,1,3
68465,5,3.8,0.44721359549995787,5,2
68470,1,1.0,0.0,1,4
68472,1,4.0,0.0,1,1
68480,3,4.333333333333333,0.5773502691896257,1,2
68481,1,5.0,0.0,1,2
68482,1,5.0,0.0,1,2
68487,1,4.0,0.0,1,3
68489,1,5.0,0.0,1,3
68490,1,5.0,0.0,1,3
68493,1,4.0,0.0,1,2
68496,1,4.0,0.0,1,4
68497,2,4.5,0.7071067811865476,2,4
68500,1,5.0,0.0,1,4
68501,1,3.0,0.0,1,2
68502,1,5.0,0.0,1,4
68504,1,4.0,0.0,1,4
68506,1,3.0,0.0,1,2
68507,1,4.0,0.0,1,2
68512,3,4.0,1.0,1,3
68513,1,5.0,0.0,1,2
68515,2,4.5,0.7071067811865476,1,2
68516,1,4.0,0.0,1,2
68518,1,4.0,0.0,1,5
68527,1,5.0,0.0,1,2
68533,1,4.0,0.0,1,3
68534,1,3.0,0.0,1,2
68536,1,4.0,0.0,1,3
68539,1,4.0,0.0,1,3
68540,1,4.0,0.0,1,4
68541,1,5.0,0.0,1,3
68542,1,3.0,0.0,1,4
68543,3,3.6666666666666665,1.5275252316519468,3,3
68544,1,5.0,0.0,1,2
68546,2,4.0,1.4142135623730951,2,3
68549,2,4.5,0.7071067811865476,2,2
68557,1,1.0,0.0,1,3
68562,1,2.0,0.0,1,4
68565,1,5.0,0.0,1,2
68566,2,4.0,1.4142135623730951,2,5
68569,1,4.0,0.0,1,2
68578,1,4.0,0.0,1,3
68579,2,3.5,0.7071067811865476,1,3
68587,1,5.0,0.0,1,3
68590,1,5.0,0.0,1,4
68592,2,3.0,0.0,2,2
68593,1,5.0,0.0,1,3
68600,1,3.0,0.0,1,2
68602,1,5.0,0.0,1,4
68604,2,5.0,0.0,2,2
68605,1,1.0,0.0,1,4
68606,1,4.0,0.0,1,5
68607,2,3.0,1.4142135623730951,2,2
68613,1,4.0,0.0,1,4
68618,3,4.333333333333333,0.5773502691896257,2,5
68619,1,4.0,0.0,1,2
68622,1,3.0,0.0,1,4
68623,1,4.0,0.0,1,2
68627,1,4.0,0.0,1,4
68631,1,4.0,0.0,1,3
68634,1,4.0,0.0,1,3
68636,1,5.0,0.0,1,4
68637,1,4.0,0.0,1,2
68638,1,5.0,0.0,1,4
68639,1,5.0,0.0,1,2
68640,2,4.0,0.0,2,4
68647,1,1.0,0.0,1,4
68649,1,2.0,0.0,1,4
68651,1,5.0,0.0,1,2
68653,1,4.0,0.0,1,3
68655,1,3.0,0.0,1,2
68660,1,4.0,0.0,1,3
68661,1,5.0,0.0,1,5
68662,1,4.0,0.0,1,4
68665,1,3.0,0.0,1,2
68666,1,4.0,0.0,1,5
68669,1,5.0,0.0,1,2
68676,1,4.0,0.0,1,3
68677,1,4.0,0.0,1,2
68678,1,5.0,0.0,1,2
68682,1,1.0,0.0,1,2
68683,4,3.25,1.707825127659933,1,2
68684,1,5.0,0.0,1,4
68685,2,4.5,0.7071067811865476,2,4
68689,1,4.0,0.0,1,4
68690,1,5.0,0.0,1,2
68692,1,5.0,0.0,1,2
68695,1,4.0,0.0,1,4
68698,1,5.0,0.0,1,2
68700,1,5.0,0.0,1,3
68701,1,5.0,0.0,1,3
68707,1,5.0,0.0,1,4
68708,1,5.0,0.0,1,2
68709,1,5.0,0.0,1,2
68712,1,1.0,0.0,1,2
68714,2,5.0,0.0,2,2
68716,1,5.0,0.0,1,2
68719,1,5.0,0.0,1,2
68720,1,3.0,0.0,1,3
68721,1,4.0,0.0,1,4
68723,2,4.0,0.0,2,3
68726,1,4.0,0.0,1,2
68727,1,5.0,0.0,1,3
68729,1,5.0,0.0,1,5
68731,1,5.0,0.0,1,3
68733,1,5.0,0.0,1,2
68735,9,4.111111111111111,1.2692955176439848,5,2
68737,2,4.0,0.0,1,2
68738,1,4.0,0.0,1,4
68742,1,5.0,0.0,1,5
68743,1,4.0,0.0,1,2
68745,1,4.0,0.0,1,3
68746,1,4.0,0.0,1,4
68747,1,4.0,0.0,1,3
68750,1,5.0,0.0,1,2
68751,4,4.75,0.5,3,3
68753,1,4.0,0.0,1,2
68755,1,5.0,0.0,1,4
68756,1,4.0,0.0,1,3
68757,1,3.0,0.0,1,2
68758,1,5.0,0.0,1,4
68759,1,5.0,0.0,1,2
68760,1,4.0,0.0,1,2
68762,1,5.0,0.0,1,2
68763,1,5.0,0.0,1,4
68765,5,4.8,0.44721359549995804,4,5
68767,1,2.0,0.0,1,3
68772,2,2.5,0.7071067811865476,2,2
68773,1,4.0,0.0,1,2
68774,1,5.0,0.0,1,3
68775,1,5.0,0.0,1,3
68776,1,3.0,0.0,1,2
68777,1,5.0,0.0,1,2
68779,1,5.0,0.0,1,2
68784,3,4.666666666666667,0.5773502691896258,2,4
68786,1,4.0,0.0,1,3
68787,4,4.75,0.5,4,2
68788,2,5.0,0.0,2,2
68795,1,4.0,0.0,1,2
68796,1,5.0,0.0,1,2
68797,2,4.0,0.0,2,3
68808,1,5.0,0.0,1,2
68809,1,5.0,0.0,1,2
68812,1,5.0,0.0,1,2
68814,1,4.0,0.0,1,3
68815,2,3.0,0.0,2,2
68816,2,3.5,0.7071067811865476,2,3
68817,2,3.5,0.7071067811865476,2,5
68818,1,5.0,0.0,1,3
68819,1,4.0,0.0,1,5
68821,1,4.0,0.0,1,2
68825,1,1.0,0.0,1,5
68830,2,4.0,0.0,2,2
68833,1,2.0,0.0,1,5
68837,1,5.0,0.0,1,2
68839,1,5.0,0.0,1,4
68842,1,5.0,0.0,1,4
68844,2,4.0,0.0,2,3
68845,3,4.333333333333333,0.5773502691896257,2,2
68846,2,5.0,0.0,1,2
68847,1,4.0,0.0,1,5
68848,1,5.0,0.0,1,2
68852,2,3.5,0.7071067811865476,2,2
68853,1,3.0,0.0,1,2
68858,1,4.0,0.0,1,4
68863,1,4.0,0.0,1,2
68864,1,4.0,0.0,1,3
68867,1,5.0,0.0,1,3
68869,1,4.0,0.0,1,3
68872,1,1.0,0.0,1,4
68878,1,3.0,0.0,1,2
68880,1,4.0,0.0,1,4
68886,1,4.0,0.0,1,2
68887,1,4.0,0.0,1,2
68898,1,5.0,0.0,1,2
68902,1,5.0,0.0,1,3
68907,1,1.0,0.0,1,5
68908,3,4.0,1.0,3,4
68912,1,4.0,0.0,1,3
68913,5,5.0,0.0,5,4
68916,1,5.0,0.0,1,3
68918,1,5.0,0.0,1,3
68920,1,3.0,0.0,1,5
68921,1,5.0,0.0,1,5
68923,1,3.0,0.0,1,3
68926,1,5.0,0.0,1,2
68927,1,5.0,0.0,1,3
68931,1,5.0,0.0,1,3
68937,1,5.0,0.0,1,3
68944,1,5.0,0.0,1,3
68946,1,3.0,0.0,1,3
68948,1,5.0,0.0,1,4
68949,1,4.0,0.0,1,3
68950,1,5.0,0.0,1,2
68954,1,3.0,0.0,1,5
68957,1,5.0,0.0,1,2
68958,1,5.0,0.0,1,2
68962,1,5.0,0.0,1,2
68964,1,3.0,0.0,1,2
68970,2,5.0,0.0,2,2
68974,1,4.0,0.0,1,2
68976,1,4.0,0.0,1,3
68978,1,4.0,0.0,1,5
68980,1,4.0,0.0,1,4
68981,3,4.333333333333333,1.1547005383792517,3,2
68984,1,4.0,0.0,1,2
68994,1,5.0,0.0,1,3
68995,1,5.0,0.0,1,2
69000,1,5.0,0.0,1,4
69006,1,5.0,0.0,1,3
69008,1,5.0,0.0,1,3
69009,1,5.0,0.0,1,3
69011,1,5.0,0.0,1,3
69013,2,4.5,0.7071067811865476,2,3
69017,1,5.0,0.0,1,2
69023,1,5.0,0.0,1,2
69030,1,5.0,0.0,1,3
69034,3,3.3333333333333335,0.5773502691896258,2,3
69035,1,4.0,0.0,1,4
69039,1,5.0,0.0,1,3
69040,1,1.0,0.0,1,2
69041,1,4.0,0.0,1,2
69044,2,4.0,1.4142135623730951,1,4
69046,1,5.0,0.0,1,2
69047,1,4.0,0.0,1,2
69051,1,5.0,0.0,1,3
69058,2,3.5,0.7071067811865476,2,2
69059,2,5.0,0.0,1,2
69060,1,5.0,0.0,1,3
69061,1,3.0,0.0,1,4
69062,2,4.0,0.0,2,3
69065,2,3.5,0.7071067811865476,2,2
69067,1,4.0,0.0,1,3
69070,2,5.0,0.0,2,2
69072,1,5.0,0.0,1,4
69077,1,5.0,0.0,1,3
69085,3,5.0,0.0,2,2
69086,1,4.0,0.0,1,3
69091,1,5.0,0.0,1,4
69096,1,4.0,0.0,1,4
69104,1,5.0,0.0,1,4
69105,3,4.333333333333333,0.5773502691896258,3,2
69109,1,5.0,0.0,1,3
69110,1,4.0,0.0,1,3
69111,1,4.0,0.0,1,4
69112,2,5.0,0.0,2,3
69114,3,3.3333333333333335,2.0816659994661326,3,2
69117,2,4.0,0.0,2,3
69119,1,5.0,0.0,1,2
69125,1,5.0,0.0,1,3
69126,1,3.0,0.0,1,3
69127,1,5.0,0.0,1,3
69128,1,4.0,0.0,1,4
69129,1,5.0,0.0,1,2
69134,1,5.0,0.0,1,2
69136,1,3.0,0.0,1,2
69140,1,5.0,0.0,1,3
69145,1,5.0,0.0,1,2
69146,1,2.0,0.0,1,2
69147,1,4.0,0.0,1,3
69149,1,4.0,0.0,1,2
69151,1,5.0,0.0,1,4
69153,1,4.0,0.0,1,3
69154,1,4.0,0.0,1,4
69156,1,5.0,0.0,1,3
69158,1,5.0,0.0,1,4
69163,1,5.0,0.0,1,5
69165,1,4.0,0.0,1,4
69167,2,3.0,0.0,1,3
69171,1,5.0,0.0,1,2
69172,2,4.0,0.0,2,2
69174,1,5.0,0.0,1,3
69175,1,5.0,0.0,1,5
69179,1,3.0,0.0,1,2
69181,1,3.0,0.0,1,4
69183,4,4.75,0.5,2,1
69185,1,4.0,0.0,1,3
69192,4,5.0,0.0,2,4
69194,1,4.0,0.0,1,5
69196,2,5.0,0.0,2,1
69197,1,5.0,0.0,1,4
69199,1,5.0,0.0,1,3
69203,1,5.0,0.0,1,3
69204,1,5.0,0.0,1,3
69207,1,5.0,0.0,1,3
69208,1,4.0,0.0,1,2
69212,1,5.0,0.0,1,5
69213,1,3.0,0.0,1,2
69215,2,4.5,0.7071067811865476,2,3
69216,1,4.0,0.0,1,4
69217,2,4.5,0.7071067811865476,2,2
69218,2,4.0,1.4142135623730951,2,2
69223,1,3.0,0.0,1,2
69225,1,3.0,0.0,1,4
69227,1,5.0,0.0,1,2
69229,1,5.0,0.0,1,2
69233,1,4.0,0.0,1,2
69234,1,5.0,0.0,1,5
69238,1,5.0,0.0,1,3
69239,2,3.5,0.7071067811865476,2,4
69240,2,4.5,0.7071067811865476,2,2
69242,1,5.0,0.0,1,2
69246,1,3.0,0.0,1,2
69247,1,5.0,0.0,1,4
69248,5,4.0,1.414213562373095,4,3
69250,1,4.0,0.0,1,3
69251,2,3.5,0.7071067811865476,2,2
69252,1,3.0,0.0,1,5
69256,1,4.0,0.0,1,3
69257,3,3.3333333333333335,0.5773502691896257,3,2
69259,1,5.0,0.0,1,3
69262,1,4.0,0.0,1,2
69263,1,3.0,0.0,1,3
69264,4,4.0,0.816496580927726,1,4
69265,1,3.0,0.0,1,4
69266,2,4.5,0.7071067811865476,2,1
69267,1,4.0,0.0,1,2
69268,2,4.0,0.0,2,5
69272,2,4.5,0.7071067811865476,2,2
69274,2,5.0,0.0,2,5
69280,1,1.0,0.0,1,4
69282,1,5.0,0.0,1,2
69285,4,4.5,0.5773502691896257,4,2
69287,2,4.0,0.0,2,2
69288,2,4.5,0.7071067811865476,2,3
69290,1,4.0,0.0,1,2
69292,1,2.0,0.0,1,4
69294,1,4.0,0.0,1,2
69296,2,5.0,0.0,2,2
69297,1,5.0,0.0,1,3
69299,1,3.0,0.0,1,2
69300,1,4.0,0.0,1,2
69302,2,3.0,0.0,1,3
69303,1,5.0,0.0,1,2
69304,2,4.0,1.4142135623730951,2,3
69310,2,4.0,1.4142135623730951,1,2
69311,1,5.0,0.0,1,2
69313,1,4.0,0.0,1,4
69314,2,4.5,0.7071067811865476,2,2
69315,1,4.0,0.0,1,3
69319,2,5.0,0.0,1,2
69321,1,5.0,0.0,1,3
69322,1,4.0,0.0,1,3
69325,1,5.0,0.0,1,2
69328,2,5.0,0.0,2,3
69334,2,5.0,0.0,2,2
69338,1,5.0,0.0,1,2
69339,1,5.0,0.0,1,2
69340,1,5.0,0.0,1,2
69352,1,5.0,0.0,1,2
69354,1,3.0,0.0,1,4
69355,1,5.0,0.0,1,2
69356,1,4.0,0.0,1,2
69358,1,5.0,0.0,1,2
69360,1,2.0,0.0,1,4
69365,1,5.0,0.0,1,3
69366,4,4.5,0.5773502691896258,4,2
69371,1,4.0,0.0,1,4
69372,1,3.0,0.0,1,4
69373,1,5.0,0.0,1,4
69374,2,4.5,0.7071067811865476,2,4
69376,1,5.0,0.0,1,2
69379,1,4.0,0.0,1,3
69383,2,3.5,0.7071067811865476,2,2
69391,2,5.0,0.0,2,2
69393,2,5.0,0.0,2,2
69395,1,5.0,0.0,1,3
69396,1,4.0,0.0,1,3
69402,2,3.5,0.7071067811865476,2,3
69403,1,3.0,0.0,1,2
69412,1,5.0,0.0,1,3
69414,1,4.0,0.0,1,2
69415,1,4.0,0.0,1,2
69418,3,3.0,0.0,2,2
69419,2,3.5,0.7071067811865476,2,4
69420,1,5.0,0.0,1,2
69421,1,4.0,0.0,1,3
69424,2,3.5,0.7071067811865476,1,2
69425,2,4.0,1.4142135623730951,1,2
69429,1,5.0,0.0,1,4
69431,1,5.0,0.0,1,2
69432,1,2.0,0.0,1,2
69435,2,2.0,1.4142135623730951,2,4
69436,1,5.0,0.0,1,2
69439,1,4.0,0.0,1,3
69440,5,3.6,1.6733200530681511,5,2
69443,3,4.333333333333333,1.1547005383792515,3,2
69444,2,2.5,0.7071067811865476,1,2
69446,1,3.0,0.0,1,5
69449,1,5.0,0.0,1,5
69450,1,4.0,0.0,1,2
69452,1,5.0,0.0,1,2
69453,1,5.0,0.0,1,2
69454,1,5.0,0.0,1,2
69455,1,5.0,0.0,1,2
69456,4,4.75,0.5,4,3
69458,3,4.333333333333333,0.5773502691896258,3,3
69459,1,5.0,0.0,1,4
69462,1,3.0,0.0,1,2
69463,2,3.0,0.0,2,4
69469,1,5.0,0.0,1,2
69473,2,3.5,0.7071067811865476,2,2
69474,1,4.0,0.0,1,2
69476,2,5.0,0.0,2,2
69477,2,5.0,0.0,2,2
69478,1,5.0,0.0,1,2
69480,2,4.0,1.4142135623730951,2,2
69481,1,4.0,0.0,1,3
69482,1,4.0,0.0,1,3
69483,1,4.0,0.0,1,2
69486,1,5.0,0.0,1,5
69488,1,5.0,0.0,1,5
69490,1,5.0,0.0,1,2
69494,1,5.0,0.0,1,3
69495,1,5.0,0.0,1,4
69498,1,5.0,0.0,1,3
69499,1,4.0,0.0,1,2
69500,1,4.0,0.0,1,4
69507,1,3.0,0.0,1,3
69511,1,2.0,0.0,1,4
69512,1,4.0,0.0,1,2
69515,1,5.0,0.0,1,2
69518,2,3.0,0.0,1,2
69519,1,3.0,0.0,1,5
69520,2,4.5,0.7071067811865476,1,2
69521,1,3.0,0.0,1,2
69523,4,3.75,0.9574271077563381,4,4
69524,1,5.0,0.0,1,2
69527,1,4.0,0.0,1,2
69529,1,5.0,0.0,1,2
69530,1,4.0,0.0,1,2
69531,1,3.0,0.0,1,2
69537,1,3.0,0.0,1,2
69540,1,3.0,0.0,1,3
69544,1,2.0,0.0,1,2
69548,4,3.25,0.957427107756338,3,3
69549,2,3.5,0.7071067811865476,2,2
69550,1,4.0,0.0,1,4
69551,5,4.2,0.8366600265340756,4,3
69553,1,1.0,0.0,1,2
69554,1,4.0,0.0,1,2
69557,1,5.0,0.0,1,2
69561,1,5.0,0.0,1,1
69563,1,5.0,0.0,1,2
69564,1,3.0,0.0,1,2
69565,1,4.0,0.0,1,3
69566,1,4.0,0.0,1,3
69568,2,4.0,1.4142135623730951,2,2
69571,4,3.75,1.4999999999999998,4,2
69576,1,4.0,0.0,1,4
69578,1,3.0,0.0,1,2
69579,1,5.0,0.0,1,3
69580,1,3.0,0.0,1,4
69581,1,5.0,0.0,1,3
69584,2,4.0,1.4142135623730951,2,3
69588,1,5.0,0.0,1,5
69589,1,4.0,0.0,1,2
69590,1,5.0,0.0,1,3
69593,1,4.0,0.0,1,4
69594,2,5.0,0.0,2,2
69595,1,1.0,0.0,1,2
69596,1,5.0,0.0,1,3
69597,1,4.0,0.0,1,2
69600,1,5.0,0.0,1,4
69601,2,4.5,0.7071067811865476,2,2
69602,1,5.0,0.0,1,2
69603,6,4.5,0.5477225575051661,4,2
69604,1,3.0,0.0,1,3
69614,1,5.0,0.0,1,2
69621,3,4.333333333333333,0.5773502691896258,3,2
69630,1,3.0,0.0,1,2
69631,1,4.0,0.0,1,4
69635,1,5.0,0.0,1,2
69636,2,4.0,1.4142135623730951,2,4
69637,1,5.0,0.0,1,3
69641,1,5.0,0.0,1,2
69644,1,5.0,0.0,1,2
69648,1,4.0,0.0,1,4
69650,2,1.0,0.0,2,2
69658,1,4.0,0.0,1,2
69659,1,3.0,0.0,1,2
69660,1,5.0,0.0,1,3
69661,1,4.0,0.0,1,2
69663,1,3.0,0.0,1,2
69666,1,4.0,0.0,1,3
69669,1,3.0,0.0,1,2
69671,1,4.0,0.0,1,2
69672,2,4.0,1.4142135623730951,2,2
69674,3,4.333333333333333,0.5773502691896258,3,2
69675,1,4.0,0.0,1,2
69676,1,5.0,0.0,1,3
69681,1,5.0,0.0,1,2
69685,1,5.0,0.0,1,2
69688,1,5.0,0.0,1,4
69689,1,3.0,0.0,1,2
69693,3,4.0,1.0,3,4
69694,2,5.0,0.0,2,2
69695,1,4.0,0.0,1,2
69700,1,5.0,0.0,1,3
69702,1,3.0,0.0,1,2
69703,1,5.0,0.0,1,2
69704,1,5.0,0.0,1,5
69705,5,4.6,0.5477225575051662,2,3
69714,1,4.0,0.0,1,5
69715,1,5.0,0.0,1,2
69716,3,4.0,0.0,3,2
69720,1,5.0,0.0,1,2
69723,2,3.5,0.7071067811865476,2,2
69726,3,2.3333333333333335,1.5275252316519468,3,2
69727,2,5.0,0.0,1,3
69733,1,3.0,0.0,1,2
69742,2,3.5,0.7071067811865476,2,3
69745,4,4.0,1.1547005383792515,4,2
69746,1,4.0,0.0,1,2
69748,1,3.0,0.0,1,2
69750,2,4.0,1.4142135623730951,2,4
69762,2,5.0,0.0,2,3
69765,1,5.0,0.0,1,2
69767,1,4.0,0.0,1,4
69769,1,5.0,0.0,1,4
69770,3,3.3333333333333335,2.0816659994661326,3,2
69772,2,4.5,0.7071067811865476,2,2
69773,1,5.0,0.0,1,5
69775,1,3.0,0.0,1,3
69776,2,4.5,0.7071067811865476,2,2
69777,1,5.0,0.0,1,3
69780,1,4.0,0.0,1,2
69782,1,5.0,0.0,1,2
69796,1,3.0,0.0,1,3
69799,3,3.6666666666666665,0.5773502691896258,3,2
69801,1,5.0,0.0,1,2
69802,1,4.0,0.0,1,3
69803,1,4.0,0.0,1,2
69806,1,5.0,0.0,1,2
69808,1,5.0,0.0,1,4
69809,1,5.0,0.0,1,2
69812,1,5.0,0.0,1,2
69814,2,4.5,0.7071067811865476,2,2
69815,1,4.0,0.0,1,2
69816,2,5.0,0.0,2,1
69817,2,3.5,0.7071067811865476,2,2
69821,2,4.5,0.7071067811865476,1,3
69823,1,5.0,0.0,1,3
69829,1,3.0,0.0,1,2
69830,2,4.0,1.4142135623730951,2,5
69831,1,5.0,0.0,1,4
69834,2,4.0,0.0,2,3
69837,10,4.0,1.0540925533894598,7,4
69840,2,4.0,0.0,2,2
69841,3,4.333333333333333,1.1547005383792517,1,3
69844,1,5.0,0.0,1,3
69845,1,4.0,0.0,1,2
69846,1,5.0,0.0,1,2
69848,1,5.0,0.0,1,5
69856,1,5.0,0.0,1,3
69859,1,4.0,0.0,1,2
69861,2,3.5,2.1213203435596424,2,3
69862,1,4.0,0.0,1,2
69865,1,5.0,0.0,1,3
69869,1,4.0,0.0,1,3
69871,4,5.0,0.0,4,2
69877,1,4.0,0.0,1,2
69884,1,3.0,0.0,1,2
69888,1,1.0,0.0,1,3
69889,1,5.0,0.0,1,2
69897,5,4.0,0.7071067811865475,5,4
69898,1,5.0,0.0,1,4
69901,1,4.0,0.0,1,3
69902,2,4.5,0.7071067811865476,1,2
69904,1,4.0,0.0,1,2
69905,4,5.0,0.0,2,4
69908,1,5.0,0.0,1,2
69910,2,2.5,0.7071067811865476,1,4
69912,1,4.0,0.0,1,2
69919,1,5.0,0.0,1,4
69921,1,5.0,0.0,1,2
69923,2,4.0,0.0,2,3
69925,2,5.0,0.0,2,4
69931,1,4.0,0.0,1,3
69932,1,5.0,0.0,1,3
69934,1,5.0,0.0,1,2
69935,2,4.0,0.0,2,2
69937,1,5.0,0.0,1,2
69939,1,4.0,0.0,1,4
69940,1,5.0,0.0,1,2
69944,1,5.0,0.0,1,3
69946,1,5.0,0.0,1,3
69947,1,5.0,0.0,1,2
69950,1,5.0,0.0,1,3
69951,2,4.5,0.7071067811865476,2,2
69954,1,5.0,0.0,1,4
69959,1,5.0,0.0,1,3
69960,1,3.0,0.0,1,3
69962,2,3.5,0.7071067811865476,2,2
69963,1,4.0,0.0,1,3
69965,1,3.0,0.0,1,2
69966,2,5.0,0.0,2,2
69968,2,5.0,0.0,1,2
69969,1,5.0,0.0,1,5
69972,1,3.0,0.0,1,4
69978,1,4.0,0.0,1,2
69982,1,2.0,0.0,1,3
69984,2,5.0,0.0,2,2
69985,1,5.0,0.0,1,4
69994,1,5.0,0.0,1,3
69995,3,5.0,0.0,3,5
69996,1,1.0,0.0,1,3
69998,3,3.3333333333333335,0.5773502691896258,1,3
69999,1,4.0,0.0,1,2
70000,1,5.0,0.0,1,2
70003,1,3.0,0.0,1,5
70004,1,5.0,0.0,1,2
70010,1,3.0,0.0,1,2
70011,1,2.0,0.0,1,2
70012,1,5.0,0.0,1,5
70013,1,4.0,0.0,1,3
70023,1,1.0,0.0,1,3
70025,1,3.0,0.0,1,5
70029,6,4.333333333333333,0.8164965809277261,6,4
70031,1,5.0,0.0,1,2
70032,1,5.0,0.0,1,3
70033,1,4.0,0.0,1,4
70035,1,4.0,0.0,1,3
70037,1,5.0,0.0,1,2
70038,1,5.0,0.0,1,3
70041,1,3.0,0.0,1,4
70043,1,5.0,0.0,1,2
70044,2,3.5,0.7071067811865476,2,3
70051,2,4.5,0.7071067811865476,2,2
70053,1,5.0,0.0,1,1
70054,1,4.0,0.0,1,2
70055,3,4.666666666666667,0.5773502691896257,3,2
70057,3,4.0,0.0,3,4
70064,1,5.0,0.0,1,2
70065,1,1.0,0.0,1,2
70066,2,3.5,2.1213203435596424,2,3
70073,1,4.0,0.0,1,2
70077,1,4.0,0.0,1,3
70078,2,4.5,0.7071067811865476,2,2
70083,1,4.0,0.0,1,4
70085,1,5.0,0.0,1,5
70089,1,4.0,0.0,1,2
70090,1,5.0,0.0,1,3
70094,1,3.0,0.0,1,3
70095,2,3.5,2.1213203435596424,2,2
70096,1,2.0,0.0,1,4
70100,1,3.0,0.0,1,2
70110,1,4.0,0.0,1,3
70112,1,4.0,0.0,1,4
70114,1,4.0,0.0,1,4
70120,1,5.0,0.0,1,2
70122,1,5.0,0.0,1,4
70128,1,4.0,0.0,1,2
70129,2,4.5,0.7071067811865476,2,3
70132,1,5.0,0.0,1,4
70135,1,4.0,0.0,1,3
70136,1,5.0,0.0,1,2
70137,1,5.0,0.0,1,2
70140,2,4.0,1.4142135623730951,2,3
70141,1,5.0,0.0,1,3
70143,1,4.0,0.0,1,4
70146,1,4.0,0.0,1,5
70147,1,5.0,0.0,1,3
70148,1,3.0,0.0,1,5
70150,1,5.0,0.0,1,3
70151,1,4.0,0.0,1,4
70152,1,3.0,0.0,1,4
70153,1,3.0,0.0,1,3
70155,2,4.0,1.4142135623730951,2,3
70162,1,5.0,0.0,1,3
70165,2,4.5,0.7071067811865476,2,3
70166,1,4.0,0.0,1,3
70167,1,3.0,0.0,1,3
70170,1,3.0,0.0,1,5
70173,4,3.5,0.5773502691896257,4,3
70176,1,3.0,0.0,1,4
70180,1,3.0,0.0,1,3
70181,1,2.0,0.0,1,2
70182,1,4.0,0.0,1,2
70185,2,4.0,1.4142135623730951,2,2
70188,2,4.5,0.7071067811865476,2,4
70191,1,5.0,0.0,1,4
70194,1,5.0,0.0,1,3
70196,1,3.0,0.0,1,3
70197,1,4.0,0.0,1,4
70202,3,4.0,1.0,3,4
70204,1,4.0,0.0,1,2
70205,1,5.0,0.0,1,4
70214,1,4.0,0.0,1,3
70215,2,4.0,0.0,1,2
70222,3,4.0,1.7320508075688772,3,5
70223,1,4.0,0.0,1,4
70224,1,5.0,0.0,1,2
70225,1,5.0,0.0,1,2
70229,2,3.0,1.4142135623730951,2,3
70231,3,4.666666666666667,0.5773502691896257,3,2
70234,1,5.0,0.0,1,2
70236,1,5.0,0.0,1,3
70237,4,4.25,0.9574271077563382,2,1
70238,2,4.5,0.7071067811865476,2,4
70241,1,5.0,0.0,1,4
70243,1,5.0,0.0,1,2
70247,1,5.0,0.0,1,4
70249,1,5.0,0.0,1,4
70257,2,4.0,0.0,2,2
70258,1,4.0,0.0,1,3
70259,1,3.0,0.0,1,2
70269,3,3.6666666666666665,1.5275252316519465,3,3
70273,1,5.0,0.0,1,2
70275,2,4.5,0.7071067811865476,1,2
70276,1,4.0,0.0,1,2
70278,2,5.0,0.0,2,2
70279,1,5.0,0.0,1,5
70281,1,5.0,0.0,1,2
70282,1,3.0,0.0,1,3
70283,2,5.0,0.0,2,2
70286,5,3.8,1.0954451150103321,5,5
70288,1,4.0,0.0,1,2
70290,1,5.0,0.0,1,3
70303,1,3.0,0.0,1,2
70307,2,4.5,0.7071067811865476,2,3
70308,1,3.0,0.0,1,2
70309,1,1.0,0.0,1,5
70312,1,5.0,0.0,1,4
70313,4,4.5,0.9999999999999999,4,2
70314,1,5.0,0.0,1,4
70315,2,4.0,1.4142135623730951,1,5
70318,1,5.0,0.0,1,2
70323,2,4.0,0.0,2,2
70325,3,5.0,0.0,3,3
70326,1,5.0,0.0,1,3
70333,1,5.0,0.0,1,4
70334,4,4.25,0.9574271077563381,1,3
70335,2,4.0,1.4142135623730951,1,4
70336,1,3.0,0.0,1,4
70338,1,5.0,0.0,1,3
70339,1,4.0,0.0,1,5
70342,1,5.0,0.0,1,3
70347,1,5.0,0.0,1,2
70353,1,5.0,0.0,1,2
70355,1,5.0,0.0,1,4
70361,1,5.0,0.0,1,3
70362,2,4.5,0.7071067811865476,1,5
70365,2,4.0,0.0,2,3
70366,1,4.0,0.0,1,2
70367,1,5.0,0.0,1,4
70374,1,4.0,0.0,1,4
70376,1,5.0,0.0,1,3
70377,1,3.0,0.0,1,2
70379,1,4.0,0.0,1,2
70380,2,4.0,0.0,1,2
70383,1,3.0,0.0,1,2
70385,1,4.0,0.0,1,3
70386,2,4.5,0.7071067811865476,2,2
70392,2,4.5,0.7071067811865476,2,2
70395,1,4.0,0.0,1,3
70396,3,3.6666666666666665,0.5773502691896257,3,3
70398,3,4.0,0.0,3,2
70399,1,3.0,0.0,1,2
70401,1,4.0,0.0,1,2
70403,1,3.0,0.0,1,2
70408,3,3.0,1.0,1,5
70409,1,5.0,0.0,1,3
70411,1,5.0,0.0,1,3
70412,1,5.0,0.0,1,2
70413,3,4.666666666666667,0.5773502691896258,2,2
70419,1,5.0,0.0,1,3
70420,1,2.0,0.0,1,3
70421,1,3.0,0.0,1,2
70422,1,5.0,0.0,1,4
70423,1,5.0,0.0,1,3
70429,1,4.0,0.0,1,2
70430,2,4.5,0.7071067811865476,2,3
70433,2,4.5,0.7071067811865476,2,4
70436,3,4.333333333333333,0.5773502691896258,1,4
70438,1,5.0,0.0,1,2
70439,1,5.0,0.0,1,2
70444,1,4.0,0.0,1,4
70449,3,4.333333333333333,0.5773502691896257,3,2
70452,1,5.0,0.0,1,3
70456,1,5.0,0.0,1,2
70457,1,3.0,0.0,1,2
70462,3,4.0,1.0,1,2
70465,1,5.0,0.0,1,3
70467,1,5.0,0.0,1,4
70473,1,5.0,0.0,1,3
70475,1,1.0,0.0,1,2
70477,1,5.0,0.0,1,2
70483,2,4.5,0.7071067811865476,2,3
70484,4,4.0,1.4142135623730951,4,2
70486,1,5.0,0.0,1,4
70488,1,3.0,0.0,1,2
70489,4,3.0,1.4142135623730951,3,2
70491,2,2.5,0.7071067811865476,2,3
70492,3,4.333333333333333,1.1547005383792517,1,2
70493,1,2.0,0.0,1,3
70494,1,2.0,0.0,1,3
70497,1,1.0,0.0,1,2
70498,2,4.5,0.7071067811865476,2,3
70503,4,3.75,0.9574271077563381,4,2
70504,4,4.5,0.5773502691896257,3,2
70505,1,5.0,0.0,1,2
70506,1,4.0,0.0,1,3
70509,1,4.0,0.0,1,2
70510,1,4.0,0.0,1,3
70511,1,5.0,0.0,1,2
70513,1,5.0,0.0,1,3
70514,1,5.0,0.0,1,2
70516,1,4.0,0.0,1,4
70520,2,3.5,0.7071067811865476,1,3
70525,1,5.0,0.0,1,3
70529,1,2.0,0.0,1,3
70533,1,2.0,0.0,1,5
70543,1,5.0,0.0,1,2
70546,1,2.0,0.0,1,3
70547,1,3.0,0.0,1,3
70549,1,5.0,0.0,1,3
70550,1,4.0,0.0,1,2
70551,1,5.0,0.0,1,5
70552,1,2.0,0.0,1,3
70554,1,2.0,0.0,1,2
70555,1,5.0,0.0,1,2
70557,1,2.0,0.0,1,3
70560,1,4.0,0.0,1,4
70564,1,5.0,0.0,1,2
70567,3,4.0,0.0,1,1
70569,1,4.0,0.0,1,3
70571,1,5.0,0.0,1,4
70573,1,5.0,0.0,1,5
70580,1,5.0,0.0,1,2
70584,2,4.0,0.0,1,3
70588,1,5.0,0.0,1,3
70589,1,1.0,0.0,1,3
70590,1,4.0,0.0,1,3
70593,1,4.0,0.0,1,4
70594,1,5.0,0.0,1,3
70595,3,4.0,0.0,3,3
70599,1,3.0,0.0,1,3
70600,1,4.0,0.0,1,2
70601,1,4.0,0.0,1,2
70611,1,3.0,0.0,1,2
70614,2,5.0,0.0,2,1
70615,1,3.0,0.0,1,2
70619,1,5.0,0.0,1,2
70624,2,4.5,0.7071067811865476,1,3
70627,2,3.5,0.7071067811865476,2,2
70628,1,4.0,0.0,1,3
70633,2,3.5,0.7071067811865476,2,2
70636,1,4.0,0.0,1,3
70639,3,3.6666666666666665,0.5773502691896257,3,2
70643,1,5.0,0.0,1,2
70647,1,3.0,0.0,1,2
70648,1,3.0,0.0,1,3
70650,2,5.0,0.0,2,2
70651,1,4.0,0.0,1,3
70653,1,4.0,0.0,1,4
70655,1,5.0,0.0,1,5
70656,1,5.0,0.0,1,3
70661,1,1.0,0.0,1,3
70662,1,3.0,0.0,1,3
70663,11,4.0,0.6324555320336762,6,3
70667,1,5.0,0.0,1,2
70669,1,4.0,0.0,1,3
70671,1,5.0,0.0,1,2
70672,1,4.0,0.0,1,2
70679,3,2.6666666666666665,1.5275252316519465,3,2
70683,1,4.0,0.0,1,5
70687,1,5.0,0.0,1,2
70689,1,2.0,0.0,1,5
70690,1,4.0,0.0,1,4
70691,1,3.0,0.0,1,2
70692,1,5.0,0.0,1,2
70695,3,5.0,0.0,3,3
70696,1,4.0,0.0,1,3
70698,1,5.0,0.0,1,3
70699,1,3.0,0.0,1,4
70700,1,2.0,0.0,1,2
70704,2,4.0,1.4142135623730951,2,5
70706,1,1.0,0.0,1,4
70709,1,5.0,0.0,1,2
70713,2,3.0,1.4142135623730951,2,3
70714,1,4.0,0.0,1,3
70717,1,5.0,0.0,1,3
70721,1,5.0,0.0,1,3
70722,1,3.0,0.0,1,4
70726,1,3.0,0.0,1,2
70727,3,4.0,0.0,3,2
70731,1,3.0,0.0,1,2
70732,1,4.0,0.0,1,3
70738,3,4.333333333333333,0.5773502691896258,2,2
70739,2,4.0,1.4142135623730951,2,2
70740,1,4.0,0.0,1,1
70741,1,5.0,0.0,1,2
70742,2,4.0,0.0,2,3
70746,4,4.0,0.8164965809277259,3,3
70749,1,5.0,0.0,1,5
70751,8,4.125,0.9910312089651149,7,2
70755,1,4.0,0.0,1,2
70761,2,4.5,0.7071067811865476,2,3
70768,4,3.75,1.2583057392117916,4,2
70773,1,4.0,0.0,1,2
70780,1,3.0,0.0,1,4
70781,1,4.0,0.0,1,2
70787,2,4.0,1.4142135623730951,2,1
70789,2,3.5,0.7071067811865476,2,2
70790,2,4.0,0.0,2,4
70792,2,4.0,0.0,2,5
70794,3,5.0,0.0,2,4
70796,1,4.0,0.0,1,5
70801,2,4.0,1.4142135623730951,2,2
70802,3,4.0,1.0,3,3
70803,1,4.0,0.0,1,2
70805,1,5.0,0.0,1,5
70806,2,4.0,0.0,2,2
70807,2,4.0,1.4142135623730951,2,2
70810,1,5.0,0.0,1,4
70811,1,5.0,0.0,1,2
70812,2,4.0,0.0,2,4
70819,1,4.0,0.0,1,2
70823,4,3.75,1.5,3,2
70826,1,4.0,0.0,1,2
70835,1,5.0,0.0,1,2
70836,2,4.0,0.0,2,2
70837,6,4.0,1.2649110640673518,6,4
70838,1,3.0,0.0,1,3
70843,1,5.0,0.0,1,3
70846,1,5.0,0.0,1,4
70848,1,5.0,0.0,1,4
70851,2,3.5,0.7071067811865476,2,2
70853,2,4.5,0.7071067811865476,2,2
70854,3,3.6666666666666665,0.5773502691896257,2,2
70858,3,4.0,1.0,3,2
70859,1,5.0,0.0,1,2
70860,1,3.0,0.0,1,2
70862,1,4.0,0.0,1,2
70863,1,4.0,0.0,1,5
70864,1,5.0,0.0,1,2
70865,1,4.0,0.0,1,4
70867,3,3.6666666666666665,0.5773502691896258,3,2
70868,1,4.0,0.0,1,5
70872,1,4.0,0.0,1,3
70877,1,3.0,0.0,1,4
70880,1,1.0,0.0,1,4
70885,1,5.0,0.0,1,4
70886,1,5.0,0.0,1,3
70891,1,5.0,0.0,1,5
70895,2,3.5,2.1213203435596424,2,3
70899,1,3.0,0.0,1,2
70905,1,5.0,0.0,1,4
70906,1,5.0,0.0,1,2
70908,1,5.0,0.0,1,3
70910,1,4.0,0.0,1,5
70913,1,5.0,0.0,1,4
70916,2,5.0,0.0,2,3
70917,1,4.0,0.0,1,2
70918,1,5.0,0.0,1,5
70920,1,5.0,0.0,1,2
70930,1,5.0,0.0,1,3
70932,1,1.0,0.0,1,2
70933,1,5.0,0.0,1,4
70934,2,4.0,1.4142135623730951,1,3
70935,1,5.0,0.0,1,2
70936,1,5.0,0.0,1,4
70939,1,4.0,0.0,1,5
70940,4,4.0,0.816496580927726,4,4
70945,1,5.0,0.0,1,2
70946,2,4.5,0.7071067811865476,1,2
70955,3,3.0,2.0,1,4
70956,2,5.0,0.0,2,3
70957,1,5.0,0.0,1,2
70963,1,4.0,0.0,1,4
70965,1,3.0,0.0,1,2
70967,8,4.625,0.744023809142845,3,3
70969,1,5.0,0.0,1,4
70971,1,5.0,0.0,1,3
70975,2,5.0,0.0,2,4
70978,2,5.0,0.0,2,2
70982,1,5.0,0.0,1,2
70983,1,5.0,0.0,1,2
70985,1,3.0,0.0,1,4
70986,2,5.0,0.0,2,4
70987,2,4.0,0.0,2,2
70988,3,4.666666666666667,0.5773502691896257,2,4
70994,1,3.0,0.0,1,3
70997,3,4.666666666666667,0.5773502691896257,3,4
70999,2,4.0,1.4142135623730951,2,2
71006,1,5.0,0.0,1,4
71007,2,4.0,0.0,2,1
71010,2,3.5,2.1213203435596424,2,2
71015,3,3.6666666666666665,0.5773502691896257,3,2
71018,1,4.0,0.0,1,3
71019,3,4.0,0.0,3,3
71021,1,4.0,0.0,1,2
71025,2,4.0,1.4142135623730951,1,3
71026,1,5.0,0.0,1,5
71027,1,5.0,0.0,1,3
71028,1,5.0,0.0,1,3
71031,1,5.0,0.0,1,2
71032,1,3.0,0.0,1,4
71035,1,5.0,0.0,1,2
71036,1,5.0,0.0,1,3
71038,1,3.0,0.0,1,1
71041,2,4.0,0.0,1,2
71044,1,4.0,0.0,1,3
71047,1,4.0,0.0,1,2
71051,1,3.0,0.0,1,5
71055,2,3.5,0.7071067811865476,2,5
71057,1,5.0,0.0,1,2
71072,1,1.0,0.0,1,2
71073,1,5.0,0.0,1,2
71074,1,5.0,0.0,1,2
71075,1,5.0,0.0,1,4
71079,2,4.0,0.0,2,4
71081,1,5.0,0.0,1,3
71082,1,5.0,0.0,1,2
71084,1,2.0,0.0,1,2
71085,1,2.0,0.0,1,2
71087,1,2.0,0.0,1,2
71089,3,4.333333333333333,0.5773502691896257,2,3
71094,1,4.0,0.0,1,3
71096,1,5.0,0.0,1,4
71097,1,5.0,0.0,1,2
71098,1,4.0,0.0,1,2
71102,2,3.0,1.4142135623730951,2,3
71107,2,4.5,0.7071067811865476,2,3
71108,1,4.0,0.0,1,4
71111,2,4.0,1.4142135623730951,1,3
71113,2,4.5,0.7071067811865476,1,4
71114,1,5.0,0.0,1,2
71119,2,3.0,2.8284271247461903,1,2
71122,2,3.5,2.1213203435596424,2,2
71123,1,4.0,0.0,1,4
71124,2,4.5,0.7071067811865476,2,2
71125,1,5.0,0.0,1,2
71126,1,3.0,0.0,1,4
71130,1,4.0,0.0,1,2
71132,1,5.0,0.0,1,3
71136,1,5.0,0.0,1,2
71138,4,4.5,1.0,4,2
71140,1,5.0,0.0,1,5
71150,1,5.0,0.0,1,2
71152,1,4.0,0.0,1,3
71154,3,4.666666666666667,0.5773502691896257,3,4
71155,1,5.0,0.0,1,4
71157,1,4.0,0.0,1,1
71161,3,4.666666666666667,0.5773502691896258,3,3
71162,1,5.0,0.0,1,3
71163,1,3.0,0.0,1,5
71166,1,4.0,0.0,1,2
71168,1,4.0,0.0,1,2
71171,1,5.0,0.0,1,2
71173,2,5.0,0.0,2,2
71175,1,5.0,0.0,1,2
71176,2,5.0,0.0,2,2
71180,1,4.0,0.0,1,4
71181,1,5.0,0.0,1,5
71184,1,5.0,0.0,1,2
71185,1,5.0,0.0,1,3
71187,1,4.0,0.0,1,2
71188,1,2.0,0.0,1,4
71189,1,5.0,0.0,1,2
71192,2,3.0,0.0,2,3
71196,1,5.0,0.0,1,3
71199,1,3.0,0.0,1,5
71202,1,4.0,0.0,1,4
71205,1,4.0,0.0,1,4
71207,2,4.0,0.0,1,4
71208,1,4.0,0.0,1,2
71209,1,4.0,0.0,1,4
71214,1,4.0,0.0,1,3
71219,1,4.0,0.0,1,3
71220,1,5.0,0.0,1,4
71221,1,4.0,0.0,1,3
71224,1,4.0,0.0,1,2
71226,1,4.0,0.0,1,5
71232,1,4.0,0.0,1,4
71233,1,3.0,0.0,1,3
71234,1,5.0,0.0,1,5
71235,1,4.0,0.0,1,5
71237,1,5.0,0.0,1,4
71239,1,4.0,0.0,1,3
71240,2,5.0,0.0,2,4
71243,1,5.0,0.0,1,3
71248,1,4.0,0.0,1,3
71249,1,5.0,0.0,1,2
71250,1,4.0,0.0,1,2
71251,1,4.0,0.0,1,5
71253,1,4.0,0.0,1,2
71255,1,5.0,0.0,1,3
71256,1,5.0,0.0,1,4
71258,2,3.5,0.7071067811865476,2,4
71266,1,5.0,0.0,1,3
71268,2,4.5,0.7071067811865476,2,2
71269,2,4.0,1.4142135623730951,2,3
71272,1,5.0,0.0,1,3
71274,1,4.0,0.0,1,3
71275,1,5.0,0.0,1,4
71276,3,3.3333333333333335,1.1547005383792515,2,3
71277,1,2.0,0.0,1,2
71282,1,4.0,0.0,1,3
71284,2,3.0,2.8284271247461903,2,2
71285,1,4.0,0.0,1,5
71290,2,5.0,0.0,2,4
71291,3,4.666666666666667,0.5773502691896257,3,2
71296,1,4.0,0.0,1,5
71302,1,4.0,0.0,1,4
71308,3,3.3333333333333335,0.5773502691896257,3,4
71309,1,5.0,0.0,1,3
71310,1,3.0,0.0,1,3
71311,1,5.0,0.0,1,2
71312,1,3.0,0.0,1,4
71313,2,3.5,2.1213203435596424,1,2
71316,4,4.75,0.5,4,4
71323,1,5.0,0.0,1,4
71331,1,5.0,0.0,1,1
71332,1,4.0,0.0,1,4
71334,1,3.0,0.0,1,2
71335,1,5.0,0.0,1,4
71336,2,4.5,0.7071067811865476,2,4
71340,1,3.0,0.0,1,2
71341,2,4.5,0.7071067811865476,2,2
71342,1,5.0,0.0,1,2
71343,1,5.0,0.0,1,2
71344,1,4.0,0.0,1,3
71345,2,4.5,0.7071067811865476,2,5
71347,2,3.5,0.7071067811865476,2,5
71348,1,3.0,0.0,1,3
71351,1,4.0,0.0,1,2
71352,5,3.8,1.7888543819998317,4,2
71353,1,3.0,0.0,1,4
71363,2,3.5,2.1213203435596424,2,2
71369,1,4.0,0.0,1,5
71370,2,5.0,0.0,2,2
71371,4,4.25,1.5,2,3
71372,1,4.0,0.0,1,3
71373,1,4.0,0.0,1,2
71377,1,5.0,0.0,1,4
71378,1,5.0,0.0,1,5
71382,3,4.666666666666667,0.5773502691896257,2,2
71384,2,4.0,1.4142135623730951,2,2
71385,1,4.0,0.0,1,2
71386,2,5.0,0.0,2,2
71389,1,5.0,0.0,1,3
71394,1,3.0,0.0,1,3
71397,2,4.5,0.7071067811865476,2,4
71398,2,4.5,0.7071067811865476,2,5
71400,1,3.0,0.0,1,2
71412,1,4.0,0.0,1,3
71415,1,5.0,0.0,1,2
71416,2,4.5,0.7071067811865476,2,2
71417,1,4.0,0.0,1,4
71422,2,3.5,0.7071067811865476,2,2
71423,2,4.5,0.7071067811865476,2,2
71424,3,3.6666666666666665,1.5275252316519465,2,4
71426,1,3.0,0.0,1,4
71428,2,3.0,0.0,2,3
71429,1,1.0,0.0,1,2
71430,1,4.0,0.0,1,2
71431,1,5.0,0.0,1,3
71432,1,4.0,0.0,1,2
71435,1,4.0,0.0,1,3
71436,2,5.0,0.0,2,2
71440,1,4.0,0.0,1,3
71442,2,4.5,0.7071067811865476,2,3
71443,1,5.0,0.0,1,4
71444,1,5.0,0.0,1,2
71448,1,4.0,0.0,1,5
71451,1,3.0,0.0,1,2
71453,1,5.0,0.0,1,2
71454,1,5.0,0.0,1,3
71456,3,3.6666666666666665,1.5275252316519468,3,2
71463,1,3.0,0.0,1,4
71466,1,4.0,0.0,1,3
71467,1,5.0,0.0,1,2
71470,1,5.0,0.0,1,3
71472,1,3.0,0.0,1,3
71475,1,3.0,0.0,1,2
71477,1,4.0,0.0,1,3
71483,1,5.0,0.0,1,2
71486,1,5.0,0.0,1,4
71488,1,4.0,0.0,1,4
71489,2,3.5,0.7071067811865476,2,3
71490,1,3.0,0.0,1,2
71493,1,4.0,0.0,1,2
71496,1,4.0,0.0,1,2
71498,2,3.5,0.7071067811865476,1,2
71499,1,2.0,0.0,1,2
71503,1,5.0,0.0,1,4
71504,2,4.5,0.7071067811865476,2,3
71510,3,3.6666666666666665,0.5773502691896258,2,5
71511,3,5.0,0.0,3,2
71513,1,5.0,0.0,1,4
71514,2,4.5,0.7071067811865476,2,2
71516,1,5.0,0.0,1,3
71518,1,5.0,0.0,1,3
71519,1,4.0,0.0,1,3
71521,2,5.0,0.0,2,2
71527,4,3.5,0.5773502691896257,4,2
71529,2,4.0,0.0,2,2
71530,1,4.0,0.0,1,4
71533,1,2.0,0.0,1,2
71534,1,3.0,0.0,1,3
71535,6,4.333333333333333,0.8164965809277259,5,2
71538,1,5.0,0.0,1,4
71540,2,5.0,0.0,1,3
71542,2,4.0,1.4142135623730951,1,2
71543,2,1.5,0.7071067811865476,2,4
71546,1,5.0,0.0,1,2
71549,1,5.0,0.0,1,2
71556,1,4.0,0.0,1,3
71559,1,5.0,0.0,1,2
71560,4,4.5,0.5773502691896258,2,2
71561,6,4.166666666666667,0.983192080250175,1,1
71562,2,4.5,0.7071067811865476,2,2
71564,1,4.0,0.0,1,3
71566,1,5.0,0.0,1,2
71567,1,5.0,0.0,1,2
71568,1,4.0,0.0,1,3
71571,4,4.5,0.5773502691896257,4,2
71572,1,5.0,0.0,1,2
71573,3,4.333333333333333,0.5773502691896258,3,2
71575,1,5.0,0.0,1,2
71578,1,4.0,0.0,1,2
71579,2,4.0,1.4142135623730951,2,2
71581,2,4.0,0.0,2,3
71582,1,4.0,0.0,1,4
71584,3,4.0,0.0,3,2
71585,1,5.0,0.0,1,2
71588,2,4.0,0.0,2,3
71589,1,4.0,0.0,1,2
71590,2,4.5,0.7071067811865476,2,2
71596,3,4.333333333333333,0.5773502691896257,2,4
71598,1,1.0,0.0,1,2
71600,1,4.0,0.0,1,2
71602,1,4.0,0.0,1,3
71608,1,4.0,0.0,1,4
71609,1,3.0,0.0,1,2
71610,1,5.0,0.0,1,2
71615,4,4.0,0.816496580927726,4,3
71616,1,3.0,0.0,1,5
71617,3,4.333333333333333,0.5773502691896257,3,2
71619,2,2.5,0.7071067811865476,1,3
71624,1,3.0,0.0,1,3
71626,2,4.0,0.0,2,3
71628,1,4.0,0.0,1,2
71629,3,4.0,0.0,3,3
71631,2,5.0,0.0,2,2
71632,4,4.0,1.1547005383792515,4,2
71634,1,5.0,0.0,1,3
71636,1,5.0,0.0,1,4
71645,5,4.0,1.224744871391589,4,3
71646,1,3.0,0.0,1,2
71650,1,4.0,0.0,1,2
71652,1,3.0,0.0,1,2
71654,1,5.0,0.0,1,3
71655,1,5.0,0.0,1,2
71657,1,5.0,0.0,1,3
71658,1,5.0,0.0,1,3
71661,3,5.0,0.0,3,2
71664,1,3.0,0.0,1,2
71670,1,5.0,0.0,1,2
71675,1,4.0,0.0,1,3
71676,2,4.0,0.0,2,5
71677,1,3.0,0.0,1,2
71678,1,4.0,0.0,1,4
71682,1,5.0,0.0,1,2
71687,2,5.0,0.0,2,5
71689,4,4.25,0.9574271077563381,4,3
71690,2,1.0,0.0,1,3
71691,1,5.0,0.0,1,3
71694,1,5.0,0.0,1,2
71698,1,4.0,0.0,1,2
71703,1,4.0,0.0,1,3
71705,3,5.0,0.0,3,4
71708,1,3.0,0.0,1,3
71709,1,4.0,0.0,1,3
71710,3,5.0,0.0,2,3
71711,3,4.333333333333333,1.1547005383792515,2,2
71712,1,4.0,0.0,1,3
71713,1,5.0,0.0,1,3
71715,2,3.5,0.7071067811865476,2,3
71716,3,4.666666666666667,0.5773502691896257,3,4
71717,1,3.0,0.0,1,2
71719,1,4.0,0.0,1,3
71721,1,5.0,0.0,1,3
71722,2,4.0,1.4142135623730951,2,2
71723,1,4.0,0.0,1,4
71724,1,5.0,0.0,1,3
71725,3,3.0,1.7320508075688772,3,4
71727,1,3.0,0.0,1,4
71729,5,4.4,0.5477225575051662,4,4
71730,1,5.0,0.0,1,3
71731,1,5.0,0.0,1,1
71732,1,4.0,0.0,1,4
71736,1,4.0,0.0,1,3
71739,2,4.5,0.7071067811865476,2,4
71742,2,4.0,0.0,2,2
71750,2,4.0,1.4142135623730951,2,2
71753,1,3.0,0.0,1,3
71756,2,4.0,1.4142135623730951,2,2
71758,1,5.0,0.0,1,5
71760,1,3.0,0.0,1,5
71761,1,1.0,0.0,1,2
71763,1,5.0,0.0,1,3
71764,1,5.0,0.0,1,4
71767,2,5.0,0.0,2,5
71768,2,4.0,1.4142135623730951,2,2
71769,1,5.0,0.0,1,4
71771,1,4.0,0.0,1,4
71774,4,4.5,0.5773502691896258,3,3
71776,4,5.0,0.0,3,3
71778,1,4.0,0.0,1,3
71779,1,5.0,0.0,1,3
71788,1,5.0,0.0,1,4
71790,2,3.0,2.8284271247461903,2,2
71794,1,3.0,0.0,1,4
71796,1,5.0,0.0,1,4
71797,2,4.0,0.0,2,2
71798,1,2.0,0.0,1,2
71804,1,5.0,0.0,1,3
71806,2,4.5,0.7071067811865476,1,4
71808,1,5.0,0.0,1,3
71809,2,4.0,0.0,2,3
71812,2,5.0,0.0,1,4
71814,1,5.0,0.0,1,4
71816,2,4.5,0.7071067811865476,1,3
71822,1,3.0,0.0,1,3
71823,2,5.0,0.0,2,2
71826,1,5.0,0.0,1,3
71832,1,5.0,0.0,1,2
71837,1,4.0,0.0,1,1
71838,1,5.0,0.0,1,3
71839,1,4.0,0.0,1,3
71840,1,5.0,0.0,1,2
71846,1,4.0,0.0,1,2
71848,1,4.0,0.0,1,3
71850,1,5.0,0.0,1,4
71852,1,5.0,0.0,1,2
71853,1,5.0,0.0,1,2
71855,1,4.0,0.0,1,2
71859,1,2.0,0.0,1,2
71860,1,4.0,0.0,1,4
71861,1,3.0,0.0,1,5
71870,1,4.0,0.0,1,2
71874,1,5.0,0.0,1,4
71876,2,4.5,0.7071067811865476,2,2
71882,1,5.0,0.0,1,5
71883,1,4.0,0.0,1,2
71885,1,5.0,0.0,1,3
71886,1,4.0,0.0,1,2
71889,2,3.0,1.4142135623730951,1,3
71900,1,3.0,0.0,1,5
71904,1,5.0,0.0,1,3
71910,1,4.0,0.0,1,3
71914,1,4.0,0.0,1,2
71916,1,4.0,0.0,1,5
71920,2,4.0,0.0,2,2
71923,1,5.0,0.0,1,2
71925,1,5.0,0.0,1,2
71926,1,5.0,0.0,1,4
71927,1,4.0,0.0,1,5
71929,1,5.0,0.0,1,4
71930,1,5.0,0.0,1,2
71933,1,5.0,0.0,1,1
71943,1,2.0,0.0,1,2
71946,1,3.0,0.0,1,4
71947,2,3.5,0.7071067811865476,2,2
71948,2,4.0,0.0,2,2
71949,1,2.0,0.0,1,2
71950,1,3.0,0.0,1,2
71951,4,5.0,0.0,3,2
71954,1,5.0,0.0,1,2
71957,1,5.0,0.0,1,2
71959,5,4.2,0.8366600265340756,4,3
71960,1,1.0,0.0,1,2
71961,2,4.0,0.0,1,2
71966,1,5.0,0.0,1,3
71967,1,3.0,0.0,1,2
71969,2,3.0,1.4142135623730951,2,2
71970,1,4.0,0.0,1,3
71972,1,5.0,0.0,1,2
71974,1,4.0,0.0,1,2
71981,3,4.666666666666667,0.5773502691896258,2,2
71982,1,1.0,0.0,1,2
71984,1,5.0,0.0,1,2
71986,1,5.0,0.0,1,2
71989,1,5.0,0.0,1,3
71992,2,3.0,0.0,2,4
71994,1,3.0,0.0,1,2
71997,1,5.0,0.0,1,2
71998,1,4.0,0.0,1,4
72005,3,5.0,0.0,2,3
72008,1,5.0,0.0,1,2
72009,1,4.0,0.0,1,4
72013,1,4.0,0.0,1,4
72015,2,3.5,0.7071067811865476,1,2
72016,1,3.0,0.0,1,5
72018,1,1.0,0.0,1,3
72021,1,5.0,0.0,1,2
72024,3,3.3333333333333335,1.5275252316519468,1,2
72026,2,5.0,0.0,2,4
72029,1,5.0,0.0,1,3
72031,2,5.0,0.0,2,2
72032,1,4.0,0.0,1,2
72034,1,5.0,0.0,1,2
72035,2,4.0,1.4142135623730951,1,2
72036,1,5.0,0.0,1,5
72037,1,5.0,0.0,1,2
72038,1,5.0,0.0,1,2
72040,2,5.0,0.0,2,2
72042,1,4.0,0.0,1,2
72044,1,5.0,0.0,1,4
72046,8,4.625,0.7440238091428449,3,2
72047,4,3.75,0.5,2,2
72048,2,4.0,0.0,1,2
72058,2,1.5,0.7071067811865476,2,2
72059,1,4.0,0.0,1,4
72061,1,5.0,0.0,1,2
72062,2,4.0,1.4142135623730951,2,3
72063,1,5.0,0.0,1,3
72066,1,4.0,0.0,1,2
72068,1,5.0,0.0,1,2
72071,1,4.0,0.0,1,4
72073,6,3.6666666666666665,0.5163977794943223,6,2
72075,1,4.0,0.0,1,2
72078,1,4.0,0.0,1,2
72079,1,5.0,0.0,1,3
72080,1,4.0,0.0,1,3
72081,1,1.0,0.0,1,2
72085,3,4.0,1.0,3,3
72086,1,5.0,0.0,1,4
72087,1,4.0,0.0,1,4
72089,1,4.0,0.0,1,3
72090,1,5.0,0.0,1,2
72091,1,1.0,0.0,1,4
72092,1,1.0,0.0,1,3
72097,1,5.0,0.0,1,2
72098,1,5.0,0.0,1,2
72099,1,4.0,0.0,1,2
72104,1,5.0,0.0,1,3
72105,3,4.666666666666667,0.5773502691896257,2,2
72107,1,5.0,0.0,1,3
72108,3,3.3333333333333335,1.5275252316519465,2,2
72116,2,3.5,0.7071067811865476,2,2
72123,1,5.0,0.0,1,3
72126,1,4.0,0.0,1,4
72127,1,5.0,0.0,1,4
72129,1,4.0,0.0,1,4
72135,1,5.0,0.0,1,2
72137,2,2.5,0.7071067811865476,2,2
72138,2,4.5,0.7071067811865476,2,3
72139,1,4.0,0.0,1,2
72140,1,5.0,0.0,1,3
72141,1,4.0,0.0,1,4
72142,1,5.0,0.0,1,2
72144,1,3.0,0.0,1,4
72147,1,5.0,0.0,1,4
72148,1,5.0,0.0,1,3
72151,5,4.2,0.8366600265340757,4,4
72153,1,5.0,0.0,1,3
72154,2,4.5,0.7071067811865476,2,2
72156,1,5.0,0.0,1,2
72159,1,4.0,0.0,1,3
72162,1,5.0,0.0,1,3
72164,2,2.5,0.7071067811865476,2,5
72169,2,3.5,0.7071067811865476,2,3
72170,3,3.6666666666666665,1.5275252316519468,3,3
72173,2,3.5,2.1213203435596424,1,2
72179,1,3.0,0.0,1,2
72181,3,4.333333333333333,0.5773502691896257,3,4
72183,1,5.0,0.0,1,2
72187,1,4.0,0.0,1,5
72190,2,3.5,0.7071067811865476,2,4
72193,1,5.0,0.0,1,2
72202,3,4.0,1.0,3,3
72204,1,5.0,0.0,1,4
72208,5,4.4,0.8944271909999159,1,4
72211,2,5.0,0.0,2,3
72218,1,3.0,0.0,1,3
72224,3,2.6666666666666665,2.0816659994661326,3,2
72228,2,4.0,0.0,2,4
72235,1,3.0,0.0,1,4
72237,1,4.0,0.0,1,2
72239,1,5.0,0.0,1,5
72243,1,4.0,0.0,1,4
72246,1,3.0,0.0,1,4
72248,1,5.0,0.0,1,4
72249,2,3.5,0.7071067811865476,1,3
72258,1,3.0,0.0,1,4
72263,2,4.5,0.7071067811865476,2,3
72264,1,4.0,0.0,1,4
72267,1,4.0,0.0,1,5
72268,1,4.0,0.0,1,3
72270,3,4.0,1.0,3,2
72272,1,5.0,0.0,1,2
72275,1,5.0,0.0,1,4
72277,2,4.0,0.0,2,4
72279,2,5.0,0.0,2,2
72282,1,5.0,0.0,1,3
72286,1,3.0,0.0,1,2
72289,1,4.0,0.0,1,3
72290,1,5.0,0.0,1,2
72291,1,5.0,0.0,1,3
72293,1,5.0,0.0,1,2
72294,1,5.0,0.0,1,4
72299,1,5.0,0.0,1,4
72300,1,5.0,0.0,1,2
72302,1,5.0,0.0,1,3
72303,1,5.0,0.0,1,3
72304,3,4.333333333333333,0.5773502691896258,2,3
72306,2,4.0,1.4142135623730951,1,2
72309,1,4.0,0.0,1,4
72311,1,4.0,0.0,1,2
72315,1,5.0,0.0,1,5
72321,1,4.0,0.0,1,2
72322,1,4.0,0.0,1,2
72324,1,5.0,0.0,1,4
72326,1,4.0,0.0,1,3
72328,1,5.0,0.0,1,3
72330,3,5.0,0.0,3,3
72333,1,1.0,0.0,1,2
72336,1,4.0,0.0,1,2
72337,1,4.0,0.0,1,2
72338,2,5.0,0.0,2,2
72339,1,3.0,0.0,1,2
72342,2,4.5,0.7071067811865476,2,3
72344,1,5.0,0.0,1,4
72347,1,4.0,0.0,1,3
72351,2,4.5,0.7071067811865476,2,2
72356,3,4.666666666666667,0.5773502691896257,3,1
72358,1,5.0,0.0,1,3
72363,2,4.0,0.0,2,4
72367,3,4.666666666666667,0.5773502691896257,1,3
72371,1,3.0,0.0,1,2
72372,1,5.0,0.0,1,3
72375,1,5.0,0.0,1,2
72379,1,1.0,0.0,1,3
72381,3,5.0,0.0,3,3
72382,2,4.0,0.0,1,2
72383,1,3.0,0.0,1,3
72384,1,5.0,0.0,1,3
72386,1,5.0,0.0,1,4
72387,1,4.0,0.0,1,2
72395,1,1.0,0.0,1,2
72396,3,4.333333333333333,0.5773502691896258,1,2
72397,2,4.0,0.0,2,4
72399,1,4.0,0.0,1,4
72405,1,5.0,0.0,1,2
72407,1,5.0,0.0,1,2
72409,1,5.0,0.0,1,3
72414,1,4.0,0.0,1,4
72416,1,5.0,0.0,1,4
72417,1,4.0,0.0,1,5
72419,1,4.0,0.0,1,3
72420,14,3.7857142857142856,1.05090228108783,6,2
72425,1,5.0,0.0,1,5
72426,1,5.0,0.0,1,4
72427,2,4.5,0.7071067811865476,2,2
72428,1,5.0,0.0,1,3
72431,1,5.0,0.0,1,2
72432,1,4.0,0.0,1,4
72435,1,5.0,0.0,1,4
72437,2,3.0,0.0,2,2
72438,1,5.0,0.0,1,3
72439,5,3.2,0.8366600265340756,4,2
72440,1,1.0,0.0,1,3
72441,1,5.0,0.0,1,3
72442,1,2.0,0.0,1,4
72443,1,5.0,0.0,1,3
72447,1,4.0,0.0,1,5
72448,1,5.0,0.0,1,2
72452,1,5.0,0.0,1,2
72453,1,5.0,0.0,1,5
72454,1,3.0,0.0,1,2
72456,1,5.0,0.0,1,4
72457,1,5.0,0.0,1,3
72459,1,4.0,0.0,1,4
72461,1,5.0,0.0,1,2
72462,2,5.0,0.0,1,3
72463,1,4.0,0.0,1,2
72464,1,5.0,0.0,1,3
72465,1,4.0,0.0,1,2
72467,1,5.0,0.0,1,2
72468,1,5.0,0.0,1,2
72469,1,4.0,0.0,1,3
72479,1,4.0,0.0,1,1
72481,1,3.0,0.0,1,2
72482,1,5.0,0.0,1,2
72492,1,1.0,0.0,1,4
72493,2,4.5,0.7071067811865476,1,3
72496,4,4.5,0.5773502691896257,4,2
72497,2,4.5,0.7071067811865476,2,2
72500,4,4.0,2.0,2,4
72501,1,5.0,0.0,1,3
72506,2,4.0,0.0,2,4
72507,1,5.0,0.0,1,2
72509,1,5.0,0.0,1,3
72510,2,3.0,0.0,2,2
72512,1,5.0,0.0,1,2
72519,1,2.0,0.0,1,2
72522,1,4.0,0.0,1,2
72523,1,3.0,0.0,1,2
72524,1,4.0,0.0,1,2
72525,1,5.0,0.0,1,3
72527,1,3.0,0.0,1,3
72529,1,5.0,0.0,1,4
72531,1,5.0,0.0,1,4
72532,1,4.0,0.0,1,2
72535,1,4.0,0.0,1,4
72538,1,4.0,0.0,1,2
72540,1,4.0,0.0,1,3
72543,1,5.0,0.0,1,3
72548,1,5.0,0.0,1,4
72549,1,4.0,0.0,1,3
72550,1,5.0,0.0,1,2
72555,1,4.0,0.0,1,3
72556,1,3.0,0.0,1,2
72557,1,4.0,0.0,1,3
72559,3,4.666666666666667,0.5773502691896257,2,2
72560,1,5.0,0.0,1,3
72565,1,4.0,0.0,1,4
72566,3,4.0,1.0,1,2
72568,2,4.5,0.7071067811865476,2,2
72569,3,4.666666666666667,0.5773502691896257,2,2
72570,1,5.0,0.0,1,3
72575,1,4.0,0.0,1,2
72576,1,4.0,0.0,1,4
72581,1,5.0,0.0,1,2
72586,1,4.0,0.0,1,2
72589,1,5.0,0.0,1,2
72597,2,4.0,0.0,2,2
72598,2,5.0,0.0,2,2
72599,1,5.0,0.0,1,5
72601,1,4.0,0.0,1,4
72602,1,5.0,0.0,1,3
72603,1,4.0,0.0,1,2
72611,1,4.0,0.0,1,2
72616,1,2.0,0.0,1,2
72617,1,5.0,0.0,1,3
72618,2,4.0,0.0,2,2
72619,1,5.0,0.0,1,2
72620,2,3.5,0.7071067811865476,2,2
72621,1,3.0,0.0,1,4
72623,1,5.0,0.0,1,2
72625,1,5.0,0.0,1,3
72630,2,4.5,0.7071067811865476,2,2
72631,1,5.0,0.0,1,2
72632,2,3.5,0.7071067811865476,2,3
72634,1,4.0,0.0,1,2
72635,6,4.0,0.8944271909999159,5,3
72637,1,4.0,0.0,1,2
72638,1,5.0,0.0,1,2
72639,1,5.0,0.0,1,2
72642,1,1.0,0.0,1,2
72646,1,2.0,0.0,1,5
72650,2,5.0,0.0,2,2
72651,1,5.0,0.0,1,3
72652,1,3.0,0.0,1,2
72655,1,2.0,0.0,1,2
72660,1,5.0,0.0,1,2
72662,1,4.0,0.0,1,2
72663,1,5.0,0.0,1,3
72666,1,3.0,0.0,1,2
72669,1,5.0,0.0,1,5
72672,2,3.0,0.0,2,4
72674,1,5.0,0.0,1,3
72676,1,4.0,0.0,1,2
72679,1,5.0,0.0,1,4
72688,5,4.8,0.4472135954999579,5,2
72691,2,3.0,2.8284271247461903,2,2
72694,1,5.0,0.0,1,2
72697,4,4.75,0.5,4,2
72698,1,5.0,0.0,1,4
72703,4,3.0,0.816496580927726,3,3
72704,3,4.666666666666667,0.5773502691896257,3,3
72705,1,2.0,0.0,1,3
72707,3,4.333333333333333,0.5773502691896258,3,2
72710,1,4.0,0.0,1,5
72712,1,4.0,0.0,1,3
72715,1,3.0,0.0,1,2
72719,1,5.0,0.0,1,3
72722,2,4.5,0.7071067811865476,2,2
72723,2,3.0,0.0,2,2
72724,2,4.0,0.0,2,2
72727,2,5.0,0.0,2,3
72730,1,5.0,0.0,1,3
72731,2,3.5,0.7071067811865476,1,5
72733,2,4.0,0.0,1,2
72734,1,3.0,0.0,1,2
72735,2,4.0,1.4142135623730951,2,5
72738,1,5.0,0.0,1,4
72741,1,5.0,0.0,1,3
72742,1,5.0,0.0,1,2
72745,1,5.0,0.0,1,2
72746,1,3.0,0.0,1,3
72747,1,5.0,0.0,1,3
72750,1,3.0,0.0,1,3
72754,2,4.0,1.4142135623730951,2,2
72757,1,3.0,0.0,1,4
72758,1,5.0,0.0,1,2
72759,3,4.0,0.0,3,5
72765,1,4.0,0.0,1,5
72766,1,5.0,0.0,1,4
72774,3,3.0,2.0,1,4
72775,1,5.0,0.0,1,3
72777,1,4.0,0.0,1,2
72780,2,3.5,0.7071067811865476,2,2
72783,1,3.0,0.0,1,3
72787,1,4.0,0.0,1,2
72789,1,2.0,0.0,1,2
72790,1,5.0,0.0,1,2
72791,2,4.0,1.4142135623730951,2,2
72792,2,4.0,1.4142135623730951,2,3
72793,2,4.0,1.4142135623730951,2,2
72799,1,5.0,0.0,1,2
72801,1,3.0,0.0,1,4
72802,1,4.0,0.0,1,2
72803,2,4.5,0.7071067811865476,2,3
72804,2,5.0,0.0,2,2
72805,1,5.0,0.0,1,2
72807,2,5.0,0.0,2,2
72811,1,2.0,0.0,1,2
72813,4,4.25,1.5,3,2
72816,1,5.0,0.0,1,2
72820,1,5.0,0.0,1,3
72821,2,3.5,2.1213203435596424,2,3
72824,1,5.0,0.0,1,2
72830,1,5.0,0.0,1,4
72832,1,5.0,0.0,1,3
72833,1,2.0,0.0,1,2
72844,1,5.0,0.0,1,3
72846,1,4.0,0.0,1,5
72848,1,5.0,0.0,1,3
72849,2,5.0,0.0,2,2
72850,1,5.0,0.0,1,2
72851,1,4.0,0.0,1,2
72852,1,4.0,0.0,1,2
72853,1,4.0,0.0,1,4
72855,1,5.0,0.0,1,5
72856,2,5.0,0.0,2,3
72863,2,5.0,0.0,2,2
72867,1,5.0,0.0,1,2
72873,1,4.0,0.0,1,2
72876,2,2.5,0.7071067811865476,2,2
72881,1,2.0,0.0,1,4
72882,1,4.0,0.0,1,4
72888,1,5.0,0.0,1,3
72891,1,5.0,0.0,1,5
72892,1,1.0,0.0,1,4
72895,1,4.0,0.0,1,2
72896,2,2.0,0.0,1,3
72897,1,3.0,0.0,1,5
72898,2,5.0,0.0,2,2
72903,2,4.0,0.0,2,4
72907,2,4.5,0.7071067811865476,1,4
72909,1,5.0,0.0,1,3
72910,1,5.0,0.0,1,3
72911,2,4.0,0.0,2,2
72912,1,5.0,0.0,1,5
72913,1,5.0,0.0,1,4
72916,1,3.0,0.0,1,2
72917,2,5.0,0.0,2,4
72922,3,3.3333333333333335,1.1547005383792517,3,4
72923,1,4.0,0.0,1,2
72927,1,3.0,0.0,1,2
72932,1,4.0,0.0,1,4
72933,3,4.666666666666667,0.5773502691896257,3,2
72934,1,5.0,0.0,1,2
72937,1,5.0,0.0,1,3
72940,1,5.0,0.0,1,3
72941,1,4.0,0.0,1,2
72942,2,3.5,0.7071067811865476,2,3
72943,2,4.5,0.7071067811865476,2,3
72946,1,5.0,0.0,1,4
72947,1,5.0,0.0,1,4
72951,1,5.0,0.0,1,3
72952,1,4.0,0.0,1,2
72953,1,5.0,0.0,1,5
72955,1,4.0,0.0,1,4
72958,1,4.0,0.0,1,4
72960,2,4.0,1.4142135623730951,2,2
72961,3,4.333333333333333,1.1547005383792517,3,3
72962,2,4.0,0.0,2,3
72964,1,4.0,0.0,1,2
72965,1,4.0,0.0,1,3
72969,1,4.0,0.0,1,4
72974,1,4.0,0.0,1,3
72980,1,5.0,0.0,1,3
72983,1,3.0,0.0,1,3
72985,1,5.0,0.0,1,2
72986,1,1.0,0.0,1,4
72987,1,3.0,0.0,1,4
72991,2,4.0,0.0,2,3
72996,1,5.0,0.0,1,2
73001,2,5.0,0.0,2,2
73002,2,4.0,1.4142135623730951,2,4
73008,1,5.0,0.0,1,3
73009,1,4.0,0.0,1,3
73010,1,4.0,0.0,1,3
73012,1,5.0,0.0,1,2
73019,2,3.0,2.8284271247461903,1,3
73021,1,3.0,0.0,1,2
73022,1,5.0,0.0,1,2
73023,2,4.5,0.7071067811865476,2,5
73025,1,5.0,0.0,1,3
73028,1,5.0,0.0,1,3
73030,1,5.0,0.0,1,1
73035,1,3.0,0.0,1,3
73036,1,5.0,0.0,1,1
73044,4,5.0,0.0,4,2
73050,1,4.0,0.0,1,2
73052,1,5.0,0.0,1,4
73053,4,4.0,1.1547005383792515,4,3
73055,3,3.6666666666666665,0.5773502691896258,3,4
73058,1,4.0,0.0,1,3
73059,2,4.0,1.4142135623730951,2,3
73060,1,5.0,0.0,1,5
73063,1,5.0,0.0,1,2
73064,1,5.0,0.0,1,2
73067,1,5.0,0.0,1,2
73071,1,3.0,0.0,1,5
73077,3,3.6666666666666665,0.5773502691896258,3,3
73082,1,5.0,0.0,1,4
73083,1,4.0,0.0,1,3
73084,1,4.0,0.0,1,3
73086,2,4.5,0.7071067811865476,2,3
73089,1,5.0,0.0,1,2
73096,1,4.0,0.0,1,2
73098,1,4.0,0.0,1,4
73099,1,4.0,0.0,1,5
73103,1,4.0,0.0,1,3
73104,1,4.0,0.0,1,2
73106,1,5.0,0.0,1,4
73107,1,5.0,0.0,1,2
73111,1,5.0,0.0,1,3
73112,1,4.0,0.0,1,2
73118,1,4.0,0.0,1,4
73120,1,4.0,0.0,1,3
73121,2,4.0,1.4142135623730951,2,3
73124,1,5.0,0.0,1,4
73126,1,2.0,0.0,1,2
73128,1,2.0,0.0,1,4
73131,1,4.0,0.0,1,1
73132,1,4.0,0.0,1,4
73133,1,5.0,0.0,1,2
73134,2,3.0,1.4142135623730951,2,5
73135,1,5.0,0.0,1,2
73137,2,4.5,0.7071067811865476,2,2
73141,1,4.0,0.0,1,5
73151,1,1.0,0.0,1,3
73154,1,5.0,0.0,1,3
73156,1,5.0,0.0,1,3
73159,2,4.5,0.7071067811865476,2,5
73162,1,4.0,0.0,1,2
73163,1,3.0,0.0,1,2
73165,1,5.0,0.0,1,2
73170,1,5.0,0.0,1,2
73171,1,5.0,0.0,1,4
73172,3,4.333333333333333,0.5773502691896257,3,2
73173,1,5.0,0.0,1,4
73174,1,3.0,0.0,1,3
73179,1,5.0,0.0,1,2
73183,1,5.0,0.0,1,4
73186,1,3.0,0.0,1,4
73188,1,3.0,0.0,1,3
73189,1,4.0,0.0,1,3
73197,2,2.0,0.0,2,3
73200,1,3.0,0.0,1,4
73201,3,4.0,1.0,3,3
73203,1,5.0,0.0,1,2
73210,1,3.0,0.0,1,4
73212,1,5.0,0.0,1,2
73221,1,5.0,0.0,1,5
73222,1,4.0,0.0,1,5
73225,1,4.0,0.0,1,3
73232,1,4.0,0.0,1,2
73234,1,3.0,0.0,1,3
73235,1,1.0,0.0,1,4
73238,1,5.0,0.0,1,3
73244,2,3.5,2.1213203435596424,2,5
73245,1,5.0,0.0,1,3
73248,1,5.0,0.0,1,2
73250,1,4.0,0.0,1,2
73251,1,5.0,0.0,1,2
73254,1,3.0,0.0,1,3
73255,2,4.5,0.7071067811865476,2,2
73258,1,4.0,0.0,1,3
73261,1,4.0,0.0,1,2
73269,2,4.5,0.7071067811865476,1,4
73270,1,5.0,0.0,1,3
73271,3,4.0,0.0,1,4
73272,1,4.0,0.0,1,2
73274,1,4.0,0.0,1,3
73275,1,4.0,0.0,1,2
73277,2,3.5,0.7071067811865476,2,4
73278,3,5.0,0.0,3,5
73279,8,4.125,0.8345229603962804,1,4
73280,1,2.0,0.0,1,4
73281,1,4.0,0.0,1,2
73282,1,4.0,0.0,1,3
73284,1,5.0,0.0,1,2
73287,1,4.0,0.0,1,3
73289,1,5.0,0.0,1,2
73290,2,4.5,0.7071067811865476,1,2
73291,1,2.0,0.0,1,2
73295,1,3.0,0.0,1,2
73307,1,5.0,0.0,1,4
73308,1,5.0,0.0,1,3
73309,1,3.0,0.0,1,3
73310,1,4.0,0.0,1,2
73312,2,4.5,0.7071067811865476,2,3
73313,1,4.0,0.0,1,4
73316,3,4.333333333333333,0.5773502691896257,3,3
73317,1,5.0,0.0,1,3
73319,1,4.0,0.0,1,2
73323,1,4.0,0.0,1,5
73324,1,4.0,0.0,1,3
73326,1,4.0,0.0,1,3
73327,1,3.0,0.0,1,4
73330,2,3.5,0.7071067811865476,2,2
73333,1,4.0,0.0,1,3
73334,1,5.0,0.0,1,5
73335,2,4.5,0.7071067811865476,2,2
73336,1,5.0,0.0,1,2
73337,1,4.0,0.0,1,4
73341,1,4.0,0.0,1,5
73342,3,4.0,0.0,2,2
73346,1,5.0,0.0,1,3
73348,1,5.0,0.0,1,3
73349,1,5.0,0.0,1,3
73351,1,4.0,0.0,1,5
73361,1,5.0,0.0,1,2
73365,1,3.0,0.0,1,4
73366,2,4.0,0.0,2,1
73367,1,5.0,0.0,1,3
73371,1,3.0,0.0,1,2
73372,1,4.0,0.0,1,2
73373,1,4.0,0.0,1,4
73374,1,5.0,0.0,1,2
73378,1,4.0,0.0,1,3
73379,1,5.0,0.0,1,3
73381,2,4.0,1.4142135623730951,2,2
73382,2,3.5,0.7071067811865476,2,2
73383,1,1.0,0.0,1,2
73384,1,3.0,0.0,1,3
73385,1,4.0,0.0,1,3
73386,1,4.0,0.0,1,3
73393,1,2.0,0.0,1,2
73397,2,3.0,1.4142135623730951,1,2
73398,1,4.0,0.0,1,4
73400,1,3.0,0.0,1,3
73401,1,2.0,0.0,1,4
73402,1,5.0,0.0,1,1
73405,1,5.0,0.0,1,2
73407,2,4.0,1.4142135623730951,2,4
73409,1,4.0,0.0,1,2
73410,1,5.0,0.0,1,4
73412,1,3.0,0.0,1,3
73413,1,4.0,0.0,1,2
73417,2,4.0,0.0,2,3
73419,2,4.5,0.7071067811865476,2,4
73420,1,4.0,0.0,1,2
73421,1,4.0,0.0,1,5
73423,1,5.0,0.0,1,2
73424,1,5.0,0.0,1,3
73432,1,5.0,0.0,1,2
73438,2,5.0,0.0,2,3
73445,1,5.0,0.0,1,2
73448,1,4.0,0.0,1,2
73452,1,4.0,0.0,1,2
73456,1,5.0,0.0,1,3
73458,1,5.0,0.0,1,2
73460,1,5.0,0.0,1,2
73464,1,5.0,0.0,1,2
73467,1,2.0,0.0,1,4
73468,1,4.0,0.0,1,3
73472,1,5.0,0.0,1,3
73474,1,5.0,0.0,1,2
73477,1,4.0,0.0,1,3
73478,1,5.0,0.0,1,4
73479,1,4.0,0.0,1,4
73480,1,4.0,0.0,1,4
73481,1,4.0,0.0,1,3
73485,1,2.0,0.0,1,3
73486,1,5.0,0.0,1,4
73490,1,4.0,0.0,1,2
73491,1,5.0,0.0,1,4
73496,1,5.0,0.0,1,4
73500,1,4.0,0.0,1,2
73504,3,4.666666666666667,0.5773502691896257,3,3
73505,1,4.0,0.0,1,3
73506,1,5.0,0.0,1,3
73509,3,4.666666666666667,0.5773502691896257,3,4
73510,1,4.0,0.0,1,3
73511,1,5.0,0.0,1,3
73515,2,4.5,0.7071067811865476,2,2
73516,1,5.0,0.0,1,2
73522,1,4.0,0.0,1,3
73524,1,2.0,0.0,1,3
73526,1,3.0,0.0,1,3
73530,1,5.0,0.0,1,3
73531,1,4.0,0.0,1,2
73533,1,5.0,0.0,1,5
73535,1,3.0,0.0,1,2
73536,3,4.0,1.0,3,2
73537,1,5.0,0.0,1,2
73544,1,3.0,0.0,1,2
73547,2,4.5,0.7071067811865476,2,4
73548,1,5.0,0.0,1,2
73549,2,4.5,0.7071067811865476,2,3
73551,1,4.0,0.0,1,3
73554,1,4.0,0.0,1,2
73555,2,2.0,1.4142135623730951,1,2
73557,2,4.0,0.0,2,2
73558,1,5.0,0.0,1,4
73560,2,5.0,0.0,2,2
73563,5,3.8,0.8366600265340756,3,2
73564,1,1.0,0.0,1,4
73565,1,5.0,0.0,1,5
73567,1,5.0,0.0,1,4
73568,2,3.5,0.7071067811865476,2,2
73573,1,5.0,0.0,1,3
73575,1,4.0,0.0,1,4
73576,4,3.25,1.707825127659933,4,3
73578,1,3.0,0.0,1,2
73579,1,3.0,0.0,1,4
73580,1,5.0,0.0,1,3
73581,1,5.0,0.0,1,3
73584,2,4.5,0.7071067811865476,2,2
73586,1,4.0,0.0,1,2
73589,3,4.333333333333333,0.5773502691896257,2,4
73591,1,4.0,0.0,1,2
73595,1,3.0,0.0,1,3
73596,1,5.0,0.0,1,2
73602,1,2.0,0.0,1,2
73604,1,4.0,0.0,1,3
73605,1,5.0,0.0,1,3
73608,1,3.0,0.0,1,4
73610,1,5.0,0.0,1,4
73611,1,5.0,0.0,1,2
73615,1,4.0,0.0,1,2
73618,1,5.0,0.0,1,4
73622,1,4.0,0.0,1,2
73626,2,4.5,0.7071067811865476,1,3
73632,1,4.0,0.0,1,4
73633,2,4.0,1.4142135623730951,1,2
73637,1,5.0,0.0,1,3
73640,1,4.0,0.0,1,3
73644,1,4.0,0.0,1,3
73646,2,4.5,0.7071067811865476,2,4
73648,1,5.0,0.0,1,3
73650,1,5.0,0.0,1,4
73652,1,5.0,0.0,1,3
73653,2,3.0,1.4142135623730951,2,4
73655,1,4.0,0.0,1,2
73657,1,4.0,0.0,1,4
73658,1,4.0,0.0,1,2
73661,1,4.0,0.0,1,4
73664,1,5.0,0.0,1,2
73667,1,5.0,0.0,1,3
73670,1,5.0,0.0,1,2
73671,2,4.5,0.7071067811865476,2,2
73672,1,5.0,0.0,1,4
73674,1,5.0,0.0,1,3
73676,1,4.0,0.0,1,4
73677,1,4.0,0.0,1,4
73679,1,5.0,0.0,1,3
73681,2,3.5,2.1213203435596424,2,2
73682,1,5.0,0.0,1,2
73683,2,5.0,0.0,1,2
73684,9,4.555555555555555,0.7264831572567788,6,4
73685,1,4.0,0.0,1,4
73686,2,2.0,1.4142135623730951,2,2
73687,1,5.0,0.0,1,2
73691,1,5.0,0.0,1,3
73692,1,4.0,0.0,1,2
73696,1,4.0,0.0,1,2
73697,3,4.666666666666667,0.5773502691896257,2,3
73698,4,3.75,1.2583057392117916,4,2
73699,1,5.0,0.0,1,2
73700,1,5.0,0.0,1,2
73701,1,4.0,0.0,1,2
73702,1,5.0,0.0,1,2
73709,1,4.0,0.0,1,4
73711,1,4.0,0.0,1,2
73713,4,4.0,0.816496580927726,2,3
73714,1,5.0,0.0,1,3
73715,5,4.8,0.44721359549995804,4,4
73716,2,4.5,0.7071067811865476,1,5
73720,3,4.666666666666667,0.5773502691896258,2,2
73724,2,4.0,0.0,2,2
73725,2,5.0,0.0,1,2
73726,2,3.5,0.7071067811865476,2,2
73728,1,3.0,0.0,1,4
73731,1,5.0,0.0,1,4
73732,2,4.0,0.0,2,3
73733,2,4.5,0.7071067811865476,2,2
73740,1,5.0,0.0,1,3
73746,1,5.0,0.0,1,3
73747,1,4.0,0.0,1,2
73751,3,4.333333333333333,1.1547005383792515,3,2
73752,7,4.0,1.1547005383792517,6,4
73753,1,3.0,0.0,1,4
73754,1,4.0,0.0,1,2
73759,1,4.0,0.0,1,5
73760,2,2.5,2.1213203435596424,2,2
73761,1,5.0,0.0,1,3
73764,1,4.0,0.0,1,2
73771,1,5.0,0.0,1,3
73772,1,5.0,0.0,1,3
73773,4,4.0,0.8164965809277259,2,3
73775,1,5.0,0.0,1,3
73776,3,4.333333333333333,0.5773502691896257,3,3
73779,1,4.0,0.0,1,4
73783,2,4.5,0.7071067811865476,2,4
73786,3,4.0,0.0,3,2
73788,2,4.0,1.4142135623730951,2,4
73790,1,1.0,0.0,1,2
73793,1,5.0,0.0,1,2
73796,2,3.5,0.7071067811865476,2,4
73797,1,5.0,0.0,1,2
73799,1,4.0,0.0,1,3
73801,1,4.0,0.0,1,2
73804,1,5.0,0.0,1,5
73808,1,5.0,0.0,1,2
73815,1,5.0,0.0,1,2
73816,2,4.5,0.7071067811865476,2,2
73819,1,4.0,0.0,1,3
73821,1,5.0,0.0,1,3
73824,1,5.0,0.0,1,3
73826,3,4.333333333333333,0.5773502691896257,1,3
73828,1,4.0,0.0,1,4
73833,2,3.0,1.4142135623730951,2,3
73835,1,3.0,0.0,1,2
73837,1,4.0,0.0,1,4
73839,2,5.0,0.0,2,2
73841,1,4.0,0.0,1,3
73845,1,5.0,0.0,1,4
73847,1,4.0,0.0,1,3
73848,1,4.0,0.0,1,4
73849,1,5.0,0.0,1,1
73852,2,5.0,0.0,1,2
73857,1,5.0,0.0,1,2
73861,1,3.0,0.0,1,2
73862,1,5.0,0.0,1,2
73866,1,5.0,0.0,1,3
73869,1,3.0,0.0,1,2
73871,1,5.0,0.0,1,4
73877,1,3.0,0.0,1,4
73879,1,5.0,0.0,1,2
73880,1,4.0,0.0,1,2
73881,2,4.5,0.7071067811865476,2,4
73885,3,3.6666666666666665,0.5773502691896258,3,4
73886,1,3.0,0.0,1,5
73888,1,1.0,0.0,1,5
73890,1,2.0,0.0,1,3
73891,1,5.0,0.0,1,3
73892,1,5.0,0.0,1,3
73894,1,5.0,0.0,1,2
73896,2,5.0,0.0,2,4
73897,1,5.0,0.0,1,4
73898,1,5.0,0.0,1,5
73901,1,3.0,0.0,1,2
73905,1,5.0,0.0,1,2
73907,3,4.333333333333333,1.1547005383792515,1,1
73909,1,5.0,0.0,1,2
73910,3,5.0,0.0,2,2
73912,1,2.0,0.0,1,2
73913,1,5.0,0.0,1,2
73917,4,4.5,0.5773502691896258,2,5
73925,1,3.0,0.0,1,2
73931,1,5.0,0.0,1,2
73934,1,5.0,0.0,1,2
73938,1,5.0,0.0,1,3
73939,1,2.0,0.0,1,2
73942,1,5.0,0.0,1,3
73943,1,4.0,0.0,1,2
73944,1,5.0,0.0,1,3
73945,2,4.0,1.4142135623730951,2,4
73948,1,3.0,0.0,1,4
73949,1,5.0,0.0,1,4
73951,1,4.0,0.0,1,3
73954,1,2.0,0.0,1,2
73956,1,4.0,0.0,1,3
73957,3,4.0,1.0,3,4
73958,1,4.0,0.0,1,3
73960,2,3.0,2.8284271247461903,2,2
73961,1,4.0,0.0,1,3
73963,1,4.0,0.0,1,2
73965,2,5.0,0.0,2,3
73967,1,5.0,0.0,1,3
73968,1,2.0,0.0,1,2
73970,2,4.5,0.7071067811865476,2,5
73973,2,4.5,0.7071067811865476,2,3
73978,1,4.0,0.0,1,2
73979,3,4.666666666666667,0.5773502691896257,3,2
73980,1,5.0,0.0,1,2
73983,2,4.5,0.7071067811865476,2,2
73985,1,5.0,0.0,1,4
73987,1,5.0,0.0,1,3
73989,2,5.0,0.0,1,2
73995,1,3.0,0.0,1,4
73999,1,5.0,0.0,1,4
74001,1,4.0,0.0,1,4
74002,2,4.5,0.7071067811865476,2,2
74003,1,5.0,0.0,1,3
74008,1,5.0,0.0,1,3
74010,1,4.0,0.0,1,2
74011,1,4.0,0.0,1,2
74017,2,4.5,0.7071067811865476,2,2
74018,1,3.0,0.0,1,2
74019,1,3.0,0.0,1,3
74024,1,4.0,0.0,1,3
74027,1,4.0,0.0,1,2
74029,1,4.0,0.0,1,2
74031,1,5.0,0.0,1,3
74032,1,5.0,0.0,1,4
74034,1,4.0,0.0,1,3
74036,2,3.5,0.7071067811865476,1,2
74042,1,5.0,0.0,1,3
74043,1,5.0,0.0,1,2
74044,3,4.333333333333333,0.5773502691896257,3,2
74046,1,4.0,0.0,1,4
74047,2,5.0,0.0,2,3
74048,1,5.0,0.0,1,3
74049,1,5.0,0.0,1,5
74050,1,4.0,0.0,1,2
74052,1,4.0,0.0,1,2
74054,1,4.0,0.0,1,4
74059,3,3.6666666666666665,0.5773502691896257,3,5
74061,2,4.5,0.7071067811865476,1,4
74062,1,5.0,0.0,1,3
74064,1,4.0,0.0,1,4
74065,3,4.0,1.0,1,5
74069,1,5.0,0.0,1,3
74071,1,5.0,0.0,1,2
74073,2,5.0,0.0,2,4
74078,1,4.0,0.0,1,4
74080,1,4.0,0.0,1,5
74084,1,5.0,0.0,1,2
74085,1,5.0,0.0,1,2
74091,1,5.0,0.0,1,3
74096,1,5.0,0.0,1,4
74100,1,4.0,0.0,1,4
74102,2,4.0,1.4142135623730951,2,3
74104,1,4.0,0.0,1,3
74109,1,3.0,0.0,1,3
74114,1,3.0,0.0,1,2
74116,1,3.0,0.0,1,3
74117,1,5.0,0.0,1,3
74120,1,5.0,0.0,1,2
74125,1,4.0,0.0,1,4
74126,1,5.0,0.0,1,3
74127,1,5.0,0.0,1,4
74128,1,5.0,0.0,1,3
74130,1,5.0,0.0,1,4
74138,3,4.0,1.0,1,2
74140,1,3.0,0.0,1,2
74141,1,5.0,0.0,1,3
74142,1,4.0,0.0,1,5
74145,1,5.0,0.0,1,2
74148,1,5.0,0.0,1,2
74149,1,5.0,0.0,1,4
74150,1,5.0,0.0,1,4
74153,1,3.0,0.0,1,2
74155,1,4.0,0.0,1,2
74157,1,3.0,0.0,1,2
74159,2,4.0,0.0,2,2
74160,1,5.0,0.0,1,4
74161,1,4.0,0.0,1,3
74164,1,4.0,0.0,1,2
74166,2,4.5,0.7071067811865476,2,3
74168,1,3.0,0.0,1,2
74170,2,4.5,0.7071067811865476,2,5
74171,1,5.0,0.0,1,2
74172,3,4.0,1.0,3,5
74174,1,5.0,0.0,1,4
74176,3,3.6666666666666665,0.5773502691896258,3,5
74178,1,3.0,0.0,1,4
74185,1,3.0,0.0,1,4
74188,1,5.0,0.0,1,3
74193,2,4.0,0.0,2,2
74199,1,4.0,0.0,1,3
74201,1,5.0,0.0,1,2
74202,1,4.0,0.0,1,5
74203,1,5.0,0.0,1,2
74208,2,4.0,0.0,2,3
74210,1,4.0,0.0,1,4
74211,1,4.0,0.0,1,3
74213,2,4.0,1.4142135623730951,2,2
74215,2,4.0,0.0,2,3
74216,1,5.0,0.0,1,3
74217,2,5.0,0.0,2,2
74219,2,3.5,2.1213203435596424,2,2
74221,2,4.5,0.7071067811865476,2,2
74228,2,4.0,0.0,2,3
74231,1,3.0,0.0,1,4
74238,1,2.0,0.0,1,3
74240,1,5.0,0.0,1,4
74245,1,3.0,0.0,1,3
74250,1,5.0,0.0,1,4
74252,2,4.0,1.4142135623730951,2,5
74253,1,4.0,0.0,1,2
74254,1,5.0,0.0,1,2
74258,1,5.0,0.0,1,3
74259,1,5.0,0.0,1,2
74263,1,5.0,0.0,1,4
74264,1,4.0,0.0,1,4
74266,1,5.0,0.0,1,2
74267,2,4.0,0.0,2,3
74270,1,4.0,0.0,1,3
74271,1,3.0,0.0,1,2
74272,1,5.0,0.0,1,3
74275,1,5.0,0.0,1,3
74276,1,4.0,0.0,1,3
74281,1,5.0,0.0,1,3
74282,3,5.0,0.0,3,4
74283,1,5.0,0.0,1,3
74287,2,5.0,0.0,2,2
74290,2,3.0,1.4142135623730951,2,3
74292,1,5.0,0.0,1,4
74293,1,3.0,0.0,1,3
74294,1,5.0,0.0,1,2
74295,2,4.0,1.4142135623730951,2,4
74303,1,5.0,0.0,1,4
74307,1,5.0,0.0,1,4
74311,5,4.0,1.0,3,2
74312,1,3.0,0.0,1,2
74313,1,4.0,0.0,1,3
74315,1,5.0,0.0,1,5
74316,1,5.0,0.0,1,4
74317,2,4.0,1.4142135623730951,2,2
74319,2,5.0,0.0,2,2
74324,1,5.0,0.0,1,2
74328,1,3.0,0.0,1,2
74330,2,3.5,0.7071067811865476,2,3
74331,1,5.0,0.0,1,5
74332,1,5.0,0.0,1,2
74340,2,4.5,0.7071067811865476,2,3
74342,1,4.0,0.0,1,3
74343,1,3.0,0.0,1,4
74344,2,3.5,0.7071067811865476,2,3
74347,1,3.0,0.0,1,2
74349,2,4.5,0.7071067811865476,2,2
74351,3,5.0,0.0,3,3
74352,2,4.0,0.0,2,3
74353,1,5.0,0.0,1,2
74354,2,3.5,0.7071067811865476,2,5
74355,3,4.0,1.0,3,5
74356,1,5.0,0.0,1,2
74358,1,5.0,0.0,1,4
74359,1,4.0,0.0,1,2
74360,1,2.0,0.0,1,2
74362,3,4.0,1.0,3,2
74364,1,4.0,0.0,1,3
74365,2,3.5,0.7071067811865476,2,3
74366,1,5.0,0.0,1,2
74369,1,2.0,0.0,1,2
74370,1,5.0,0.0,1,5
74373,1,5.0,0.0,1,4
74376,2,4.5,0.7071067811865476,2,3
74377,1,5.0,0.0,1,2
74380,1,5.0,0.0,1,3
74382,2,4.0,0.0,2,3
74386,2,4.0,0.0,2,3
74387,1,5.0,0.0,1,5
74389,1,5.0,0.0,1,2
74392,2,3.5,0.7071067811865476,2,5
74393,1,4.0,0.0,1,3
74394,1,4.0,0.0,1,4
74395,1,4.0,0.0,1,4
74397,1,5.0,0.0,1,4
74402,2,5.0,0.0,2,3
74403,1,5.0,0.0,1,5
74406,1,4.0,0.0,1,4
74409,1,5.0,0.0,1,4
74410,2,5.0,0.0,2,2
74412,1,5.0,0.0,1,2
74413,1,2.0,0.0,1,2
74414,1,5.0,0.0,1,2
74415,1,5.0,0.0,1,2
74417,2,5.0,0.0,1,2
74418,1,3.0,0.0,1,2
74422,4,4.0,0.816496580927726,4,3
74425,1,4.0,0.0,1,2
74426,2,4.5,0.7071067811865476,2,4
74428,1,3.0,0.0,1,3
74429,5,4.2,0.8366600265340756,4,3
74432,1,5.0,0.0,1,5
74433,1,5.0,0.0,1,3
74435,1,3.0,0.0,1,2
74439,1,4.0,0.0,1,4
74442,1,4.0,0.0,1,3
74443,1,5.0,0.0,1,4
74445,1,4.0,0.0,1,3
74446,2,3.5,0.7071067811865476,1,2
74447,1,4.0,0.0,1,3
74450,1,5.0,0.0,1,2
74452,1,5.0,0.0,1,5
74457,1,4.0,0.0,1,4
74458,1,3.0,0.0,1,4
74460,1,5.0,0.0,1,4
74461,1,5.0,0.0,1,2
74467,1,5.0,0.0,1,2
74468,1,3.0,0.0,1,4
74471,1,4.0,0.0,1,3
74472,1,3.0,0.0,1,2
74474,1,5.0,0.0,1,3
74477,1,3.0,0.0,1,2
74487,1,5.0,0.0,1,4
74488,1,4.0,0.0,1,5
74490,2,2.5,2.1213203435596424,2,2
74492,1,1.0,0.0,1,2
74493,1,5.0,0.0,1,2
74494,1,5.0,0.0,1,2
74495,1,4.0,0.0,1,2
74496,1,5.0,0.0,1,2
74498,2,2.0,0.0,2,2
74499,1,3.0,0.0,1,3
74500,2,5.0,0.0,1,3
74503,2,4.5,0.7071067811865476,2,2
74505,1,4.0,0.0,1,3
74506,2,3.5,0.7071067811865476,2,3
74509,1,5.0,0.0,1,3
74511,1,4.0,0.0,1,2
74515,2,4.0,1.4142135623730951,2,2
74516,1,5.0,0.0,1,3
74520,1,3.0,0.0,1,4
74521,1,5.0,0.0,1,5
74526,1,4.0,0.0,1,2
74532,1,2.0,0.0,1,4
74544,1,5.0,0.0,1,2
74545,2,5.0,0.0,2,3
74547,4,4.25,0.5,4,4
74549,5,4.6,0.8944271909999159,1,3
74551,1,5.0,0.0,1,2
74554,1,3.0,0.0,1,2
74555,1,5.0,0.0,1,2
74556,1,3.0,0.0,1,2
74559,1,4.0,0.0,1,2
74561,1,5.0,0.0,1,3
74570,1,5.0,0.0,1,3
74573,1,5.0,0.0,1,5
74579,1,5.0,0.0,1,4
74588,1,5.0,0.0,1,2
74589,1,3.0,0.0,1,2
74593,1,1.0,0.0,1,3
74595,1,5.0,0.0,1,2
74603,1,4.0,0.0,1,4
74605,1,4.0,0.0,1,4
74608,1,4.0,0.0,1,2
74609,1,5.0,0.0,1,3
74611,1,5.0,0.0,1,5
74612,3,3.6666666666666665,0.5773502691896257,1,3
74613,1,5.0,0.0,1,2
74619,1,4.0,0.0,1,5
74620,1,4.0,0.0,1,4
74622,1,5.0,0.0,1,3
74624,1,4.0,0.0,1,1
74628,1,3.0,0.0,1,4
74634,2,3.5,0.7071067811865476,1,3
74636,1,3.0,0.0,1,3
74637,1,4.0,0.0,1,2
74646,1,3.0,0.0,1,4
74648,3,3.6666666666666665,2.3094010767585034,3,2
74649,1,4.0,0.0,1,4
74655,1,4.0,0.0,1,4
74656,1,2.0,0.0,1,5
74658,1,3.0,0.0,1,2
74659,1,4.0,0.0,1,3
74660,1,5.0,0.0,1,3
74662,1,5.0,0.0,1,3
74666,2,3.5,0.7071067811865476,2,3
74667,1,5.0,0.0,1,2
74671,2,4.0,1.4142135623730951,2,2
74672,2,5.0,0.0,2,2
74673,1,5.0,0.0,1,3
74677,1,3.0,0.0,1,2
74678,1,5.0,0.0,1,3
74683,2,4.5,0.7071067811865476,2,4
74685,2,4.5,0.7071067811865476,2,4
74686,7,3.857142857142857,1.345185418269098,5,2
74687,1,4.0,0.0,1,2
74691,1,4.0,0.0,1,2
74698,2,4.5,0.7071067811865476,2,2
74699,2,4.5,0.7071067811865476,2,3
74701,2,5.0,0.0,2,2
74702,2,4.5,0.7071067811865476,2,2
74705,1,4.0,0.0,1,2
74710,1,3.0,0.0,1,4
74713,1,3.0,0.0,1,2
74714,2,4.5,0.7071067811865476,2,2
74717,2,3.0,0.0,1,2
74724,1,5.0,0.0,1,2
74725,2,4.0,1.4142135623730951,2,2
74726,2,3.5,0.7071067811865476,2,3
74734,2,2.5,2.1213203435596424,2,2
74735,1,4.0,0.0,1,2
74736,1,4.0,0.0,1,3
74740,1,5.0,0.0,1,3
74746,3,4.0,0.0,3,3
74748,2,4.0,1.4142135623730951,2,2
74749,1,4.0,0.0,1,3
74755,2,4.0,1.4142135623730951,1,5
74756,1,5.0,0.0,1,3
74757,1,5.0,0.0,1,2
74759,1,5.0,0.0,1,2
74760,1,5.0,0.0,1,2
74761,1,5.0,0.0,1,3
74763,3,3.6666666666666665,0.5773502691896257,3,2
74765,1,4.0,0.0,1,2
74769,1,5.0,0.0,1,4
74771,1,5.0,0.0,1,3
74772,1,4.0,0.0,1,2
74777,2,4.0,1.4142135623730951,2,4
74782,1,4.0,0.0,1,2
74783,2,3.5,0.7071067811865476,1,4
74786,5,4.8,0.44721359549995787,3,5
74787,1,5.0,0.0,1,3
74792,1,5.0,0.0,1,3
74794,1,4.0,0.0,1,2
74795,4,4.75,0.5,1,2
74798,1,4.0,0.0,1,2
74799,1,3.0,0.0,1,2
74800,2,4.0,1.4142135623730951,2,4
74801,1,4.0,0.0,1,2
74803,2,5.0,0.0,2,2
74804,2,4.0,1.4142135623730951,2,2
74806,1,5.0,0.0,1,4
74809,1,5.0,0.0,1,2
74810,1,5.0,0.0,1,3
74819,1,4.0,0.0,1,2
74822,2,4.5,0.7071067811865476,1,3
74825,1,4.0,0.0,1,3
74826,3,4.0,0.0,3,3
74827,1,5.0,0.0,1,4
74828,4,3.25,0.5,1,3
74832,2,4.5,0.7071067811865476,2,3
74840,1,5.0,0.0,1,3
74842,1,4.0,0.0,1,2
74843,1,5.0,0.0,1,3
74845,1,4.0,0.0,1,4
74846,1,4.0,0.0,1,2
74852,2,3.5,0.7071067811865476,1,4
74853,1,5.0,0.0,1,3
74855,1,3.0,0.0,1,5
74856,1,4.0,0.0,1,3
74857,1,3.0,0.0,1,3
74864,2,3.5,2.1213203435596424,2,4
74865,1,5.0,0.0,1,2
74868,3,3.6666666666666665,0.5773502691896258,3,2
74870,1,3.0,0.0,1,2
74871,1,4.0,0.0,1,3
74875,2,3.5,0.7071067811865476,2,4
74878,1,5.0,0.0,1,3
74884,1,2.0,0.0,1,3
74886,1,2.0,0.0,1,3
74887,1,4.0,0.0,1,4
74888,1,4.0,0.0,1,3
74891,1,5.0,0.0,1,4
74893,1,3.0,0.0,1,2
74894,2,4.0,0.0,2,4
74896,3,4.0,1.0,3,2
74897,1,4.0,0.0,1,3
74898,1,4.0,0.0,1,1
74901,2,3.5,0.7071067811865476,1,4
74902,1,2.0,0.0,1,2
74903,1,2.0,0.0,1,4
74906,1,5.0,0.0,1,5
74908,1,5.0,0.0,1,1
74912,1,4.0,0.0,1,4
74913,1,2.0,0.0,1,2
74915,1,5.0,0.0,1,2
74919,1,3.0,0.0,1,2
74922,1,4.0,0.0,1,3
74928,1,4.0,0.0,1,2
74929,1,2.0,0.0,1,2
74930,3,5.0,0.0,3,4
74932,1,4.0,0.0,1,2
74934,1,3.0,0.0,1,4
74938,2,3.0,1.4142135623730951,2,2
74939,1,5.0,0.0,1,3
74941,1,3.0,0.0,1,2
74951,1,1.0,0.0,1,2
74952,1,3.0,0.0,1,3
74953,1,5.0,0.0,1,2
74955,1,4.0,0.0,1,3
74956,1,5.0,0.0,1,3
74958,1,5.0,0.0,1,2
74959,1,4.0,0.0,1,3
74963,2,4.5,0.7071067811865476,1,4
74964,1,4.0,0.0,1,3
74972,1,4.0,0.0,1,4
74977,1,5.0,0.0,1,2
74978,2,3.5,0.7071067811865476,2,2
74979,1,5.0,0.0,1,3
74983,1,4.0,0.0,1,3
74986,1,5.0,0.0,1,5
74990,1,5.0,0.0,1,2
74992,1,5.0,0.0,1,2
74995,1,4.0,0.0,1,4
75001,1,5.0,0.0,1,3
75009,1,5.0,0.0,1,5
75010,1,4.0,0.0,1,2
75011,1,5.0,0.0,1,2
75012,1,1.0,0.0,1,4
75014,1,4.0,0.0,1,2
75015,1,4.0,0.0,1,3
75019,1,5.0,0.0,1,2
75021,1,5.0,0.0,1,4
75022,1,4.0,0.0,1,2
75023,1,5.0,0.0,1,3
75028,3,3.0,1.0,1,5
75029,1,1.0,0.0,1,2
75031,1,3.0,0.0,1,3
75034,1,4.0,0.0,1,3
75040,1,5.0,0.0,1,4
75041,2,2.5,0.7071067811865476,2,2
75045,1,3.0,0.0,1,2
75048,1,4.0,0.0,1,2
75049,3,4.0,1.0,2,4
75051,4,4.5,0.5773502691896258,4,2
75059,1,5.0,0.0,1,2
75064,1,3.0,0.0,1,2
75065,1,4.0,0.0,1,2
75066,2,3.5,0.7071067811865476,2,3
75067,1,4.0,0.0,1,4
75069,1,5.0,0.0,1,2
75071,2,3.0,1.4142135623730951,2,3
75072,3,4.666666666666667,0.5773502691896257,3,2
75074,1,4.0,0.0,1,3
75075,1,5.0,0.0,1,2
75077,1,4.0,0.0,1,2
75079,1,5.0,0.0,1,3
75083,2,4.0,0.0,2,3
75084,3,4.666666666666667,0.5773502691896257,3,2
75085,1,3.0,0.0,1,3
75092,2,3.5,0.7071067811865476,2,4
75094,1,3.0,0.0,1,2
75096,1,5.0,0.0,1,3
75098,1,5.0,0.0,1,2
75105,3,3.6666666666666665,1.1547005383792515,3,3
75107,1,5.0,0.0,1,2
75111,1,5.0,0.0,1,3
75112,1,5.0,0.0,1,2
75114,1,4.0,0.0,1,2
75117,1,5.0,0.0,1,2
75118,1,5.0,0.0,1,3
75120,1,5.0,0.0,1,3
75125,1,4.0,0.0,1,5
75135,1,5.0,0.0,1,2
75136,1,5.0,0.0,1,3
75138,1,4.0,0.0,1,2
75139,1,4.0,0.0,1,4
75140,1,2.0,0.0,1,2
75142,1,5.0,0.0,1,3
75147,1,3.0,0.0,1,2
75150,2,4.0,1.4142135623730951,2,3
75151,1,3.0,0.0,1,2
75153,1,4.0,0.0,1,2
75156,1,5.0,0.0,1,3
75157,1,4.0,0.0,1,3
75160,1,4.0,0.0,1,2
75161,1,4.0,0.0,1,5
75164,1,5.0,0.0,1,3
75169,3,5.0,0.0,3,2
75170,6,4.666666666666667,0.5163977794943223,6,2
75173,1,3.0,0.0,1,4
75175,2,4.5,0.7071067811865476,2,2
75177,2,5.0,0.0,2,4
75178,1,4.0,0.0,1,2
75179,1,2.0,0.0,1,2
75183,1,5.0,0.0,1,2
75189,1,4.0,0.0,1,2
75195,1,5.0,0.0,1,4
75196,3,3.3333333333333335,1.5275252316519468,3,3
75197,1,4.0,0.0,1,3
75198,1,5.0,0.0,1,2
75201,2,4.5,0.7071067811865476,1,3
75202,1,4.0,0.0,1,4
75204,1,4.0,0.0,1,3
75205,1,5.0,0.0,1,2
75208,1,4.0,0.0,1,2
75209,1,4.0,0.0,1,2
75212,1,5.0,0.0,1,3
75213,2,5.0,0.0,2,2
75214,1,5.0,0.0,1,3
75216,2,3.0,1.4142135623730951,2,4
75223,1,5.0,0.0,1,2
75224,2,4.0,1.4142135623730951,1,3
75226,1,5.0,0.0,1,4
75229,2,4.0,1.4142135623730951,2,3
75231,1,5.0,0.0,1,2
75233,1,5.0,0.0,1,4
75236,1,4.0,0.0,1,4
75239,1,4.0,0.0,1,3
75240,1,5.0,0.0,1,4
75241,1,4.0,0.0,1,2
75245,1,4.0,0.0,1,3
75246,1,4.0,0.0,1,2
75247,2,4.5,0.7071067811865476,2,2
75248,2,3.0,0.0,2,3
75251,1,4.0,0.0,1,3
75259,1,4.0,0.0,1,2
75260,1,5.0,0.0,1,4
75267,1,5.0,0.0,1,2
75270,12,4.666666666666667,0.492365963917331,5,2
75271,1,5.0,0.0,1,3
75272,2,4.5,0.7071067811865476,2,3
75274,1,4.0,0.0,1,2
75276,1,4.0,0.0,1,2
75277,1,4.0,0.0,1,2
75280,1,5.0,0.0,1,2
75282,1,4.0,0.0,1,3
75283,1,4.0,0.0,1,2
75284,5,3.8,1.0954451150103324,5,2
75285,1,4.0,0.0,1,3
75291,2,3.5,0.7071067811865476,2,3
75293,2,5.0,0.0,2,2
75294,1,5.0,0.0,1,3
75300,2,3.0,1.4142135623730951,2,2
75301,1,5.0,0.0,1,2
75304,1,5.0,0.0,1,3
75306,1,5.0,0.0,1,3
75307,1,4.0,0.0,1,2
75308,1,5.0,0.0,1,2
75309,2,3.5,0.7071067811865476,2,3
75311,1,5.0,0.0,1,2
75312,1,4.0,0.0,1,3
75315,1,3.0,0.0,1,4
75316,1,3.0,0.0,1,2
75321,4,5.0,0.0,3,3
75323,1,5.0,0.0,1,2
75326,1,5.0,0.0,1,2
75328,1,5.0,0.0,1,2
75332,1,5.0,0.0,1,2
75338,1,5.0,0.0,1,3
75343,2,3.5,0.7071067811865476,2,4
75346,1,4.0,0.0,1,5
75347,1,3.0,0.0,1,2
75350,2,5.0,0.0,2,5
75352,1,5.0,0.0,1,2
75357,1,5.0,0.0,1,3
75358,1,5.0,0.0,1,3
75361,1,3.0,0.0,1,2
75362,1,5.0,0.0,1,3
75367,2,5.0,0.0,2,3
75368,1,5.0,0.0,1,3
75371,1,5.0,0.0,1,3
75381,3,4.333333333333333,0.5773502691896258,3,2
75383,1,5.0,0.0,1,2
75386,1,3.0,0.0,1,3
75388,1,5.0,0.0,1,3
75390,1,4.0,0.0,1,2
75394,1,4.0,0.0,1,3
75395,1,5.0,0.0,1,4
75396,1,5.0,0.0,1,3
75398,1,5.0,0.0,1,2
75402,1,5.0,0.0,1,3
75403,1,5.0,0.0,1,2
75406,1,4.0,0.0,1,5
75408,1,3.0,0.0,1,3
75409,2,3.0,0.0,2,3
75410,1,3.0,0.0,1,4
75411,1,5.0,0.0,1,2
75412,2,4.5,0.7071067811865476,2,3
75414,1,5.0,0.0,1,4
75417,1,5.0,0.0,1,2
75420,2,5.0,0.0,2,2
75421,1,5.0,0.0,1,3
75424,1,4.0,0.0,1,2
75426,1,4.0,0.0,1,4
75429,1,4.0,0.0,1,3
75431,2,4.0,0.0,2,3
75436,1,5.0,0.0,1,2
75438,1,2.0,0.0,1,4
75440,1,5.0,0.0,1,3
75443,1,3.0,0.0,1,2
75446,2,3.5,0.7071067811865476,2,2
75448,2,5.0,0.0,2,5
75449,2,4.5,0.7071067811865476,2,3
75450,1,5.0,0.0,1,4
75457,1,5.0,0.0,1,3
75458,1,3.0,0.0,1,2
75461,1,3.0,0.0,1,3
75463,1,5.0,0.0,1,3
75464,2,3.0,1.4142135623730951,2,2
75467,2,4.5,0.7071067811865476,2,2
75471,1,4.0,0.0,1,2
75473,1,5.0,0.0,1,5
75474,1,4.0,0.0,1,2
75478,3,4.0,1.0,1,3
75481,1,5.0,0.0,1,2
75483,2,3.0,0.0,1,2
75488,1,5.0,0.0,1,2
75489,1,4.0,0.0,1,3
75490,1,4.0,0.0,1,3
75492,1,1.0,0.0,1,3
75493,4,4.0,0.8164965809277259,2,3
75499,1,4.0,0.0,1,3
75502,1,5.0,0.0,1,2
75506,1,4.0,0.0,1,3
75511,1,3.0,0.0,1,2
75512,1,4.0,0.0,1,4
75513,1,3.0,0.0,1,5
75515,1,4.0,0.0,1,2
75516,1,4.0,0.0,1,2
75528,1,5.0,0.0,1,4
75532,2,5.0,0.0,2,2
75533,1,3.0,0.0,1,3
75536,1,2.0,0.0,1,2
75537,2,5.0,0.0,2,4
75539,3,3.6666666666666665,1.5275252316519465,3,4
75540,2,5.0,0.0,2,5
75541,1,5.0,0.0,1,2
75542,1,3.0,0.0,1,2
75544,1,4.0,0.0,1,3
75546,1,5.0,0.0,1,4
75547,1,5.0,0.0,1,2
75551,1,4.0,0.0,1,3
75552,1,3.0,0.0,1,3
75553,1,5.0,0.0,1,3
75556,1,4.0,0.0,1,3
75558,2,4.5,0.7071067811865476,1,3
75561,1,5.0,0.0,1,2
75562,1,5.0,0.0,1,2
75563,1,5.0,0.0,1,1
75570,1,4.0,0.0,1,2
75579,1,5.0,0.0,1,2
75583,1,5.0,0.0,1,3
75586,1,4.0,0.0,1,2
75587,1,5.0,0.0,1,4
75588,1,5.0,0.0,1,3
75589,1,3.0,0.0,1,2
75591,1,4.0,0.0,1,2
75598,2,4.0,1.4142135623730951,2,3
75599,1,4.0,0.0,1,3
75602,1,4.0,0.0,1,5
75612,1,3.0,0.0,1,2
75613,1,5.0,0.0,1,4
75614,1,4.0,0.0,1,2
75618,3,4.0,1.0,3,2
75619,1,3.0,0.0,1,3
75621,1,4.0,0.0,1,4
75622,1,5.0,0.0,1,3
75627,1,4.0,0.0,1,3
75628,1,5.0,0.0,1,3
75630,3,4.0,1.0,3,5
75634,1,5.0,0.0,1,3
75637,3,5.0,0.0,3,4
75646,1,3.0,0.0,1,3
75647,1,5.0,0.0,1,5
75648,1,4.0,0.0,1,5
75653,1,5.0,0.0,1,4
75654,1,4.0,0.0,1,3
75656,1,4.0,0.0,1,5
75657,2,3.0,0.0,1,2
75659,1,5.0,0.0,1,3
75660,2,3.5,2.1213203435596424,2,3
75661,1,5.0,0.0,1,5
75663,2,4.0,1.4142135623730951,1,4
75664,1,5.0,0.0,1,5
75668,1,5.0,0.0,1,5
75671,1,2.0,0.0,1,4
75672,1,3.0,0.0,1,2
75673,1,4.0,0.0,1,2
75675,5,3.8,0.4472135954999579,5,4
75676,1,5.0,0.0,1,2
75682,2,3.5,2.1213203435596424,2,4
75683,1,5.0,0.0,1,3
75686,4,4.25,0.9574271077563381,3,2
75688,4,4.5,0.5773502691896257,3,4
75694,1,5.0,0.0,1,3
75699,1,2.0,0.0,1,2
75705,1,5.0,0.0,1,2
75706,1,3.0,0.0,1,2
75708,4,3.75,1.8929694486000912,4,2
75710,5,3.2,1.3038404810405297,4,2
75712,2,3.0,1.4142135623730951,2,3
75713,1,4.0,0.0,1,2
75715,1,5.0,0.0,1,2
75716,3,5.0,0.0,3,2
75717,1,3.0,0.0,1,3
75719,1,4.0,0.0,1,2
75720,1,4.0,0.0,1,2
75722,2,4.0,0.0,2,4
75726,1,4.0,0.0,1,3
75727,2,4.5,0.7071067811865476,2,4
75728,1,5.0,0.0,1,2
75732,3,3.6666666666666665,1.5275252316519465,2,3
75733,1,5.0,0.0,1,5
75737,1,4.0,0.0,1,5
75745,1,3.0,0.0,1,2
75746,2,4.5,0.7071067811865476,2,2
75747,1,5.0,0.0,1,2
75748,1,5.0,0.0,1,3
75751,2,4.5,0.7071067811865476,2,2
75754,1,5.0,0.0,1,2
75757,1,4.0,0.0,1,2
75758,1,2.0,0.0,1,2
75764,1,5.0,0.0,1,2
75765,1,5.0,0.0,1,2
75768,1,3.0,0.0,1,2
75773,1,1.0,0.0,1,3
75775,1,5.0,0.0,1,2
75779,1,4.0,0.0,1,2
75781,1,4.0,0.0,1,2
75783,1,5.0,0.0,1,3
75784,1,5.0,0.0,1,4
75785,1,3.0,0.0,1,3
75787,1,5.0,0.0,1,3
75793,1,4.0,0.0,1,2
75794,1,5.0,0.0,1,2
75799,2,3.5,2.1213203435596424,1,2
75800,2,4.0,0.0,2,4
75804,4,4.5,0.5773502691896257,1,4
75806,1,3.0,0.0,1,4
75808,1,5.0,0.0,1,3
75809,6,4.333333333333333,0.5163977794943224,6,3
75813,1,3.0,0.0,1,4
75815,1,4.0,0.0,1,2
75818,1,3.0,0.0,1,4
75820,1,1.0,0.0,1,2
75821,1,3.0,0.0,1,4
75823,1,5.0,0.0,1,3
75824,2,5.0,0.0,2,3
75828,1,4.0,0.0,1,2
75829,1,3.0,0.0,1,2
75830,1,4.0,0.0,1,2
75841,1,5.0,0.0,1,4
75842,1,5.0,0.0,1,3
75845,1,5.0,0.0,1,3
75850,1,4.0,0.0,1,1
75852,1,5.0,0.0,1,3
75854,1,4.0,0.0,1,2
75857,1,4.0,0.0,1,3
75859,1,4.0,0.0,1,4
75860,1,4.0,0.0,1,2
75861,1,1.0,0.0,1,3
75866,2,3.5,2.1213203435596424,2,3
75871,1,2.0,0.0,1,2
75874,2,3.5,0.7071067811865476,1,2
75883,1,5.0,0.0,1,4
75886,1,4.0,0.0,1,3
75889,1,5.0,0.0,1,2
75890,3,4.666666666666667,0.5773502691896257,3,5
75892,1,5.0,0.0,1,2
75893,1,5.0,0.0,1,2
75896,1,5.0,0.0,1,3
75897,1,4.0,0.0,1,3
75898,2,4.5,0.7071067811865476,2,2
75904,2,4.5,0.7071067811865476,2,3
75905,1,5.0,0.0,1,3
75909,3,3.6666666666666665,1.5275252316519468,3,2
75910,1,5.0,0.0,1,2
75911,1,5.0,0.0,1,2
75913,1,5.0,0.0,1,4
75914,1,4.0,0.0,1,4
75916,2,5.0,0.0,1,1
75922,1,5.0,0.0,1,2
75923,1,3.0,0.0,1,3
75926,1,4.0,0.0,1,4
75927,2,2.5,2.1213203435596424,2,2
75933,1,3.0,0.0,1,2
75934,2,4.5,0.7071067811865476,2,2
75935,1,5.0,0.0,1,3
75936,1,2.0,0.0,1,5
75941,1,3.0,0.0,1,2
75942,1,5.0,0.0,1,2
75944,1,5.0,0.0,1,3
75950,1,5.0,0.0,1,4
75953,1,5.0,0.0,1,5
75965,1,4.0,0.0,1,4
75969,1,5.0,0.0,1,2
75971,1,5.0,0.0,1,2
75972,1,5.0,0.0,1,2
75973,1,5.0,0.0,1,2
75974,1,4.0,0.0,1,3
75976,1,5.0,0.0,1,3
75981,1,5.0,0.0,1,2
75984,1,4.0,0.0,1,4
75985,3,4.666666666666667,0.5773502691896258,3,2
75986,3,4.0,1.0,2,2
75987,2,5.0,0.0,2,4
75989,1,5.0,0.0,1,2
75993,1,3.0,0.0,1,4
75998,1,4.0,0.0,1,3
75999,1,5.0,0.0,1,2
76000,1,3.0,0.0,1,4
76006,1,4.0,0.0,1,2
76008,1,3.0,0.0,1,2
76009,1,5.0,0.0,1,3
76012,2,5.0,0.0,2,2
76015,1,5.0,0.0,1,4
76016,1,3.0,0.0,1,2
76017,1,1.0,0.0,1,2
76023,2,3.5,0.7071067811865476,2,4
76025,1,5.0,0.0,1,2
76026,1,5.0,0.0,1,2
76027,2,2.0,0.0,1,2
76029,1,1.0,0.0,1,3
76034,1,3.0,0.0,1,3
76037,1,4.0,0.0,1,2
76038,1,5.0,0.0,1,2
76039,1,5.0,0.0,1,3
76041,1,2.0,0.0,1,4
76045,1,4.0,0.0,1,3
76046,1,4.0,0.0,1,2
76047,1,5.0,0.0,1,5
76049,1,4.0,0.0,1,4
76052,1,5.0,0.0,1,2
76053,1,4.0,0.0,1,3
76054,1,3.0,0.0,1,5
76059,2,3.0,1.4142135623730951,2,2
76063,1,5.0,0.0,1,3
76064,2,3.0,0.0,1,3
76065,1,5.0,0.0,1,2
76067,2,4.5,0.7071067811865476,2,5
76070,2,3.0,0.0,2,3
76072,1,5.0,0.0,1,2
76075,4,3.5,1.2909944487358056,2,2
76077,1,4.0,0.0,1,2
76078,2,3.0,1.4142135623730951,2,5
76079,1,4.0,0.0,1,2
76080,2,4.0,0.0,1,3
76081,1,5.0,0.0,1,2
76083,1,4.0,0.0,1,3
76084,1,4.0,0.0,1,5
76086,1,4.0,0.0,1,4
76088,2,4.0,0.0,2,1
76090,1,5.0,0.0,1,3
76095,4,2.75,0.49999999999999994,3,2
76096,1,5.0,0.0,1,3
76097,1,3.0,0.0,1,5
76098,1,5.0,0.0,1,3
76099,1,4.0,0.0,1,4
76100,2,4.0,0.0,1,2
76101,1,4.0,0.0,1,3
76102,1,5.0,0.0,1,2
76105,1,5.0,0.0,1,2
76106,3,4.666666666666667,0.5773502691896258,3,3
76108,2,5.0,0.0,2,2
76111,1,5.0,0.0,1,3
76112,3,2.6666666666666665,1.5275252316519465,3,3
76113,4,4.5,0.5773502691896258,4,4
76114,1,1.0,0.0,1,2
76117,1,5.0,0.0,1,4
76118,2,3.0,0.0,2,3
76120,1,4.0,0.0,1,3
76122,1,1.0,0.0,1,2
76126,1,3.0,0.0,1,3
76127,1,4.0,0.0,1,2
76129,1,2.0,0.0,1,3
76132,4,5.0,0.0,3,2
76133,1,3.0,0.0,1,2
76137,1,5.0,0.0,1,5
76138,1,5.0,0.0,1,2
76141,2,4.0,1.4142135623730951,2,2
76142,1,4.0,0.0,1,2
76144,1,4.0,0.0,1,5
76149,1,4.0,0.0,1,3
76151,2,3.5,0.7071067811865476,2,2
76152,1,4.0,0.0,1,2
76156,1,3.0,0.0,1,3
76159,1,4.0,0.0,1,4
76164,1,5.0,0.0,1,3
76165,1,5.0,0.0,1,2
76168,1,3.0,0.0,1,5
76169,2,3.5,0.7071067811865476,2,3
76171,2,4.5,0.7071067811865476,2,5
76174,1,4.0,0.0,1,3
76175,1,5.0,0.0,1,2
76179,1,4.0,0.0,1,4
76180,3,4.666666666666667,0.5773502691896258,2,2
76184,1,5.0,0.0,1,4
76185,1,5.0,0.0,1,4
76188,1,4.0,0.0,1,4
76190,1,3.0,0.0,1,2
76192,1,3.0,0.0,1,2
76197,1,5.0,0.0,1,2
76204,1,3.0,0.0,1,2
76208,1,5.0,0.0,1,2
76214,1,2.0,0.0,1,2
76216,1,4.0,0.0,1,4
76217,3,3.6666666666666665,1.5275252316519468,3,2
76219,1,3.0,0.0,1,3
76223,1,4.0,0.0,1,4
76224,4,3.75,1.8929694486000912,4,3
76227,1,5.0,0.0,1,2
76232,1,3.0,0.0,1,3
76240,1,4.0,0.0,1,3
76243,4,4.75,0.5,4,2
76244,1,5.0,0.0,1,2
76246,1,4.0,0.0,1,5
76247,1,5.0,0.0,1,4
76249,1,3.0,0.0,1,2
76251,1,4.0,0.0,1,2
76252,1,3.0,0.0,1,2
76253,2,5.0,0.0,1,2
76255,1,5.0,0.0,1,2
76256,1,2.0,0.0,1,5
76257,1,5.0,0.0,1,3
76261,2,3.0,2.8284271247461903,1,3
76263,1,5.0,0.0,1,2
76265,1,5.0,0.0,1,2
76270,1,5.0,0.0,1,3
76275,1,4.0,0.0,1,3
76276,1,2.0,0.0,1,3
76277,1,4.0,0.0,1,2
76279,2,5.0,0.0,2,2
76281,2,5.0,0.0,2,2
76283,1,5.0,0.0,1,2
76288,1,4.0,0.0,1,3
76289,1,4.0,0.0,1,3
76290,1,5.0,0.0,1,2
76292,1,4.0,0.0,1,2
76293,1,5.0,0.0,1,3
76297,1,5.0,0.0,1,3
76298,1,5.0,0.0,1,2
76299,1,4.0,0.0,1,3
76300,1,5.0,0.0,1,2
76302,1,5.0,0.0,1,2
76306,1,3.0,0.0,1,2
76307,1,5.0,0.0,1,5
76309,1,5.0,0.0,1,3
76312,1,3.0,0.0,1,2
76318,1,4.0,0.0,1,2
76319,1,3.0,0.0,1,2
76320,1,3.0,0.0,1,5
76322,3,4.666666666666667,0.5773502691896257,3,4
76323,1,5.0,0.0,1,4
76326,1,5.0,0.0,1,3
76327,1,4.0,0.0,1,2
76328,1,5.0,0.0,1,2
76329,1,5.0,0.0,1,3
76331,1,5.0,0.0,1,2
76332,1,4.0,0.0,1,2
76341,1,5.0,0.0,1,4
76346,1,4.0,0.0,1,2
76348,1,3.0,0.0,1,2
76350,1,5.0,0.0,1,2
76352,1,4.0,0.0,1,2
76354,1,5.0,0.0,1,3
76356,1,5.0,0.0,1,3
76358,1,4.0,0.0,1,3
76359,1,5.0,0.0,1,3
76363,1,4.0,0.0,1,4
76365,1,5.0,0.0,1,3
76366,1,4.0,0.0,1,4
76370,1,5.0,0.0,1,4
76373,1,5.0,0.0,1,4
76375,1,4.0,0.0,1,3
76377,1,3.0,0.0,1,2
76378,1,4.0,0.0,1,2
76380,1,2.0,0.0,1,2
76382,1,5.0,0.0,1,4
76383,1,3.0,0.0,1,2
76384,1,5.0,0.0,1,3
76385,1,5.0,0.0,1,2
76389,3,3.0,1.0,3,4
76390,1,5.0,0.0,1,2
76393,2,4.5,0.7071067811865476,2,3
76394,1,5.0,0.0,1,4
76399,1,5.0,0.0,1,2
76402,1,3.0,0.0,1,3
76403,2,4.5,0.7071067811865476,2,4
76404,1,3.0,0.0,1,2
76407,3,3.6666666666666665,1.5275252316519468,1,3
76408,1,4.0,0.0,1,3
76410,1,4.0,0.0,1,2
76411,2,5.0,0.0,2,2
76412,2,4.0,1.4142135623730951,2,2
76415,1,5.0,0.0,1,2
76417,1,2.0,0.0,1,2
76418,1,3.0,0.0,1,2
76419,1,3.0,0.0,1,3
76431,1,1.0,0.0,1,5
76433,1,5.0,0.0,1,3
76438,2,3.0,1.4142135623730951,2,2
76442,1,2.0,0.0,1,2
76444,2,3.5,0.7071067811865476,2,3
76449,1,4.0,0.0,1,5
76450,3,4.666666666666667,0.5773502691896257,2,3
76451,1,3.0,0.0,1,3
76455,1,5.0,0.0,1,2
76456,1,5.0,0.0,1,4
76457,1,1.0,0.0,1,4
76460,1,5.0,0.0,1,5
76462,1,4.0,0.0,1,2
76465,1,5.0,0.0,1,2
76467,2,4.5,0.7071067811865476,2,2
76471,1,5.0,0.0,1,2
76472,1,4.0,0.0,1,2
76473,1,3.0,0.0,1,2
76477,2,4.5,0.7071067811865476,2,1
76478,1,3.0,0.0,1,3
76481,1,5.0,0.0,1,2
76482,3,4.666666666666667,0.5773502691896257,2,3
76487,2,5.0,0.0,2,2
76491,1,4.0,0.0,1,2
76492,2,4.0,0.0,1,2
76498,1,4.0,0.0,1,2
76499,1,4.0,0.0,1,2
76500,1,4.0,0.0,1,4
76501,1,4.0,0.0,1,5
76502,1,3.0,0.0,1,2
76505,1,5.0,0.0,1,4
76508,1,4.0,0.0,1,2
76510,1,5.0,0.0,1,2
76511,1,3.0,0.0,1,5
76527,2,4.5,0.7071067811865476,1,5
76529,1,5.0,0.0,1,2
76532,1,3.0,0.0,1,2
76533,1,5.0,0.0,1,5
76534,2,3.0,0.0,2,2
76535,1,4.0,0.0,1,3
76538,1,4.0,0.0,1,3
76539,1,5.0,0.0,1,2
76543,1,4.0,0.0,1,4
76546,1,4.0,0.0,1,2
76547,1,1.0,0.0,1,2
76548,1,5.0,0.0,1,4
76549,1,4.0,0.0,1,2
76550,1,4.0,0.0,1,2
76557,1,4.0,0.0,1,2
76564,2,4.5,0.7071067811865476,1,3
76565,1,4.0,0.0,1,3
76574,2,4.0,0.0,2,2
76577,2,5.0,0.0,2,2
76583,1,5.0,0.0,1,3
76585,2,4.0,0.0,2,4
76586,1,5.0,0.0,1,5
76588,2,3.5,0.7071067811865476,2,4
76589,1,4.0,0.0,1,2
76593,2,4.0,1.4142135623730951,2,2
76597,1,3.0,0.0,1,2
76598,1,5.0,0.0,1,2
76601,1,4.0,0.0,1,3
76602,1,5.0,0.0,1,2
76603,1,3.0,0.0,1,2
76605,1,5.0,0.0,1,4
76607,4,4.0,0.816496580927726,1,2
76608,1,4.0,0.0,1,5
76611,1,5.0,0.0,1,4
76617,1,2.0,0.0,1,3
76618,1,3.0,0.0,1,3
76626,1,4.0,0.0,1,2
76627,1,4.0,0.0,1,4
76629,1,4.0,0.0,1,4
76630,2,3.5,0.7071067811865476,2,3
76634,1,4.0,0.0,1,5
76646,3,3.6666666666666665,0.5773502691896258,3,2
76647,1,1.0,0.0,1,3
76650,1,4.0,0.0,1,2
76657,1,5.0,0.0,1,5
76658,1,5.0,0.0,1,2
76660,1,5.0,0.0,1,2
76662,3,4.0,1.0,1,5
76665,1,3.0,0.0,1,5
76666,1,4.0,0.0,1,2
76672,1,4.0,0.0,1,2
76673,2,5.0,0.0,2,2
76675,2,4.0,1.4142135623730951,2,4
76686,2,4.0,1.4142135623730951,2,2
76688,3,4.333333333333333,1.1547005383792515,3,2
76691,3,4.0,0.0,2,2
76695,1,3.0,0.0,1,2
76696,1,5.0,0.0,1,2
76697,1,3.0,0.0,1,2
76699,1,4.0,0.0,1,3
76700,1,3.0,0.0,1,3
76701,2,4.5,0.7071067811865476,2,2
76705,1,3.0,0.0,1,2
76706,1,4.0,0.0,1,2
76708,1,5.0,0.0,1,3
76710,1,4.0,0.0,1,2
76711,1,5.0,0.0,1,2
76715,5,3.6,0.5477225575051661,3,2
76723,1,5.0,0.0,1,3
76725,5,4.2,0.4472135954999579,5,2
76729,1,5.0,0.0,1,2
76732,2,3.5,0.7071067811865476,2,3
76734,1,3.0,0.0,1,2
76736,2,3.5,0.7071067811865476,2,3
76737,2,4.0,0.0,2,2
76739,1,4.0,0.0,1,3
76744,2,5.0,0.0,2,2
76746,1,2.0,0.0,1,4
76749,1,3.0,0.0,1,2
76750,1,4.0,0.0,1,5
76751,3,4.333333333333333,1.1547005383792517,2,2
76752,1,5.0,0.0,1,2
76754,1,5.0,0.0,1,3
76762,2,4.5,0.7071067811865476,2,5
76765,1,5.0,0.0,1,4
76766,1,1.0,0.0,1,2
76770,1,4.0,0.0,1,2
76771,1,5.0,0.0,1,2
76772,2,4.0,0.0,2,4
76773,1,5.0,0.0,1,3
76775,1,4.0,0.0,1,3
76777,1,3.0,0.0,1,3
76779,1,5.0,0.0,1,4
76783,1,4.0,0.0,1,2
76784,1,5.0,0.0,1,4
76788,3,4.0,1.0,3,2
76789,1,2.0,0.0,1,3
76791,1,4.0,0.0,1,2
76794,1,5.0,0.0,1,3
76795,2,3.5,0.7071067811865476,2,2
76796,1,5.0,0.0,1,2
76797,1,4.0,0.0,1,2
76800,1,5.0,0.0,1,3
76801,1,4.0,0.0,1,3
76803,4,4.5,0.5773502691896257,3,3
76804,1,4.0,0.0,1,2
76806,1,5.0,0.0,1,3
76809,1,5.0,0.0,1,3
76810,1,5.0,0.0,1,2
76812,1,2.0,0.0,1,2
76814,1,5.0,0.0,1,2
76815,1,4.0,0.0,1,4
76817,1,4.0,0.0,1,2
76819,8,4.375,0.5175491695067655,6,2
76824,1,4.0,0.0,1,4
76826,1,1.0,0.0,1,2
76827,1,4.0,0.0,1,3
76828,1,4.0,0.0,1,2
76831,3,5.0,0.0,2,4
76832,3,4.333333333333333,0.5773502691896257,3,2
76833,2,5.0,0.0,2,4
76839,3,4.333333333333333,0.5773502691896258,3,2
76840,1,5.0,0.0,1,2
76841,2,3.5,0.7071067811865476,2,3
76842,1,4.0,0.0,1,3
76843,1,4.0,0.0,1,4
76844,3,3.6666666666666665,1.5275252316519468,3,3
76847,1,4.0,0.0,1,2
76848,3,4.333333333333333,0.5773502691896258,3,2
76849,1,5.0,0.0,1,2
76850,1,3.0,0.0,1,2
76853,1,5.0,0.0,1,2
76857,1,5.0,0.0,1,2
76859,3,4.666666666666667,0.5773502691896258,3,2
76861,3,3.0,1.0,3,2
76862,2,3.0,1.4142135623730951,2,2
76869,1,3.0,0.0,1,2
76870,1,4.0,0.0,1,2
76872,3,5.0,0.0,3,3
76875,2,3.5,0.7071067811865476,2,2
76880,5,4.6,0.5477225575051661,4,2
76883,1,4.0,0.0,1,5
76885,1,4.0,0.0,1,2
76888,2,3.5,0.7071067811865476,1,3
76890,7,4.714285714285714,0.48795003647426666,5,4
76897,1,1.0,0.0,1,2
76900,1,4.0,0.0,1,2
76901,1,5.0,0.0,1,2
76902,1,4.0,0.0,1,3
76904,1,5.0,0.0,1,2
76905,6,4.5,0.5477225575051661,4,3
76907,1,4.0,0.0,1,2
76909,3,5.0,0.0,3,2
76910,2,4.0,1.4142135623730951,2,3
76911,1,4.0,0.0,1,3
76914,1,4.0,0.0,1,4
76915,1,5.0,0.0,1,3
76919,1,4.0,0.0,1,2
76921,1,5.0,0.0,1,2
76922,1,4.0,0.0,1,4
76925,1,3.0,0.0,1,2
76926,2,4.0,0.0,2,2
76936,1,4.0,0.0,1,1
76940,2,4.0,1.4142135623730951,2,2
76941,1,5.0,0.0,1,4
76942,1,5.0,0.0,1,5
76945,3,4.333333333333333,0.5773502691896258,2,3
76946,3,4.0,1.0,3,4
76947,2,2.5,0.7071067811865476,2,2
76953,1,3.0,0.0,1,2
76954,1,3.0,0.0,1,2
76955,3,3.0,1.0,3,2
76956,1,2.0,0.0,1,3
76958,2,3.0,0.0,1,2
76961,1,5.0,0.0,1,2
76963,4,3.0,1.4142135623730951,4,3
76965,7,4.142857142857143,0.8997354108424376,6,2
76968,3,4.333333333333333,0.5773502691896257,2,4
76970,1,2.0,0.0,1,2
76975,2,3.0,1.4142135623730951,1,4
76977,1,4.0,0.0,1,2
76978,1,4.0,0.0,1,2
76979,1,3.0,0.0,1,4
76980,1,3.0,0.0,1,3
76982,2,3.0,2.8284271247461903,2,2
76984,1,4.0,0.0,1,2
76985,1,4.0,0.0,1,2
76987,1,5.0,0.0,1,3
76988,1,3.0,0.0,1,5
76989,1,5.0,0.0,1,2
76994,1,5.0,0.0,1,3
76995,1,4.0,0.0,1,2
76998,1,4.0,0.0,1,2
76999,1,5.0,0.0,1,2
77001,3,5.0,0.0,3,3
77004,2,4.5,0.7071067811865476,2,2
77006,1,4.0,0.0,1,3
77009,3,4.0,0.0,3,2
77012,2,5.0,0.0,2,1
77024,1,4.0,0.0,1,3
77025,1,5.0,0.0,1,4
77026,1,5.0,0.0,1,3
77031,2,4.5,0.7071067811865476,2,3
77032,1,5.0,0.0,1,4
77043,1,3.0,0.0,1,2
77044,2,4.5,0.7071067811865476,2,2
77045,1,4.0,0.0,1,2
77048,1,4.0,0.0,1,2
77049,1,5.0,0.0,1,2
77051,2,4.5,0.7071067811865476,2,3
77052,1,4.0,0.0,1,3
77057,2,4.5,0.7071067811865476,2,2
77058,1,4.0,0.0,1,2
77059,1,4.0,0.0,1,2
77060,1,5.0,0.0,1,2
77061,1,3.0,0.0,1,5
77071,2,4.0,0.0,2,2
77074,1,3.0,0.0,1,5
77075,3,4.333333333333333,1.1547005383792515,3,2
77078,1,5.0,0.0,1,2
77080,1,5.0,0.0,1,2
77084,3,4.666666666666667,0.5773502691896258,3,3
77088,1,2.0,0.0,1,3
77093,1,5.0,0.0,1,3
77094,1,4.0,0.0,1,2
77095,1,4.0,0.0,1,4
77096,2,4.0,1.4142135623730951,2,2
77097,1,3.0,0.0,1,2
77099,2,4.5,0.7071067811865476,2,3
77102,2,3.5,2.1213203435596424,2,3
77103,1,5.0,0.0,1,2
77104,1,3.0,0.0,1,2
77105,2,4.5,0.7071067811865476,2,3
77112,1,5.0,0.0,1,3
77116,10,4.0,1.247219128924647,4,4
77118,1,2.0,0.0,1,2
77121,1,4.0,0.0,1,3
77122,4,4.75,0.4999999999999999,4,2
77124,1,5.0,0.0,1,3
77125,1,5.0,0.0,1,2
77128,1,5.0,0.0,1,2
77129,1,5.0,0.0,1,2
77131,1,3.0,0.0,1,4
77135,1,5.0,0.0,1,2
77137,1,5.0,0.0,1,3
77138,1,4.0,0.0,1,2
77143,1,4.0,0.0,1,2
77145,3,4.333333333333333,0.5773502691896257,3,1
77147,1,5.0,0.0,1,2
77150,1,4.0,0.0,1,5
77151,1,4.0,0.0,1,2
77159,1,5.0,0.0,1,2
77160,1,4.0,0.0,1,2
77161,1,4.0,0.0,1,4
77165,1,5.0,0.0,1,2
77166,3,5.0,0.0,3,3
77167,2,4.0,0.0,2,2
77168,2,4.5,0.7071067811865476,2,3
77169,1,4.0,0.0,1,3
77172,3,4.666666666666667,0.5773502691896257,2,2
77173,1,5.0,0.0,1,2
77175,2,4.0,0.0,2,2
77181,2,4.0,0.0,2,3
77183,1,4.0,0.0,1,3
77186,1,3.0,0.0,1,3
77190,1,5.0,0.0,1,2
77191,1,5.0,0.0,1,3
77194,1,4.0,0.0,1,1
77197,1,4.0,0.0,1,1
77199,1,4.0,0.0,1,4
77202,1,4.0,0.0,1,1
77207,2,4.5,0.7071067811865476,2,2
77208,2,5.0,0.0,2,2
77210,2,4.0,0.0,2,3
77211,3,4.333333333333333,0.5773502691896257,1,2
77213,1,5.0,0.0,1,2
77215,2,5.0,0.0,2,4
77216,2,4.0,0.0,2,2
77217,1,3.0,0.0,1,4
77218,2,5.0,0.0,2,2
77222,2,5.0,0.0,2,3
77223,1,4.0,0.0,1,3
77224,1,4.0,0.0,1,2
77226,1,5.0,0.0,1,5
77228,1,3.0,0.0,1,2
77231,1,5.0,0.0,1,4
77232,1,4.0,0.0,1,2
77234,2,4.0,1.4142135623730951,2,3
77236,1,5.0,0.0,1,3
77237,1,4.0,0.0,1,4
77239,1,5.0,0.0,1,4
77241,1,3.0,0.0,1,4
77243,2,4.0,0.0,2,2
77245,1,4.0,0.0,1,3
77246,1,5.0,0.0,1,4
77247,3,5.0,0.0,3,2
77248,1,4.0,0.0,1,4
77254,1,4.0,0.0,1,3
77255,2,4.0,0.0,2,3
77256,2,4.0,1.4142135623730951,2,2
77257,2,4.5,0.7071067811865476,2,2
77261,1,4.0,0.0,1,4
77262,2,3.5,0.7071067811865476,1,2
77264,1,4.0,0.0,1,2
77265,2,4.0,0.0,2,5
77267,1,4.0,0.0,1,2
77269,2,3.5,0.7071067811865476,2,2
77271,1,5.0,0.0,1,3
77276,1,3.0,0.0,1,2
77277,2,4.0,0.0,2,2
77278,1,5.0,0.0,1,4
77284,1,5.0,0.0,1,4
77285,1,5.0,0.0,1,4
77286,1,5.0,0.0,1,4
77293,1,4.0,0.0,1,2
77295,1,5.0,0.0,1,2
77296,1,4.0,0.0,1,3
77297,3,5.0,0.0,3,3
77299,1,5.0,0.0,1,2
77300,1,4.0,0.0,1,3
77302,4,4.5,0.5773502691896257,3,3
77303,1,5.0,0.0,1,3
77306,2,4.5,0.7071067811865476,1,4
77307,1,3.0,0.0,1,3
77311,1,5.0,0.0,1,3
77315,1,4.0,0.0,1,5
77316,1,4.0,0.0,1,4
77317,1,3.0,0.0,1,2
77320,1,5.0,0.0,1,2
77326,1,5.0,0.0,1,3
77327,1,5.0,0.0,1,2
77328,3,4.333333333333333,1.1547005383792515,3,5
77333,1,5.0,0.0,1,2
77340,1,4.0,0.0,1,3
77341,4,3.5,0.5773502691896257,3,4
77342,1,5.0,0.0,1,5
77347,1,5.0,0.0,1,3
77348,1,4.0,0.0,1,3
77350,2,4.5,0.7071067811865476,2,2
77351,2,5.0,0.0,2,2
77352,3,4.0,1.0,3,2
77353,1,5.0,0.0,1,3
77354,1,5.0,0.0,1,4
77357,1,5.0,0.0,1,2
77358,1,4.0,0.0,1,2
77359,2,4.5,0.7071067811865476,2,2
77360,1,1.0,0.0,1,3
77367,2,4.0,0.0,2,3
77369,3,5.0,0.0,3,1
77370,1,5.0,0.0,1,4
77371,1,4.0,0.0,1,4
77376,1,4.0,0.0,1,3
77377,1,5.0,0.0,1,4
77378,2,5.0,0.0,2,1
77381,1,3.0,0.0,1,3
77383,3,3.6666666666666665,1.5275252316519465,3,3
77385,1,5.0,0.0,1,2
77386,1,5.0,0.0,1,4
77389,8,4.25,1.0350983390135313,6,4
77390,1,4.0,0.0,1,3
77391,1,5.0,0.0,1,2
77393,1,5.0,0.0,1,2
77394,1,1.0,0.0,1,3
77396,1,3.0,0.0,1,5
77399,1,4.0,0.0,1,2
77400,1,4.0,0.0,1,4
77401,1,4.0,0.0,1,3
77402,1,5.0,0.0,1,3
77403,1,4.0,0.0,1,3
77404,1,4.0,0.0,1,5
77405,1,5.0,0.0,1,2
77410,1,5.0,0.0,1,4
77411,1,5.0,0.0,1,4
77413,1,5.0,0.0,1,2
77416,1,5.0,0.0,1,2
77419,1,5.0,0.0,1,3
77420,1,5.0,0.0,1,3
77421,1,2.0,0.0,1,2
77422,1,4.0,0.0,1,2
77423,1,5.0,0.0,1,2
77426,2,4.0,1.4142135623730951,1,4
77428,1,5.0,0.0,1,1
77431,1,5.0,0.0,1,3
77433,1,4.0,0.0,1,4
77440,2,5.0,0.0,2,2
77446,1,4.0,0.0,1,4
77450,2,4.0,1.4142135623730951,2,2
77452,1,3.0,0.0,1,3
77458,2,5.0,0.0,2,2
77459,1,2.0,0.0,1,3
77469,1,5.0,0.0,1,2
77471,2,4.5,0.7071067811865476,2,3
77477,3,3.6666666666666665,1.1547005383792515,3,3
77478,2,3.5,0.7071067811865476,2,2
77480,1,3.0,0.0,1,2
77481,1,4.0,0.0,1,3
77483,1,4.0,0.0,1,2
77484,1,5.0,0.0,1,2
77486,1,3.0,0.0,1,5
77491,2,5.0,0.0,2,3
77492,1,4.0,0.0,1,3
77495,2,4.5,0.7071067811865476,2,4
77497,1,4.0,0.0,1,3
77500,1,5.0,0.0,1,3
77501,1,5.0,0.0,1,2
77502,1,5.0,0.0,1,5
77505,2,5.0,0.0,2,4
77506,1,5.0,0.0,1,3
77507,3,4.666666666666667,0.5773502691896258,1,5
77508,1,5.0,0.0,1,3
77509,1,1.0,0.0,1,3
77511,1,2.0,0.0,1,2
77515,1,5.0,0.0,1,4
77516,2,4.5,0.7071067811865476,2,2
77518,1,4.0,0.0,1,1
77519,1,4.0,0.0,1,3
77520,4,4.25,0.4999999999999999,4,5
77521,2,4.5,0.7071067811865476,2,5
77524,1,5.0,0.0,1,4
77526,1,3.0,0.0,1,2
77527,2,3.0,0.0,2,2
77529,1,4.0,0.0,1,4
77534,1,4.0,0.0,1,4
77536,1,4.0,0.0,1,2
77539,2,4.0,1.4142135623730951,1,3
77541,2,5.0,0.0,1,5
77542,1,5.0,0.0,1,3
77543,2,3.5,0.7071067811865476,2,4
77544,1,5.0,0.0,1,3
77545,1,5.0,0.0,1,2
77546,1,5.0,0.0,1,2
77550,1,5.0,0.0,1,4
77554,1,4.0,0.0,1,2
77556,1,4.0,0.0,1,3
77558,1,3.0,0.0,1,4
77562,1,4.0,0.0,1,4
77568,1,5.0,0.0,1,3
77574,1,4.0,0.0,1,2
77577,1,5.0,0.0,1,5
77581,1,4.0,0.0,1,3
77583,1,5.0,0.0,1,2
77584,1,5.0,0.0,1,4
77585,1,3.0,0.0,1,4
77586,1,4.0,0.0,1,2
77588,1,5.0,0.0,1,4
77590,1,5.0,0.0,1,2
77593,2,4.0,1.4142135623730951,2,2
77594,1,5.0,0.0,1,2
77596,1,3.0,0.0,1,2
77599,2,3.5,0.7071067811865476,2,2
77600,4,3.5,1.0,4,2
77601,1,3.0,0.0,1,3
77605,1,5.0,0.0,1,4
77606,1,4.0,0.0,1,2
77609,3,4.666666666666667,0.5773502691896257,3,3
77612,1,2.0,0.0,1,4
77617,1,5.0,0.0,1,2
77621,1,5.0,0.0,1,5
77623,1,4.0,0.0,1,2
77624,1,4.0,0.0,1,3
77625,2,5.0,0.0,2,2
77626,1,5.0,0.0,1,4
77634,1,5.0,0.0,1,5
77635,1,2.0,0.0,1,2
77639,7,4.428571428571429,0.5345224838248487,4,5
77645,1,5.0,0.0,1,2
77649,1,5.0,0.0,1,3
77650,1,4.0,0.0,1,2
77654,1,5.0,0.0,1,3
77655,5,4.0,0.7071067811865476,3,3
77657,1,5.0,0.0,1,3
77659,2,4.5,0.7071067811865476,2,2
77660,1,4.0,0.0,1,2
77662,9,4.555555555555555,0.5270462766947296,7,2
77663,1,4.0,0.0,1,4
77665,1,5.0,0.0,1,2
77667,1,5.0,0.0,1,1
77668,1,5.0,0.0,1,3
77669,1,4.0,0.0,1,3
77670,1,5.0,0.0,1,1
77673,1,4.0,0.0,1,4
77674,1,4.0,0.0,1,4
77675,1,4.0,0.0,1,3
77676,1,4.0,0.0,1,4
77678,1,4.0,0.0,1,2
77679,1,3.0,0.0,1,4
77680,1,3.0,0.0,1,3
77687,2,4.0,0.0,1,3
77689,1,5.0,0.0,1,2
77692,1,5.0,0.0,1,2
77694,1,4.0,0.0,1,2
77696,1,2.0,0.0,1,4
77697,1,4.0,0.0,1,3
77698,1,4.0,0.0,1,2
77700,2,4.0,1.4142135623730951,2,3
77702,1,4.0,0.0,1,2
77703,1,4.0,0.0,1,4
77709,1,2.0,0.0,1,3
77710,1,3.0,0.0,1,3
77711,1,5.0,0.0,1,2
77714,1,3.0,0.0,1,4
77715,1,5.0,0.0,1,3
77716,1,4.0,0.0,1,1
77717,7,3.4285714285714284,1.511857892036909,5,4
77719,1,2.0,0.0,1,4
77720,3,4.333333333333333,0.5773502691896258,3,3
77723,1,5.0,0.0,1,2
77727,1,5.0,0.0,1,3
77728,1,4.0,0.0,1,2
77733,3,4.0,1.0,3,5
77735,5,3.6,1.140175425099138,1,2
77736,1,4.0,0.0,1,3
77738,1,5.0,0.0,1,3
77741,1,4.0,0.0,1,4
77749,1,5.0,0.0,1,4
77751,2,4.0,0.0,2,3
77756,1,4.0,0.0,1,3
77760,1,4.0,0.0,1,4
77761,1,5.0,0.0,1,2
77766,1,4.0,0.0,1,5
77772,1,5.0,0.0,1,2
77773,1,4.0,0.0,1,2
77779,1,5.0,0.0,1,4
77780,1,5.0,0.0,1,3
77781,1,4.0,0.0,1,3
77784,1,5.0,0.0,1,3
77786,1,5.0,0.0,1,3
77787,10,3.9,0.7378647873726218,5,5
77793,1,5.0,0.0,1,2
77794,1,3.0,0.0,1,4
77799,1,5.0,0.0,1,4
77803,2,4.0,0.0,2,3
77808,1,4.0,0.0,1,2
77809,1,4.0,0.0,1,3
77811,1,4.0,0.0,1,4
77812,1,4.0,0.0,1,2
77814,3,3.6666666666666665,0.5773502691896257,3,4
77818,1,5.0,0.0,1,3
77819,1,4.0,0.0,1,3
77825,1,3.0,0.0,1,3
77828,1,5.0,0.0,1,4
77831,1,4.0,0.0,1,4
77832,1,4.0,0.0,1,3
77834,3,4.0,1.0,1,1
77838,2,3.5,0.7071067811865476,2,3
77840,1,5.0,0.0,1,2
77842,1,5.0,0.0,1,4
77843,1,3.0,0.0,1,2
77846,7,4.142857142857143,0.6900655593423541,6,3
77847,1,5.0,0.0,1,2
77848,2,4.5,0.7071067811865476,1,2
77849,2,4.0,1.4142135623730951,2,3
77850,1,4.0,0.0,1,2
77854,1,4.0,0.0,1,2
77856,1,4.0,0.0,1,2
77858,1,4.0,0.0,1,3
77867,1,3.0,0.0,1,2
77869,1,5.0,0.0,1,2
77873,1,4.0,0.0,1,5
77876,3,5.0,0.0,3,2
77886,1,5.0,0.0,1,2
77887,1,4.0,0.0,1,2
77888,1,5.0,0.0,1,3
77890,1,5.0,0.0,1,3
77891,1,4.0,0.0,1,3
77893,1,4.0,0.0,1,4
77894,1,5.0,0.0,1,2
77899,1,5.0,0.0,1,4
77902,1,5.0,0.0,1,3
77906,1,3.0,0.0,1,3
77907,1,5.0,0.0,1,5
77910,2,5.0,0.0,2,2
77912,1,5.0,0.0,1,4
77913,1,5.0,0.0,1,2
77914,1,4.0,0.0,1,5
77918,1,3.0,0.0,1,2
77920,1,3.0,0.0,1,2
77921,2,4.0,0.0,2,4
77923,2,3.0,2.8284271247461903,2,3
77929,4,3.25,0.5,4,3
77930,1,5.0,0.0,1,3
77931,1,4.0,0.0,1,2
77932,1,5.0,0.0,1,3
77934,1,5.0,0.0,1,3
77946,1,4.0,0.0,1,4
77947,1,3.0,0.0,1,2
77948,1,5.0,0.0,1,3
77951,1,5.0,0.0,1,1
77957,1,4.0,0.0,1,2
77959,1,4.0,0.0,1,2
77961,1,5.0,0.0,1,2
77965,2,3.5,0.7071067811865476,2,4
77966,1,4.0,0.0,1,3
77970,3,5.0,0.0,1,1
77974,1,5.0,0.0,1,2
77978,1,2.0,0.0,1,5
77983,1,4.0,0.0,1,2
77984,1,3.0,0.0,1,2
77985,1,4.0,0.0,1,2
77989,1,5.0,0.0,1,4
77990,2,4.5,0.7071067811865476,2,2
77991,1,1.0,0.0,1,2
77999,1,3.0,0.0,1,5
78003,2,5.0,0.0,2,2
78004,1,4.0,0.0,1,4
78005,1,3.0,0.0,1,3
78007,2,4.5,0.7071067811865476,2,2
78008,1,5.0,0.0,1,3
78009,2,4.5,0.7071067811865476,2,4
78010,1,2.0,0.0,1,3
78011,1,5.0,0.0,1,3
78013,1,2.0,0.0,1,4
78015,2,4.0,1.4142135623730951,2,2
78018,1,3.0,0.0,1,3
78020,1,5.0,0.0,1,3
78022,2,4.0,0.0,2,3
78026,3,4.333333333333333,0.5773502691896257,3,3
78030,2,4.5,0.7071067811865476,2,4
78036,1,5.0,0.0,1,4
78040,2,4.5,0.7071067811865476,2,2
78042,1,5.0,0.0,1,4
78051,1,3.0,0.0,1,5
78053,1,3.0,0.0,1,2
78054,2,4.5,0.7071067811865476,2,2
78057,2,3.0,2.8284271247461903,2,2
78062,1,4.0,0.0,1,4
78066,1,5.0,0.0,1,2
78068,1,4.0,0.0,1,2
78070,2,5.0,0.0,2,2
78071,6,4.0,0.894427190999916,6,2
78072,1,4.0,0.0,1,3
78077,2,5.0,0.0,1,2
78082,2,4.5,0.7071067811865476,2,4
78084,1,4.0,0.0,1,2
78085,1,5.0,0.0,1,2
78088,1,5.0,0.0,1,4
78091,1,5.0,0.0,1,4
78092,1,5.0,0.0,1,2
78094,1,4.0,0.0,1,4
78102,2,5.0,0.0,2,4
78103,1,5.0,0.0,1,4
78104,2,4.0,0.0,2,2
78105,1,5.0,0.0,1,4
78106,2,4.0,0.0,2,2
78110,1,5.0,0.0,1,3
78111,1,5.0,0.0,1,2
78114,2,4.0,0.0,2,2
78118,1,4.0,0.0,1,3
78119,2,4.5,0.7071067811865476,2,5
78121,1,5.0,0.0,1,2
78122,1,5.0,0.0,1,3
78131,1,3.0,0.0,1,2
78135,1,2.0,0.0,1,3
78137,3,4.333333333333333,0.5773502691896258,3,2
78139,1,2.0,0.0,1,2
78140,1,4.0,0.0,1,3
78142,1,5.0,0.0,1,2
78145,1,3.0,0.0,1,2
78146,1,4.0,0.0,1,5
78147,3,5.0,0.0,3,2
78148,3,3.3333333333333335,1.5275252316519468,3,2
78149,1,5.0,0.0,1,5
78150,1,5.0,0.0,1,2
78155,1,5.0,0.0,1,2
78160,1,4.0,0.0,1,2
78161,1,4.0,0.0,1,4
78163,1,4.0,0.0,1,3
78174,2,3.5,0.7071067811865476,2,2
78177,1,4.0,0.0,1,2
78187,4,4.25,0.5,4,2
78188,1,1.0,0.0,1,2
78189,1,5.0,0.0,1,4
78193,3,4.0,1.0,3,3
78194,3,4.0,1.0,1,4
78196,1,5.0,0.0,1,3
78197,1,5.0,0.0,1,4
78198,1,5.0,0.0,1,4
78200,1,5.0,0.0,1,3
78201,1,3.0,0.0,1,3
78202,1,4.0,0.0,1,2
78204,3,3.6666666666666665,1.5275252316519468,3,5
78210,5,3.8,0.8366600265340755,1,4
78220,1,5.0,0.0,1,4
78221,1,5.0,0.0,1,3
78222,1,5.0,0.0,1,2
78224,7,4.285714285714286,0.7559289460184544,7,2
78225,1,3.0,0.0,1,4
78227,1,4.0,0.0,1,3
78231,1,4.0,0.0,1,2
78235,1,5.0,0.0,1,2
78237,1,5.0,0.0,1,5
78239,2,3.0,1.4142135623730951,1,4
78241,1,1.0,0.0,1,4
78242,1,5.0,0.0,1,3
78243,1,5.0,0.0,1,4
78245,1,4.0,0.0,1,5
78248,1,4.0,0.0,1,3
78249,1,5.0,0.0,1,3
78254,1,1.0,0.0,1,5
78257,1,5.0,0.0,1,3
78259,1,5.0,0.0,1,3
78261,1,4.0,0.0,1,4
78262,1,1.0,0.0,1,2
78266,2,3.5,0.7071067811865476,2,3
78267,1,4.0,0.0,1,2
78273,2,5.0,0.0,2,2
78274,1,3.0,0.0,1,2
78278,3,4.666666666666667,0.5773502691896257,3,2
78279,1,5.0,0.0,1,2
78280,1,2.0,0.0,1,4
78283,5,4.6,0.8944271909999159,1,4
78285,1,4.0,0.0,1,2
78286,1,4.0,0.0,1,4
78287,1,4.0,0.0,1,5
78288,1,2.0,0.0,1,2
78289,2,4.0,1.4142135623730951,1,2
78301,1,5.0,0.0,1,2
78305,2,4.0,1.4142135623730951,2,2
78307,1,4.0,0.0,1,2
78318,1,4.0,0.0,1,5
78319,1,5.0,0.0,1,3
78321,1,5.0,0.0,1,2
78323,1,4.0,0.0,1,3
78324,3,5.0,0.0,3,2
78325,1,4.0,0.0,1,3
78327,1,4.0,0.0,1,2
78330,1,3.0,0.0,1,2
78338,1,5.0,0.0,1,4
78343,1,5.0,0.0,1,4
78349,1,4.0,0.0,1,4
78350,5,3.8,0.44721359549995787,4,4
78354,1,4.0,0.0,1,4
78359,1,5.0,0.0,1,2
78362,1,4.0,0.0,1,4
78363,2,3.5,2.1213203435596424,2,3
78366,1,5.0,0.0,1,3
78367,3,4.666666666666667,0.5773502691896257,3,2
78368,1,4.0,0.0,1,2
78369,1,3.0,0.0,1,2
78371,2,4.0,0.0,2,2
78373,2,3.5,0.7071067811865476,2,2
78377,2,5.0,0.0,2,2
78384,3,4.333333333333333,0.5773502691896257,3,2
78385,15,4.466666666666667,0.833809387832792,6,3
78386,4,4.5,0.5773502691896258,3,1
78387,1,5.0,0.0,1,3
78388,1,4.0,0.0,1,2
78393,5,4.4,0.894427190999916,4,3
78394,1,4.0,0.0,1,3
78397,1,5.0,0.0,1,4
78398,1,5.0,0.0,1,5
78399,2,3.0,0.0,2,2
78402,2,2.5,0.7071067811865476,2,2
78403,2,2.5,0.7071067811865476,2,4
78405,2,5.0,0.0,1,2
78407,1,4.0,0.0,1,3
78411,2,5.0,0.0,2,2
78414,1,5.0,0.0,1,2
78416,1,5.0,0.0,1,3
78417,1,4.0,0.0,1,5
78418,6,4.333333333333333,0.816496580927726,3,2
78423,1,5.0,0.0,1,4
78424,1,4.0,0.0,1,2
78427,1,3.0,0.0,1,2
78429,1,3.0,0.0,1,3
78431,3,5.0,0.0,3,3
78435,1,4.0,0.0,1,5
78436,1,5.0,0.0,1,2
78440,2,3.5,0.7071067811865476,2,2
78441,1,5.0,0.0,1,3
78443,1,2.0,0.0,1,2
78448,1,4.0,0.0,1,3
78453,1,3.0,0.0,1,2
78455,1,5.0,0.0,1,5
78456,2,3.5,0.7071067811865476,2,2
78459,1,5.0,0.0,1,4
78461,2,3.0,2.8284271247461903,2,2
78462,4,4.75,0.5,3,1
78463,5,5.0,0.0,3,2
78466,3,4.333333333333333,0.5773502691896257,1,2
78468,2,5.0,0.0,2,2
78470,1,3.0,0.0,1,2
78471,1,5.0,0.0,1,4
78474,1,3.0,0.0,1,2
78475,1,5.0,0.0,1,5
78477,2,4.5,0.7071067811865476,2,3
78480,1,4.0,0.0,1,5
78481,2,4.0,0.0,2,4
78485,1,5.0,0.0,1,1
78487,1,5.0,0.0,1,3
78490,3,4.333333333333333,0.5773502691896258,3,2
78495,1,3.0,0.0,1,2
78496,1,5.0,0.0,1,3
78503,6,4.666666666666667,0.5163977794943223,3,5
78504,2,4.0,0.0,2,3
78505,1,5.0,0.0,1,3
78506,3,4.0,1.0,3,2
78511,1,1.0,0.0,1,2
78512,1,5.0,0.0,1,4
78513,1,5.0,0.0,1,2
78516,1,4.0,0.0,1,4
78517,2,4.0,0.0,2,3
78519,1,1.0,0.0,1,2
78521,1,1.0,0.0,1,3
78522,1,4.0,0.0,1,2
78524,1,4.0,0.0,1,2
78525,3,5.0,0.0,3,4
78527,1,5.0,0.0,1,3
78532,1,2.0,0.0,1,3
78535,2,4.0,0.0,2,4
78536,1,4.0,0.0,1,3
78538,2,5.0,0.0,1,3
78541,1,3.0,0.0,1,2
78542,1,5.0,0.0,1,4
78547,1,2.0,0.0,1,2
78548,1,5.0,0.0,1,3
78551,1,4.0,0.0,1,4
78554,5,4.8,0.44721359549995787,5,2
78556,1,5.0,0.0,1,5
78557,1,2.0,0.0,1,4
78559,5,4.0,0.7071067811865476,3,4
78560,1,5.0,0.0,1,3
78564,1,1.0,0.0,1,2
78579,3,3.6666666666666665,0.5773502691896257,3,3
78583,1,5.0,0.0,1,4
78584,1,4.0,0.0,1,3
78585,1,5.0,0.0,1,2
78588,1,3.0,0.0,1,2
78592,1,3.0,0.0,1,5
78596,3,4.0,1.0,3,2
78597,1,5.0,0.0,1,3
78599,3,4.0,1.0,1,3
78601,2,5.0,0.0,2,4
78604,1,4.0,0.0,1,3
78610,3,5.0,0.0,3,2
78611,1,4.0,0.0,1,2
78614,2,4.5,0.7071067811865476,2,2
78619,1,4.0,0.0,1,2
78620,2,5.0,0.0,2,2
78625,4,2.0,0.816496580927726,4,2
78627,1,4.0,0.0,1,3
78628,1,4.0,0.0,1,2
78629,1,4.0,0.0,1,2
78630,1,1.0,0.0,1,2
78633,1,5.0,0.0,1,2
78636,1,3.0,0.0,1,2
78637,1,5.0,0.0,1,2
78640,2,4.5,0.7071067811865476,1,5
78644,2,4.0,1.4142135623730951,2,2
78645,1,5.0,0.0,1,4
78649,2,3.5,0.7071067811865476,2,2
78651,1,5.0,0.0,1,3
78653,3,4.666666666666667,0.5773502691896258,3,2
78659,1,5.0,0.0,1,3
78664,1,5.0,0.0,1,4
78665,1,5.0,0.0,1,2
78669,3,4.333333333333333,0.5773502691896257,3,2
78673,2,4.0,0.0,2,2
78674,3,4.0,1.0,3,2
78675,2,4.5,0.7071067811865476,2,5
78677,1,4.0,0.0,1,5
78679,1,5.0,0.0,1,5
78684,1,4.0,0.0,1,2
78687,1,5.0,0.0,1,3
78689,1,5.0,0.0,1,3
78690,1,5.0,0.0,1,4
78693,1,5.0,0.0,1,4
78694,2,5.0,0.0,2,2
78695,1,3.0,0.0,1,5
78697,1,5.0,0.0,1,4
78702,1,5.0,0.0,1,3
78706,1,5.0,0.0,1,3
78710,2,4.5,0.7071067811865476,1,3
78711,1,5.0,0.0,1,5
78715,1,5.0,0.0,1,2
78721,1,3.0,0.0,1,5
78725,1,4.0,0.0,1,4
78726,2,4.0,1.4142135623730951,2,2
78729,1,4.0,0.0,1,2
78731,2,4.0,1.4142135623730951,2,2
78732,1,5.0,0.0,1,2
78734,1,3.0,0.0,1,3
78735,1,4.0,0.0,1,2
78738,2,5.0,0.0,2,3
78740,1,4.0,0.0,1,3
78745,1,5.0,0.0,1,3
78746,1,3.0,0.0,1,3
78750,2,4.5,0.7071067811865476,2,5
78751,4,5.0,0.0,3,2
78752,1,4.0,0.0,1,3
78755,1,4.0,0.0,1,2
78756,1,5.0,0.0,1,3
78757,1,3.0,0.0,1,2
78758,1,5.0,0.0,1,4
78760,1,5.0,0.0,1,4
78761,1,4.0,0.0,1,5
78764,3,3.3333333333333335,0.5773502691896258,3,2
78766,1,5.0,0.0,1,5
78767,1,4.0,0.0,1,2
78770,1,5.0,0.0,1,2
78773,1,5.0,0.0,1,2
78774,2,4.0,1.4142135623730951,2,2
78777,1,3.0,0.0,1,5
78778,1,5.0,0.0,1,3
78781,1,5.0,0.0,1,2
78782,1,5.0,0.0,1,2
78784,1,5.0,0.0,1,3
78786,1,2.0,0.0,1,2
78794,1,4.0,0.0,1,2
78795,1,4.0,0.0,1,3
78799,1,5.0,0.0,1,4
78802,1,5.0,0.0,1,2
78804,1,5.0,0.0,1,4
78806,1,3.0,0.0,1,2
78809,1,5.0,0.0,1,3
78810,1,5.0,0.0,1,3
78812,1,5.0,0.0,1,4
78816,1,5.0,0.0,1,3
78819,2,3.0,0.0,2,4
78822,1,4.0,0.0,1,3
78825,1,4.0,0.0,1,4
78828,2,4.5,0.7071067811865476,2,3
78829,1,5.0,0.0,1,3
78832,2,4.0,1.4142135623730951,1,4
78834,1,5.0,0.0,1,3
78838,1,3.0,0.0,1,3
78839,2,5.0,0.0,2,2
78841,1,5.0,0.0,1,4
78843,1,5.0,0.0,1,2
78844,1,4.0,0.0,1,3
78849,2,4.5,0.7071067811865476,2,2
78850,5,3.6,1.140175425099138,4,2
78851,2,3.5,0.7071067811865476,2,3
78854,3,4.333333333333333,1.1547005383792515,3,3
78855,2,4.0,1.4142135623730951,2,3
78859,1,4.0,0.0,1,4
78869,1,5.0,0.0,1,5
78873,1,4.0,0.0,1,2
78878,1,5.0,0.0,1,3
78879,1,4.0,0.0,1,3
78880,1,5.0,0.0,1,3
78881,2,3.0,2.8284271247461903,2,2
78884,1,4.0,0.0,1,2
78886,1,5.0,0.0,1,3
78889,1,5.0,0.0,1,4
78894,1,4.0,0.0,1,4
78896,1,5.0,0.0,1,2
78898,1,5.0,0.0,1,2
78899,1,5.0,0.0,1,5
78900,1,5.0,0.0,1,4
78908,1,5.0,0.0,1,4
78913,1,5.0,0.0,1,3
78915,1,5.0,0.0,1,2
78916,1,3.0,0.0,1,4
78918,1,4.0,0.0,1,5
78919,1,4.0,0.0,1,2
78922,1,5.0,0.0,1,5
78926,2,4.5,0.7071067811865476,2,2
78927,1,1.0,0.0,1,3
78928,2,4.5,0.7071067811865476,2,3
78930,2,4.5,0.7071067811865476,2,3
78931,1,5.0,0.0,1,3
78932,1,4.0,0.0,1,2
78934,1,4.0,0.0,1,5
78937,1,1.0,0.0,1,2
78940,1,5.0,0.0,1,3
78941,1,5.0,0.0,1,4
78944,1,3.0,0.0,1,2
78945,3,3.6666666666666665,0.5773502691896258,3,2
78946,1,5.0,0.0,1,3
78950,3,3.6666666666666665,1.5275252316519468,2,3
78954,1,1.0,0.0,1,3
78955,4,4.5,0.5773502691896258,2,3
78961,1,5.0,0.0,1,3
78962,1,4.0,0.0,1,2
78967,1,4.0,0.0,1,3
78968,1,5.0,0.0,1,2
78971,1,4.0,0.0,1,3
78972,1,5.0,0.0,1,3
78973,1,3.0,0.0,1,2
78975,1,5.0,0.0,1,3
78978,1,5.0,0.0,1,3
78979,2,3.5,0.7071067811865476,2,5
78980,1,5.0,0.0,1,3
78986,1,5.0,0.0,1,3
78989,2,5.0,0.0,2,3
78990,1,4.0,0.0,1,3
78992,1,5.0,0.0,1,2
78995,1,5.0,0.0,1,2
78998,1,5.0,0.0,1,2
79001,1,4.0,0.0,1,3
79002,1,4.0,0.0,1,2
79004,1,5.0,0.0,1,2
79005,1,3.0,0.0,1,5
79007,2,4.5,0.7071067811865476,2,3
79008,2,4.5,0.7071067811865476,2,2
79009,4,4.0,0.8164965809277259,4,4
79011,1,4.0,0.0,1,4
79015,1,3.0,0.0,1,4
79017,3,4.333333333333333,0.5773502691896257,3,4
79019,1,4.0,0.0,1,4
79022,1,3.0,0.0,1,2
79024,1,3.0,0.0,1,2
79025,2,4.5,0.7071067811865476,2,3
79026,2,4.0,0.0,2,4
79027,1,3.0,0.0,1,4
79031,1,5.0,0.0,1,4
79033,1,4.0,0.0,1,4
79041,1,1.0,0.0,1,2
79044,1,5.0,0.0,1,2
79047,1,5.0,0.0,1,2
79048,1,3.0,0.0,1,2
79049,1,5.0,0.0,1,3
79055,1,5.0,0.0,1,3
79056,1,4.0,0.0,1,2
79061,1,3.0,0.0,1,3
79063,1,3.0,0.0,1,3
79066,1,5.0,0.0,1,4
79067,1,5.0,0.0,1,3
79068,1,5.0,0.0,1,2
79069,1,5.0,0.0,1,3
79072,1,5.0,0.0,1,2
79073,1,5.0,0.0,1,2
79076,1,5.0,0.0,1,5
79077,1,2.0,0.0,1,5
79080,3,4.666666666666667,0.5773502691896257,3,4
79083,2,3.5,0.7071067811865476,2,2
79084,1,2.0,0.0,1,2
79085,1,5.0,0.0,1,1
79086,1,4.0,0.0,1,2
79090,1,3.0,0.0,1,3
79091,2,4.0,0.0,2,2
79093,1,5.0,0.0,1,3
79096,1,4.0,0.0,1,3
79098,1,4.0,0.0,1,2
79100,1,4.0,0.0,1,2
79102,1,5.0,0.0,1,4
79103,1,5.0,0.0,1,2
79106,1,5.0,0.0,1,2
79110,2,4.0,0.0,2,4
79113,1,5.0,0.0,1,2
79114,1,2.0,0.0,1,2
79118,1,5.0,0.0,1,2
79120,1,3.0,0.0,1,3
79121,2,4.0,1.4142135623730951,2,2
79122,2,5.0,0.0,2,4
79123,1,5.0,0.0,1,4
79124,1,4.0,0.0,1,4
79129,2,5.0,0.0,1,3
79130,2,3.5,0.7071067811865476,2,2
79132,3,5.0,0.0,3,2
79135,1,3.0,0.0,1,3
79136,1,4.0,0.0,1,3
79138,1,5.0,0.0,1,2
79146,1,5.0,0.0,1,2
79147,1,5.0,0.0,1,5
79148,2,5.0,0.0,1,2
79152,2,3.5,0.7071067811865476,1,4
79153,2,3.0,2.8284271247461903,2,3
79154,3,5.0,0.0,3,2
79155,2,4.0,0.0,2,5
79158,1,4.0,0.0,1,3
79161,1,3.0,0.0,1,2
79163,2,4.0,1.4142135623730951,2,2
79167,1,5.0,0.0,1,3
79169,1,1.0,0.0,1,3
79170,1,5.0,0.0,1,2
79174,1,5.0,0.0,1,2
79182,1,5.0,0.0,1,3
79183,1,3.0,0.0,1,4
79184,3,3.3333333333333335,2.0816659994661326,3,5
79185,1,1.0,0.0,1,2
79186,1,5.0,0.0,1,3
79190,1,5.0,0.0,1,3
79191,1,4.0,0.0,1,3
79194,1,4.0,0.0,1,1
79196,1,3.0,0.0,1,2
79199,3,4.666666666666667,0.5773502691896257,3,3
79200,2,4.0,0.0,2,4
79201,1,5.0,0.0,1,2
79202,3,3.0,0.0,3,3
79204,1,4.0,0.0,1,5
79205,1,5.0,0.0,1,1
79206,1,5.0,0.0,1,2
79207,1,5.0,0.0,1,5
79208,1,2.0,0.0,1,2
79210,1,5.0,0.0,1,3
79211,1,4.0,0.0,1,4
79212,2,3.5,0.7071067811865476,2,3
79214,1,5.0,0.0,1,2
79217,1,4.0,0.0,1,4
79220,1,3.0,0.0,1,5
79222,1,3.0,0.0,1,2
79224,1,5.0,0.0,1,2
79225,1,5.0,0.0,1,3
79227,1,5.0,0.0,1,3
79228,1,5.0,0.0,1,4
79233,1,5.0,0.0,1,2
79237,1,5.0,0.0,1,2
79239,1,4.0,0.0,1,2
79240,2,4.0,1.4142135623730951,2,2
79241,1,4.0,0.0,1,2
79244,2,3.5,0.7071067811865476,2,5
79245,1,3.0,0.0,1,5
79247,1,4.0,0.0,1,3
79250,2,4.0,0.0,2,2
79259,1,5.0,0.0,1,5
79265,1,4.0,0.0,1,3
79266,1,5.0,0.0,1,2
79267,1,4.0,0.0,1,3
79270,1,3.0,0.0,1,3
79273,1,5.0,0.0,1,3
79277,1,2.0,0.0,1,4
79278,1,4.0,0.0,1,2
79283,1,5.0,0.0,1,2
79286,1,4.0,0.0,1,2
79287,1,3.0,0.0,1,2
79288,1,3.0,0.0,1,3
79289,2,4.5,0.7071067811865476,1,3
79291,1,5.0,0.0,1,3
79292,3,4.333333333333333,1.1547005383792517,3,4
79293,1,4.0,0.0,1,3
79295,1,1.0,0.0,1,5
79298,1,3.0,0.0,1,2
79299,1,4.0,0.0,1,5
79307,1,5.0,0.0,1,3
79308,1,5.0,0.0,1,4
79310,1,3.0,0.0,1,3
79312,1,5.0,0.0,1,2
79313,2,5.0,0.0,2,2
79316,1,4.0,0.0,1,3
79325,2,4.5,0.7071067811865476,1,5
79326,1,3.0,0.0,1,2
79328,1,5.0,0.0,1,3
79329,1,5.0,0.0,1,5
79332,2,4.5,0.7071067811865476,2,3
79335,1,5.0,0.0,1,2
79338,1,2.0,0.0,1,2
79339,1,5.0,0.0,1,2
79340,1,3.0,0.0,1,3
79342,2,4.5,0.7071067811865476,2,3
79346,1,3.0,0.0,1,4
79347,1,3.0,0.0,1,5
79350,1,4.0,0.0,1,3
79352,1,3.0,0.0,1,3
79353,1,3.0,0.0,1,3
79355,1,3.0,0.0,1,3
79357,1,5.0,0.0,1,2
79362,1,5.0,0.0,1,3
79363,1,5.0,0.0,1,3
79371,2,3.0,0.0,2,2
79372,1,3.0,0.0,1,3
79375,2,5.0,0.0,2,5
79376,1,3.0,0.0,1,3
79380,1,3.0,0.0,1,4
79381,1,4.0,0.0,1,2
79385,1,4.0,0.0,1,2
79389,2,4.0,0.0,2,4
79390,1,5.0,0.0,1,4
79393,1,5.0,0.0,1,2
79394,2,4.0,0.0,2,3
79397,1,5.0,0.0,1,2
79398,1,5.0,0.0,1,3
79402,1,4.0,0.0,1,2
79403,1,4.0,0.0,1,2
79405,2,4.5,0.7071067811865476,1,2
79406,1,3.0,0.0,1,2
79410,1,4.0,0.0,1,3
79418,2,5.0,0.0,2,4
79420,1,4.0,0.0,1,2
79421,3,5.0,0.0,3,4
79425,1,4.0,0.0,1,3
79426,2,4.0,1.4142135623730951,2,3
79428,1,4.0,0.0,1,2
79430,1,5.0,0.0,1,3
79432,1,5.0,0.0,1,2
79435,1,3.0,0.0,1,4
79436,1,5.0,0.0,1,3
79438,1,4.0,0.0,1,2
79446,1,5.0,0.0,1,2
79447,2,3.5,0.7071067811865476,2,4
79449,1,5.0,0.0,1,3
79450,1,5.0,0.0,1,4
79452,2,4.5,0.7071067811865476,2,3
79453,1,5.0,0.0,1,3
79456,1,3.0,0.0,1,2
79458,2,4.0,1.4142135623730951,2,2
79465,1,5.0,0.0,1,2
79467,1,1.0,0.0,1,3
79468,1,3.0,0.0,1,4
79472,3,3.6666666666666665,0.5773502691896258,1,2
79473,2,5.0,0.0,2,4
79481,2,4.5,0.7071067811865476,1,2
79482,1,4.0,0.0,1,4
79483,1,4.0,0.0,1,3
79485,3,3.6666666666666665,1.5275252316519468,1,4
79488,3,3.0,1.0,2,3
79490,1,5.0,0.0,1,5
79494,3,5.0,0.0,3,3
79496,1,5.0,0.0,1,2
79497,2,4.5,0.7071067811865476,2,4
79502,1,4.0,0.0,1,2
79505,1,3.0,0.0,1,2
79510,2,5.0,0.0,2,2
79517,1,4.0,0.0,1,5
79520,4,4.0,0.8164965809277259,2,3
79521,1,5.0,0.0,1,3
79522,2,4.0,0.0,2,5
79523,1,3.0,0.0,1,4
79525,2,4.5,0.7071067811865476,2,4
79529,3,5.0,0.0,3,3
79531,1,5.0,0.0,1,2
79533,1,4.0,0.0,1,2
79535,1,4.0,0.0,1,2
79536,1,3.0,0.0,1,2
79537,3,3.3333333333333335,1.1547005383792517,2,2
79538,2,3.0,1.4142135623730951,2,3
79540,1,5.0,0.0,1,5
79545,2,5.0,0.0,2,5
79548,1,5.0,0.0,1,2
79549,1,1.0,0.0,1,2
79552,1,3.0,0.0,1,3
79553,1,5.0,0.0,1,4
79555,1,4.0,0.0,1,2
79556,1,5.0,0.0,1,2
79557,1,5.0,0.0,1,3
79559,1,4.0,0.0,1,2
79562,2,4.0,1.4142135623730951,2,3
79566,1,5.0,0.0,1,2
79568,2,3.5,0.7071067811865476,2,5
79569,3,4.0,0.0,3,5
79571,2,4.5,0.7071067811865476,2,2
79572,1,5.0,0.0,1,2
79577,4,4.75,0.4999999999999999,3,2
79581,7,4.0,1.4142135623730951,1,5
79582,1,4.0,0.0,1,4
79583,1,4.0,0.0,1,3
79585,2,3.0,0.0,2,4
79588,1,5.0,0.0,1,4
79589,1,5.0,0.0,1,2
79590,2,3.5,0.7071067811865476,2,4
79592,1,4.0,0.0,1,2
79599,1,4.0,0.0,1,5
79600,6,3.6666666666666665,0.816496580927726,5,3
79601,2,3.0,1.4142135623730951,2,3
79603,1,5.0,0.0,1,2
79604,1,5.0,0.0,1,3
79613,3,5.0,0.0,3,3
79614,1,4.0,0.0,1,3
79617,3,3.0,0.0,3,2
79618,5,4.0,0.7071067811865476,5,4
79620,2,4.0,0.0,1,2
79621,1,2.0,0.0,1,3
79624,1,5.0,0.0,1,2
79625,1,5.0,0.0,1,4
79626,1,5.0,0.0,1,2
79631,1,5.0,0.0,1,2
79635,1,5.0,0.0,1,4
79636,3,4.666666666666667,0.5773502691896257,3,4
79638,2,4.0,0.0,2,2
79639,1,5.0,0.0,1,2
79643,1,5.0,0.0,1,3
79646,1,5.0,0.0,1,2
79648,2,4.0,1.4142135623730951,2,2
79651,2,5.0,0.0,2,2
79653,1,5.0,0.0,1,2
79656,1,4.0,0.0,1,2
79657,1,5.0,0.0,1,4
79660,1,5.0,0.0,1,2
79663,1,3.0,0.0,1,2
79666,1,5.0,0.0,1,2
79669,2,3.5,0.7071067811865476,1,3
79670,1,5.0,0.0,1,2
79673,1,5.0,0.0,1,2
79675,1,3.0,0.0,1,2
79676,2,3.5,0.7071067811865476,1,5
79680,1,4.0,0.0,1,2
79682,1,5.0,0.0,1,2
79690,1,3.0,0.0,1,2
79691,1,5.0,0.0,1,2
79692,3,3.3333333333333335,0.5773502691896257,3,2
79697,1,4.0,0.0,1,5
79700,2,4.5,0.7071067811865476,1,4
79702,5,5.0,0.0,5,4
79703,1,5.0,0.0,1,2
79709,3,3.6666666666666665,1.1547005383792515,1,2
79711,1,5.0,0.0,1,3
79714,1,4.0,0.0,1,4
79715,1,5.0,0.0,1,3
79718,1,4.0,0.0,1,5
79721,2,4.0,0.0,2,3
79722,3,4.666666666666667,0.5773502691896257,3,4
79723,1,5.0,0.0,1,2
79726,1,5.0,0.0,1,2
79727,1,4.0,0.0,1,2
79730,1,5.0,0.0,1,3
79733,1,4.0,0.0,1,2
79735,1,3.0,0.0,1,2
79738,1,4.0,0.0,1,4
79739,1,4.0,0.0,1,3
79742,2,4.5,0.7071067811865476,2,3
79747,1,4.0,0.0,1,2
79748,1,3.0,0.0,1,2
79749,1,4.0,0.0,1,2
79750,2,4.5,0.7071067811865476,2,2
79751,2,5.0,0.0,2,2
79752,4,4.25,0.9574271077563382,4,2
79753,1,3.0,0.0,1,3
79754,3,4.0,1.7320508075688772,3,4
79761,1,3.0,0.0,1,5
79762,3,4.666666666666667,0.5773502691896257,3,5
79763,1,4.0,0.0,1,3
79764,1,5.0,0.0,1,3
79768,2,3.5,0.7071067811865476,1,2
79770,2,4.5,0.7071067811865476,2,2
79773,2,4.5,0.7071067811865476,2,4
79774,1,4.0,0.0,1,2
79775,3,4.333333333333333,0.5773502691896257,2,3
79777,1,3.0,0.0,1,3
79778,1,5.0,0.0,1,3
79780,1,5.0,0.0,1,4
79781,1,5.0,0.0,1,5
79783,1,4.0,0.0,1,3
79787,4,4.5,0.5773502691896258,4,3
79788,1,5.0,0.0,1,3
79789,1,4.0,0.0,1,4
79791,1,5.0,0.0,1,5
79793,1,5.0,0.0,1,4
79794,1,5.0,0.0,1,2
79796,1,4.0,0.0,1,2
79802,1,4.0,0.0,1,3
79805,1,3.0,0.0,1,4
79806,1,5.0,0.0,1,2
79811,1,5.0,0.0,1,4
79813,1,2.0,0.0,1,5
79814,2,4.0,0.0,2,3
79816,2,4.5,0.7071067811865476,2,3
79818,2,3.5,0.7071067811865476,2,4
79825,1,4.0,0.0,1,5
79827,1,4.0,0.0,1,5
79832,1,3.0,0.0,1,2
79833,1,5.0,0.0,1,2
79834,1,4.0,0.0,1,4
79835,1,2.0,0.0,1,4
79843,1,4.0,0.0,1,2
79845,1,3.0,0.0,1,3
79846,1,4.0,0.0,1,2
79847,1,5.0,0.0,1,2
79849,1,5.0,0.0,1,4
79850,1,4.0,0.0,1,3
79852,2,4.0,0.0,1,2
79855,6,4.0,0.8944271909999159,2,2
79856,2,4.0,1.4142135623730951,2,2
79864,1,5.0,0.0,1,2
79870,1,5.0,0.0,1,5
79871,1,4.0,0.0,1,4
79873,3,4.333333333333333,1.1547005383792515,3,5
79875,3,3.3333333333333335,2.0816659994661326,3,2
79881,1,5.0,0.0,1,2
79882,1,5.0,0.0,1,4
79883,1,3.0,0.0,1,4
79884,1,5.0,0.0,1,4
79886,2,2.5,0.7071067811865476,2,3
79891,1,5.0,0.0,1,3
79895,4,4.5,0.9999999999999999,4,2
79896,1,4.0,0.0,1,2
79897,1,4.0,0.0,1,3
79899,1,4.0,0.0,1,3
79900,1,2.0,0.0,1,3
79901,1,3.0,0.0,1,4
79903,1,5.0,0.0,1,2
79904,1,1.0,0.0,1,2
79907,1,4.0,0.0,1,3
79908,1,4.0,0.0,1,5
79909,1,2.0,0.0,1,2
79910,1,4.0,0.0,1,2
79911,2,5.0,0.0,2,2
79924,1,5.0,0.0,1,2
79925,1,4.0,0.0,1,3
79926,2,3.5,0.7071067811865476,2,2
79928,1,5.0,0.0,1,1
79931,1,5.0,0.0,1,2
79934,4,3.0,0.816496580927726,4,3
79935,1,5.0,0.0,1,4
79942,1,3.0,0.0,1,2
79943,2,4.0,0.0,2,2
79946,1,5.0,0.0,1,2
79948,1,5.0,0.0,1,2
79949,2,4.0,0.0,2,2
79950,1,5.0,0.0,1,2
79951,1,2.0,0.0,1,2
79952,1,3.0,0.0,1,2
79954,1,5.0,0.0,1,2
79957,1,4.0,0.0,1,2
79959,2,4.5,0.7071067811865476,2,2
79960,1,3.0,0.0,1,4
79962,1,3.0,0.0,1,4
79965,1,4.0,0.0,1,2
79968,3,3.0,1.7320508075688772,2,4
79969,1,5.0,0.0,1,2
79970,1,5.0,0.0,1,2
79971,2,4.0,1.4142135623730951,2,2
79973,1,5.0,0.0,1,4
79975,1,5.0,0.0,1,2
79977,1,3.0,0.0,1,5
79978,1,4.0,0.0,1,2
79980,1,1.0,0.0,1,3
79982,1,3.0,0.0,1,2
79983,1,5.0,0.0,1,2
79984,1,1.0,0.0,1,2
79985,1,5.0,0.0,1,3
79988,1,1.0,0.0,1,2
79991,1,3.0,0.0,1,2
79993,1,5.0,0.0,1,5
79995,1,4.0,0.0,1,4
79996,1,2.0,0.0,1,2
79997,1,5.0,0.0,1,3
80002,4,3.75,0.5,4,2
80004,1,3.0,0.0,1,2
80011,4,4.0,0.816496580927726,3,2
80012,4,3.5,0.5773502691896257,4,4
80014,1,2.0,0.0,1,4
80018,1,4.0,0.0,1,2
80022,3,4.333333333333333,0.5773502691896258,3,3
80024,1,4.0,0.0,1,4
80025,1,4.0,0.0,1,5
80026,1,5.0,0.0,1,2
80027,1,5.0,0.0,1,4
80028,1,5.0,0.0,1,2
80032,1,3.0,0.0,1,5
80033,1,5.0,0.0,1,2
80034,1,3.0,0.0,1,2
80035,3,4.666666666666667,0.5773502691896257,3,2
80036,1,1.0,0.0,1,4
80039,1,2.0,0.0,1,3
80040,1,4.0,0.0,1,3
80041,1,5.0,0.0,1,2
80044,1,5.0,0.0,1,3
80048,1,5.0,0.0,1,2
80049,1,5.0,0.0,1,5
80050,1,5.0,0.0,1,2
80054,1,5.0,0.0,1,3
80056,1,5.0,0.0,1,2
80057,7,4.428571428571429,0.5345224838248486,5,2
80068,1,4.0,0.0,1,5
80075,2,2.0,1.4142135623730951,2,2
80077,1,5.0,0.0,1,3
80079,4,2.5,1.0,4,2
80080,1,4.0,0.0,1,2
80081,1,5.0,0.0,1,3
80083,1,3.0,0.0,1,2
80084,1,5.0,0.0,1,3
80085,3,4.666666666666667,0.5773502691896257,3,1
80086,1,4.0,0.0,1,4
80090,1,3.0,0.0,1,2
80091,1,3.0,0.0,1,5
80093,1,5.0,0.0,1,5
80095,1,4.0,0.0,1,4
80108,1,3.0,0.0,1,4
80109,1,2.0,0.0,1,2
80110,2,5.0,0.0,2,3
80113,1,5.0,0.0,1,3
80114,1,5.0,0.0,1,4
80117,1,5.0,0.0,1,2
80121,1,5.0,0.0,1,4
80124,1,4.0,0.0,1,3
80125,1,4.0,0.0,1,4
80127,1,5.0,0.0,1,2
80130,2,4.0,1.4142135623730951,2,3
80142,1,4.0,0.0,1,4
80149,1,5.0,0.0,1,3
80150,1,5.0,0.0,1,4
80151,1,4.0,0.0,1,3
80152,1,4.0,0.0,1,2
80157,2,4.5,0.7071067811865476,2,3
80158,2,5.0,0.0,2,3
80160,1,3.0,0.0,1,2
80161,1,5.0,0.0,1,1
80164,2,3.5,2.1213203435596424,1,2
80169,1,4.0,0.0,1,3
80170,4,2.75,1.2583057392117918,3,2
80171,2,4.5,0.7071067811865476,2,2
80174,2,4.0,0.0,1,3
80175,1,1.0,0.0,1,2
80177,4,5.0,0.0,4,2
80185,2,3.5,0.7071067811865476,2,2
80187,3,5.0,0.0,3,2
80189,1,5.0,0.0,1,2
80191,1,5.0,0.0,1,3
80198,1,3.0,0.0,1,2
80199,3,3.3333333333333335,1.1547005383792517,3,1
80201,1,5.0,0.0,1,2
80202,1,4.0,0.0,1,2
80204,1,5.0,0.0,1,4
80205,1,5.0,0.0,1,5
80207,2,3.5,0.7071067811865476,2,5
80211,1,5.0,0.0,1,2
80212,2,4.5,0.7071067811865476,2,2
80213,1,4.0,0.0,1,4
80214,1,5.0,0.0,1,4
80215,1,3.0,0.0,1,3
80217,1,5.0,0.0,1,3
80221,1,5.0,0.0,1,4
80222,4,4.0,0.816496580927726,3,3
80223,2,3.5,2.1213203435596424,2,3
80225,1,4.0,0.0,1,2
80227,1,5.0,0.0,1,2
80232,1,5.0,0.0,1,2
80236,2,2.5,0.7071067811865476,2,3
80237,1,4.0,0.0,1,5
80238,1,4.0,0.0,1,4
80239,1,5.0,0.0,1,5
80242,1,5.0,0.0,1,5
80243,1,5.0,0.0,1,2
80246,1,4.0,0.0,1,2
80250,3,3.0,1.0,1,2
80254,2,3.0,0.0,2,2
80255,1,5.0,0.0,1,2
80260,2,4.5,0.7071067811865476,2,5
80261,1,5.0,0.0,1,2
80263,2,5.0,0.0,2,4
80266,1,3.0,0.0,1,4
80267,2,4.5,0.7071067811865476,2,2
80268,1,5.0,0.0,1,2
80271,1,4.0,0.0,1,5
80273,1,3.0,0.0,1,3
80275,2,3.5,0.7071067811865476,2,4
80278,1,5.0,0.0,1,2
80282,1,4.0,0.0,1,2
80287,5,4.4,0.5477225575051663,4,2
80289,1,4.0,0.0,1,3
80291,2,3.0,0.0,2,4
80292,1,4.0,0.0,1,4
80293,2,5.0,0.0,2,2
80294,2,4.0,0.0,2,3
80295,3,4.0,1.0,2,2
80297,1,4.0,0.0,1,3
80298,1,4.0,0.0,1,2
80299,6,3.6666666666666665,1.3662601021279466,5,2
80300,1,5.0,0.0,1,2
80301,1,5.0,0.0,1,2
80302,1,5.0,0.0,1,3
80303,4,4.5,0.9999999999999999,4,2
80309,1,4.0,0.0,1,5
80311,1,2.0,0.0,1,3
80315,3,5.0,0.0,2,3
80316,1,4.0,0.0,1,2
80317,1,4.0,0.0,1,3
80318,1,4.0,0.0,1,5
80319,2,4.0,0.0,2,2
80324,1,3.0,0.0,1,5
80327,1,4.0,0.0,1,2
80333,1,5.0,0.0,1,3
80335,3,4.666666666666667,0.5773502691896258,2,3
80336,1,5.0,0.0,1,3
80341,1,5.0,0.0,1,4
80342,1,5.0,0.0,1,4
80343,1,4.0,0.0,1,3
80348,1,4.0,0.0,1,4
80353,1,4.0,0.0,1,3
80354,1,4.0,0.0,1,4
80358,3,3.0,0.0,3,4
80360,1,5.0,0.0,1,5
80361,2,3.0,0.0,2,3
80363,1,5.0,0.0,1,3
80364,1,4.0,0.0,1,3
80367,1,4.0,0.0,1,5
80368,1,5.0,0.0,1,2
80369,1,5.0,0.0,1,2
80370,1,5.0,0.0,1,3
80375,1,5.0,0.0,1,4
80376,1,5.0,0.0,1,3
80378,1,5.0,0.0,1,2
80379,1,5.0,0.0,1,3
80380,1,5.0,0.0,1,4
80382,1,4.0,0.0,1,2
80383,1,4.0,0.0,1,2
80387,1,4.0,0.0,1,4
80389,7,3.857142857142857,0.6900655593423541,1,2
80393,1,4.0,0.0,1,3
80394,1,4.0,0.0,1,2
80396,1,5.0,0.0,1,3
80398,2,5.0,0.0,2,1
80402,4,4.5,1.0,4,4
80403,1,5.0,0.0,1,4
80406,1,5.0,0.0,1,2
80407,1,1.0,0.0,1,3
80409,2,4.0,1.4142135623730951,2,4
80416,1,4.0,0.0,1,5
80425,1,5.0,0.0,1,3
80427,2,4.0,0.0,2,2
80429,1,5.0,0.0,1,2
80430,1,4.0,0.0,1,4
80432,1,4.0,0.0,1,4
80435,1,3.0,0.0,1,2
80436,1,5.0,0.0,1,3
80437,1,5.0,0.0,1,4
80439,1,2.0,0.0,1,2
80442,1,5.0,0.0,1,2
80443,1,1.0,0.0,1,3
80446,1,5.0,0.0,1,4
80451,1,5.0,0.0,1,3
80453,1,4.0,0.0,1,5
80467,2,5.0,0.0,2,4
80468,1,4.0,0.0,1,4
80471,1,3.0,0.0,1,2
80472,1,5.0,0.0,1,3
80473,1,5.0,0.0,1,2
80474,1,3.0,0.0,1,2
80476,1,5.0,0.0,1,2
80478,2,4.5,0.7071067811865476,2,2
80481,1,5.0,0.0,1,3
80486,1,5.0,0.0,1,2
80487,1,5.0,0.0,1,3
80488,1,4.0,0.0,1,2
80489,1,4.0,0.0,1,4
80496,1,4.0,0.0,1,4
80497,5,4.4,0.5477225575051663,4,2
80498,1,4.0,0.0,1,4
80501,1,5.0,0.0,1,5
80503,1,5.0,0.0,1,4
80505,1,4.0,0.0,1,2
80506,1,5.0,0.0,1,3
80509,1,5.0,0.0,1,3
80512,1,4.0,0.0,1,2
80518,1,5.0,0.0,1,4
80526,1,3.0,0.0,1,2
80529,1,3.0,0.0,1,3
80534,1,5.0,0.0,1,2
80539,1,3.0,0.0,1,2
80540,1,4.0,0.0,1,2
80545,1,3.0,0.0,1,2
80547,1,4.0,0.0,1,3
80550,1,5.0,0.0,1,2
80554,1,5.0,0.0,1,2
80555,6,4.333333333333333,1.2110601416389966,5,2
80556,1,4.0,0.0,1,3
80559,1,5.0,0.0,1,2
80563,1,4.0,0.0,1,3
80566,1,2.0,0.0,1,3
80567,1,5.0,0.0,1,3
80568,1,5.0,0.0,1,3
80570,1,3.0,0.0,1,2
80571,1,5.0,0.0,1,2
80573,2,4.0,0.0,2,4
80575,1,4.0,0.0,1,5
80578,1,5.0,0.0,1,4
80581,1,5.0,0.0,1,3
80583,1,5.0,0.0,1,3
80585,2,4.5,0.7071067811865476,2,2
80586,1,4.0,0.0,1,2
80587,1,4.0,0.0,1,4
80588,1,4.0,0.0,1,2
80589,1,5.0,0.0,1,3
80592,7,4.571428571428571,0.5345224838248489,5,3
80596,6,5.0,0.0,6,2
80602,1,5.0,0.0,1,4
80606,1,4.0,0.0,1,2
80615,1,5.0,0.0,1,2
80616,1,3.0,0.0,1,3
80619,1,4.0,0.0,1,5
80620,1,4.0,0.0,1,2
80621,1,4.0,0.0,1,4
80623,1,3.0,0.0,1,2
80627,1,4.0,0.0,1,2
80628,2,3.5,0.7071067811865476,1,4
80633,1,5.0,0.0,1,2
80634,1,5.0,0.0,1,4
80635,1,2.0,0.0,1,2
80637,1,2.0,0.0,1,2
80639,1,3.0,0.0,1,4
80642,1,2.0,0.0,1,3
80644,1,5.0,0.0,1,4
80645,7,4.571428571428571,0.5345224838248486,4,2
80647,1,5.0,0.0,1,3
80650,3,3.6666666666666665,1.5275252316519465,1,4
80652,1,3.0,0.0,1,2
80656,1,4.0,0.0,1,2
80658,3,4.333333333333333,0.5773502691896258,2,2
80659,1,3.0,0.0,1,4
80660,2,3.5,0.7071067811865476,2,2
80661,1,1.0,0.0,1,3
80665,1,4.0,0.0,1,3
80667,4,5.0,0.0,4,2
80668,1,5.0,0.0,1,3
80669,1,4.0,0.0,1,2
80670,2,4.0,0.0,1,5
80672,1,5.0,0.0,1,3
80675,1,4.0,0.0,1,2
80678,1,1.0,0.0,1,2
80682,4,5.0,0.0,3,3
80684,1,1.0,0.0,1,3
80687,4,3.75,1.8929694486000912,3,2
80689,1,3.0,0.0,1,3
80690,1,4.0,0.0,1,4
80695,1,5.0,0.0,1,4
80698,1,5.0,0.0,1,2
80700,2,4.0,1.4142135623730951,2,4
80703,1,5.0,0.0,1,2
80706,1,3.0,0.0,1,3
80711,3,4.0,1.0,3,2
80713,1,5.0,0.0,1,3
80718,1,2.0,0.0,1,2
80722,3,4.0,0.0,3,2
80726,2,4.0,0.0,2,3
80728,1,4.0,0.0,1,3
80729,1,5.0,0.0,1,3
80736,1,3.0,0.0,1,3
80740,2,3.5,0.7071067811865476,1,4
80746,2,4.5,0.7071067811865476,2,2
80747,1,4.0,0.0,1,3
80748,2,4.0,1.4142135623730951,1,2
80750,1,5.0,0.0,1,4
80753,2,3.0,0.0,2,3
80754,2,5.0,0.0,2,2
80758,1,4.0,0.0,1,4
80762,1,3.0,0.0,1,3
80766,1,5.0,0.0,1,2
80768,1,3.0,0.0,1,2
80771,3,4.0,1.0,2,3
80774,2,5.0,0.0,2,3
80775,2,4.5,0.7071067811865476,2,3
80776,1,5.0,0.0,1,3
80777,2,4.0,1.4142135623730951,2,2
80778,1,5.0,0.0,1,5
80783,1,4.0,0.0,1,4
80785,1,4.0,0.0,1,5
80786,2,3.5,2.1213203435596424,1,5
80790,1,4.0,0.0,1,4
80794,1,3.0,0.0,1,3
80797,2,2.0,1.4142135623730951,2,2
80798,2,4.0,1.4142135623730951,1,3
80799,1,5.0,0.0,1,4
80800,1,4.0,0.0,1,2
80802,1,4.0,0.0,1,2
80803,1,4.0,0.0,1,2
80812,1,4.0,0.0,1,3
80815,1,4.0,0.0,1,2
80817,1,5.0,0.0,1,4
80818,1,5.0,0.0,1,3
80820,1,4.0,0.0,1,4
80821,1,4.0,0.0,1,3
80825,1,5.0,0.0,1,2
80826,2,3.5,0.7071067811865476,2,3
80829,1,4.0,0.0,1,3
80831,1,4.0,0.0,1,5
80832,1,4.0,0.0,1,2
80839,1,5.0,0.0,1,5
80840,1,5.0,0.0,1,3
80841,1,1.0,0.0,1,4
80842,1,5.0,0.0,1,3
80847,1,5.0,0.0,1,3
80848,1,5.0,0.0,1,4
80850,1,4.0,0.0,1,4
80851,1,5.0,0.0,1,4
80854,1,4.0,0.0,1,4
80863,1,4.0,0.0,1,2
80865,1,5.0,0.0,1,4
80867,1,5.0,0.0,1,3
80870,1,5.0,0.0,1,5
80873,1,3.0,0.0,1,2
80875,2,5.0,0.0,1,2
80878,1,4.0,0.0,1,3
80879,1,5.0,0.0,1,2
80882,1,4.0,0.0,1,5
80886,2,3.0,2.8284271247461903,1,3
80890,1,4.0,0.0,1,4
80893,2,5.0,0.0,2,3
80896,1,5.0,0.0,1,2
80902,1,4.0,0.0,1,3
80905,1,4.0,0.0,1,4
80906,2,3.5,0.7071067811865476,2,3
80907,1,3.0,0.0,1,5
80908,1,5.0,0.0,1,3
80915,1,4.0,0.0,1,5
80917,1,5.0,0.0,1,3
80918,1,4.0,0.0,1,5
80919,3,3.3333333333333335,1.1547005383792517,3,3
80920,1,5.0,0.0,1,2
80923,2,4.5,0.7071067811865476,1,3
80925,1,4.0,0.0,1,3
80930,1,5.0,0.0,1,4
80937,1,4.0,0.0,1,3
80940,1,5.0,0.0,1,3
80941,1,2.0,0.0,1,2
80944,1,4.0,0.0,1,2
80945,1,3.0,0.0,1,2
80946,1,3.0,0.0,1,4
80947,2,4.5,0.7071067811865476,2,2
80948,2,4.5,0.7071067811865476,2,3
80954,2,5.0,0.0,2,2
80956,1,5.0,0.0,1,2
80959,1,5.0,0.0,1,2
80969,1,5.0,0.0,1,2
80970,1,5.0,0.0,1,4
80973,1,5.0,0.0,1,3
80975,1,4.0,0.0,1,4
80978,1,5.0,0.0,1,3
80979,1,2.0,0.0,1,2
80980,1,5.0,0.0,1,2
80981,1,5.0,0.0,1,4
80983,1,3.0,0.0,1,4
80984,1,5.0,0.0,1,2
80985,2,5.0,0.0,1,3
80987,1,5.0,0.0,1,5
80995,1,3.0,0.0,1,2
80999,1,4.0,0.0,1,2
81000,1,4.0,0.0,1,5
81001,1,4.0,0.0,1,3
81002,1,3.0,0.0,1,3
81003,2,4.0,0.0,2,3
81005,1,3.0,0.0,1,5
81008,1,4.0,0.0,1,4
81009,2,5.0,0.0,2,2
81015,1,1.0,0.0,1,4
81017,1,5.0,0.0,1,4
81021,1,5.0,0.0,1,4
81022,1,5.0,0.0,1,3
81026,1,4.0,0.0,1,3
81027,1,3.0,0.0,1,4
81029,3,3.6666666666666665,1.5275252316519465,1,4
81033,1,5.0,0.0,1,5
81034,1,4.0,0.0,1,2
81035,4,3.75,0.5,4,2
81036,2,5.0,0.0,2,2
81038,1,4.0,0.0,1,3
81041,1,4.0,0.0,1,3
81042,1,5.0,0.0,1,2
81043,1,4.0,0.0,1,2
81045,1,4.0,0.0,1,2
81047,1,4.0,0.0,1,3
81049,1,3.0,0.0,1,2
81051,2,4.0,0.0,2,4
81052,1,5.0,0.0,1,3
81054,1,5.0,0.0,1,4
81056,1,4.0,0.0,1,4
81057,1,4.0,0.0,1,4
81058,1,5.0,0.0,1,3
81059,1,5.0,0.0,1,2
81063,2,2.5,2.1213203435596424,1,5
81066,1,4.0,0.0,1,2
81067,1,5.0,0.0,1,3
81068,3,4.333333333333333,1.1547005383792515,3,2
81072,1,5.0,0.0,1,3
81074,1,4.0,0.0,1,2
81075,2,4.5,0.7071067811865476,2,2
81078,1,5.0,0.0,1,4
81082,2,4.0,1.4142135623730951,2,3
81083,2,4.5,0.7071067811865476,2,4
81090,1,5.0,0.0,1,4
81091,6,3.5,1.51657508881031,4,2
81092,1,5.0,0.0,1,3
81097,1,5.0,0.0,1,2
81099,2,4.0,1.4142135623730951,2,2
81100,2,2.0,0.0,2,2
81102,3,4.333333333333333,0.5773502691896258,3,3
81103,2,5.0,0.0,2,2
81104,1,4.0,0.0,1,3
81107,2,4.0,1.4142135623730951,2,2
81111,1,5.0,0.0,1,2
81112,4,4.0,1.4142135623730951,4,2
81115,1,5.0,0.0,1,3
81120,1,5.0,0.0,1,3
81121,1,5.0,0.0,1,2
81125,1,5.0,0.0,1,2
81128,1,5.0,0.0,1,2
81131,2,4.0,0.0,2,2
81135,1,5.0,0.0,1,2
81139,1,3.0,0.0,1,4
81144,1,5.0,0.0,1,2
81145,2,3.5,0.7071067811865476,2,2
81149,1,3.0,0.0,1,2
81154,3,4.0,0.0,2,2
81157,1,2.0,0.0,1,2
81161,1,5.0,0.0,1,2
81163,7,4.142857142857143,1.2149857925879117,4,2
81175,2,4.5,0.7071067811865476,2,3
81176,1,2.0,0.0,1,2
81177,1,3.0,0.0,1,3
81180,1,5.0,0.0,1,4
81181,1,1.0,0.0,1,2
81185,2,3.0,2.8284271247461903,2,4
81190,1,5.0,0.0,1,2
81193,1,4.0,0.0,1,2
81196,1,5.0,0.0,1,2
81197,2,5.0,0.0,1,3
81201,2,3.5,0.7071067811865476,2,2
81204,1,1.0,0.0,1,4
81206,2,3.5,0.7071067811865476,2,2
81207,2,5.0,0.0,2,3
81210,1,3.0,0.0,1,3
81226,2,5.0,0.0,2,2
81227,1,4.0,0.0,1,2
81231,1,4.0,0.0,1,3
81232,1,5.0,0.0,1,1
81233,2,4.0,0.0,2,2
81235,2,4.0,0.0,2,5
81236,1,5.0,0.0,1,2
81238,1,3.0,0.0,1,2
81241,1,5.0,0.0,1,3
81242,1,4.0,0.0,1,4
81243,1,5.0,0.0,1,3
81245,4,3.75,0.49999999999999994,4,2
81246,1,3.0,0.0,1,3
81247,1,3.0,0.0,1,3
81249,4,4.5,0.5773502691896257,4,2
81251,4,4.25,0.5,4,2
81252,1,4.0,0.0,1,3
81255,1,4.0,0.0,1,3
81257,3,3.3333333333333335,1.1547005383792515,1,4
81259,1,4.0,0.0,1,2
81260,1,4.0,0.0,1,2
81262,1,4.0,0.0,1,4
81263,3,4.666666666666667,0.5773502691896257,2,4
81268,1,5.0,0.0,1,4
81271,1,5.0,0.0,1,3
81272,5,4.6,0.5477225575051662,5,4
81273,2,3.5,0.7071067811865476,2,2
81274,1,5.0,0.0,1,2
81275,3,4.0,0.0,2,2
81279,1,4.0,0.0,1,2
81280,1,1.0,0.0,1,2
81285,1,4.0,0.0,1,2
81286,1,4.0,0.0,1,4
81287,4,4.0,0.8164965809277259,3,2
81288,1,5.0,0.0,1,2
81290,1,3.0,0.0,1,4
81291,1,5.0,0.0,1,2
81293,6,3.6666666666666665,1.5055453054181622,5,2
81294,1,3.0,0.0,1,3
81298,2,4.5,0.7071067811865476,2,4
81303,2,4.5,0.7071067811865476,2,3
81309,1,4.0,0.0,1,2
81312,1,4.0,0.0,1,2
81317,1,2.0,0.0,1,4
81319,1,5.0,0.0,1,4
81323,1,5.0,0.0,1,3
81324,1,4.0,0.0,1,3
81326,2,4.0,1.4142135623730951,2,2
81328,1,4.0,0.0,1,2
81331,1,4.0,0.0,1,2
81332,3,3.6666666666666665,1.5275252316519465,2,3
81337,1,4.0,0.0,1,2
81342,1,5.0,0.0,1,3
81343,1,5.0,0.0,1,3
81344,1,5.0,0.0,1,3
81345,2,4.5,0.7071067811865476,2,4
81349,4,4.5,1.0,4,4
81351,1,4.0,0.0,1,3
81352,1,5.0,0.0,1,3
81353,1,5.0,0.0,1,2
81354,4,4.25,0.4999999999999999,1,3
81360,1,5.0,0.0,1,2
81361,1,4.0,0.0,1,5
81364,1,4.0,0.0,1,3
81368,1,5.0,0.0,1,3
81371,1,5.0,0.0,1,2
81374,1,4.0,0.0,1,3
81376,1,3.0,0.0,1,4
81377,1,4.0,0.0,1,2
81385,1,5.0,0.0,1,3
81386,3,4.666666666666667,0.5773502691896257,3,3
81389,1,4.0,0.0,1,4
81391,1,5.0,0.0,1,3
81392,1,3.0,0.0,1,2
81405,1,5.0,0.0,1,2
81406,2,5.0,0.0,2,2
81407,2,4.0,0.0,2,3
81411,1,5.0,0.0,1,2
81412,1,4.0,0.0,1,2
81415,2,5.0,0.0,2,3
81424,2,4.0,1.4142135623730951,1,3
81425,1,3.0,0.0,1,4
81427,1,5.0,0.0,1,2
81428,2,4.0,0.0,2,2
81433,1,5.0,0.0,1,2
81435,1,4.0,0.0,1,2
81436,1,5.0,0.0,1,3
81451,1,4.0,0.0,1,5
81456,3,5.0,0.0,1,3
81457,1,5.0,0.0,1,5
81459,1,4.0,0.0,1,3
81460,2,3.0,1.4142135623730951,2,2
81464,1,3.0,0.0,1,3
81471,1,5.0,0.0,1,5
81474,2,4.5,0.7071067811865476,2,2
81475,1,2.0,0.0,1,2
81478,1,4.0,0.0,1,3
81479,1,5.0,0.0,1,3
81480,1,5.0,0.0,1,2
81481,2,3.5,0.7071067811865476,2,3
81485,1,5.0,0.0,1,2
81486,1,3.0,0.0,1,4
81488,1,1.0,0.0,1,2
81492,1,4.0,0.0,1,3
81493,1,5.0,0.0,1,3
81494,1,4.0,0.0,1,2
81497,1,3.0,0.0,1,2
81498,1,4.0,0.0,1,3
81503,1,5.0,0.0,1,4
81505,1,5.0,0.0,1,3
81506,1,5.0,0.0,1,2
81509,1,5.0,0.0,1,5
81510,2,5.0,0.0,1,2
81512,1,5.0,0.0,1,2
81514,1,3.0,0.0,1,3
81522,1,5.0,0.0,1,2
81523,1,5.0,0.0,1,2
81524,3,4.333333333333333,0.5773502691896257,3,2
81525,1,5.0,0.0,1,3
81530,1,3.0,0.0,1,3
81531,1,5.0,0.0,1,3
81534,2,4.0,1.4142135623730951,2,4
81535,1,3.0,0.0,1,3
81538,2,4.0,0.0,2,4
81539,1,5.0,0.0,1,1
81540,1,5.0,0.0,1,4
81542,1,5.0,0.0,1,3
81543,1,5.0,0.0,1,2
81545,1,4.0,0.0,1,4
81551,1,3.0,0.0,1,2
81552,1,1.0,0.0,1,5
81553,1,5.0,0.0,1,4
81561,2,4.0,1.4142135623730951,2,2
81565,2,3.0,2.8284271247461903,2,2
81569,1,5.0,0.0,1,4
81581,1,2.0,0.0,1,4
81583,1,4.0,0.0,1,4
81585,2,4.5,0.7071067811865476,2,3
81586,1,4.0,0.0,1,4
81587,1,5.0,0.0,1,3
81588,1,5.0,0.0,1,4
81589,1,4.0,0.0,1,2
81590,1,5.0,0.0,1,2
81592,2,4.0,0.0,2,3
81596,1,4.0,0.0,1,3
81605,1,5.0,0.0,1,2
81608,2,5.0,0.0,2,2
81611,1,5.0,0.0,1,2
81612,1,4.0,0.0,1,4
81619,3,4.666666666666667,0.5773502691896258,2,4
81621,2,3.5,0.7071067811865476,1,5
81623,1,3.0,0.0,1,2
81625,1,5.0,0.0,1,3
81629,1,5.0,0.0,1,4
81630,1,4.0,0.0,1,4
81632,1,5.0,0.0,1,3
81633,1,2.0,0.0,1,5
81638,1,3.0,0.0,1,1
81640,1,3.0,0.0,1,4
81641,1,5.0,0.0,1,4
81642,2,2.5,0.7071067811865476,2,2
81643,1,3.0,0.0,1,3
81646,1,3.0,0.0,1,2
81647,2,5.0,0.0,2,2
81648,1,5.0,0.0,1,5
81650,3,3.3333333333333335,0.5773502691896258,3,5
81651,1,3.0,0.0,1,5
81654,1,5.0,0.0,1,4
81655,2,4.5,0.7071067811865476,2,2
81656,2,3.5,2.1213203435596424,2,2
81658,1,3.0,0.0,1,3
81662,1,1.0,0.0,1,4
81663,1,2.0,0.0,1,3
81664,1,1.0,0.0,1,2
81665,2,4.5,0.7071067811865476,2,2
81666,1,3.0,0.0,1,2
81668,1,5.0,0.0,1,2
81669,2,5.0,0.0,2,2
81674,2,4.0,1.4142135623730951,2,2
81675,1,5.0,0.0,1,2
81676,1,4.0,0.0,1,3
81677,3,3.3333333333333335,0.5773502691896257,3,2
81678,3,4.333333333333333,1.1547005383792515,3,3
81684,3,3.0,1.0,2,5
81686,1,5.0,0.0,1,3
81690,1,3.0,0.0,1,2
81693,4,3.0,1.8257418583505538,1,3
81697,1,5.0,0.0,1,3
81698,3,5.0,0.0,3,3
81702,1,3.0,0.0,1,2
81705,1,5.0,0.0,1,2
81706,2,5.0,0.0,1,3
81712,1,1.0,0.0,1,3
81713,2,5.0,0.0,1,4
81714,3,4.666666666666667,0.5773502691896258,1,4
81717,2,4.5,0.7071067811865476,2,2
81720,1,4.0,0.0,1,3
81722,2,3.5,0.7071067811865476,2,2
81724,4,3.5,1.0,3,2
81725,1,5.0,0.0,1,3
81726,1,4.0,0.0,1,5
81728,1,5.0,0.0,1,2
81732,1,4.0,0.0,1,3
81733,1,4.0,0.0,1,4
81734,3,4.0,1.0,2,3
81737,1,4.0,0.0,1,3
81740,2,3.5,0.7071067811865476,1,3
81741,1,4.0,0.0,1,4
81742,4,3.25,1.707825127659933,2,3
81745,1,4.0,0.0,1,2
81749,2,4.5,0.7071067811865476,2,2
81750,1,5.0,0.0,1,3
81752,1,2.0,0.0,1,5
81753,1,1.0,0.0,1,2
81756,1,5.0,0.0,1,3
81761,1,5.0,0.0,1,2
81766,1,4.0,0.0,1,2
81770,1,3.0,0.0,1,2
81771,1,4.0,0.0,1,3
81774,6,4.0,0.8944271909999159,6,3
81777,1,4.0,0.0,1,2
81780,1,4.0,0.0,1,3
81783,1,3.0,0.0,1,4
81784,3,4.666666666666667,0.5773502691896257,2,2
81786,1,4.0,0.0,1,3
81788,1,4.0,0.0,1,2
81790,1,5.0,0.0,1,5
81797,1,3.0,0.0,1,2
81799,2,5.0,0.0,2,3
81801,1,4.0,0.0,1,3
81804,1,4.0,0.0,1,2
81805,1,5.0,0.0,1,2
81806,1,3.0,0.0,1,3
81807,1,4.0,0.0,1,3
81810,1,5.0,0.0,1,5
81813,1,4.0,0.0,1,2
81814,1,5.0,0.0,1,2
81815,1,5.0,0.0,1,2
81816,2,3.5,2.1213203435596424,2,3
81818,1,5.0,0.0,1,3
81819,1,3.0,0.0,1,2
81822,2,5.0,0.0,2,4
81824,3,3.6666666666666665,1.5275252316519465,3,2
81825,1,4.0,0.0,1,4
81826,1,3.0,0.0,1,2
81827,2,4.0,1.4142135623730951,2,5
81828,1,5.0,0.0,1,3
81829,3,4.666666666666667,0.5773502691896258,3,2
81830,2,3.5,0.7071067811865476,2,4
81832,2,4.5,0.7071067811865476,2,2
81834,1,5.0,0.0,1,1
81835,1,5.0,0.0,1,4
81836,1,5.0,0.0,1,4
81840,1,4.0,0.0,1,2
81843,1,5.0,0.0,1,2
81844,1,5.0,0.0,1,2
81845,1,4.0,0.0,1,5
81846,2,4.5,0.7071067811865476,2,2
81849,2,5.0,0.0,2,5
81851,1,4.0,0.0,1,3
81852,1,3.0,0.0,1,2
81853,2,3.5,0.7071067811865476,1,3
81854,1,5.0,0.0,1,3
81855,1,4.0,0.0,1,2
81857,1,4.0,0.0,1,2
81859,1,3.0,0.0,1,1
81860,3,4.0,0.0,3,2
81863,1,4.0,0.0,1,2
81865,1,2.0,0.0,1,2
81867,2,5.0,0.0,1,2
81870,1,5.0,0.0,1,2
81876,1,3.0,0.0,1,5
81877,1,5.0,0.0,1,4
81878,1,5.0,0.0,1,3
81879,1,5.0,0.0,1,2
81880,1,5.0,0.0,1,2
81885,1,4.0,0.0,1,1
81886,4,4.75,0.4999999999999999,1,2
81892,2,5.0,0.0,2,4
81894,2,3.5,0.7071067811865476,2,4
81901,1,5.0,0.0,1,2
81902,1,1.0,0.0,1,3
81904,1,4.0,0.0,1,2
81906,1,5.0,0.0,1,3
81907,2,4.0,1.4142135623730951,2,2
81913,3,3.6666666666666665,0.5773502691896257,3,3
81914,1,3.0,0.0,1,2
81915,4,4.0,0.816496580927726,4,4
81917,1,5.0,0.0,1,2
81923,3,4.0,0.0,3,3
81924,4,3.75,0.49999999999999994,4,4
81929,3,5.0,0.0,3,2
81930,1,2.0,0.0,1,3
81932,3,4.333333333333333,1.1547005383792517,3,2
81933,1,5.0,0.0,1,2
81934,1,5.0,0.0,1,3
81936,1,5.0,0.0,1,4
81941,1,5.0,0.0,1,4
81942,2,5.0,0.0,2,4
81944,1,4.0,0.0,1,5
81949,1,4.0,0.0,1,2
81955,1,3.0,0.0,1,2
81957,1,5.0,0.0,1,2
81959,1,5.0,0.0,1,5
81965,1,2.0,0.0,1,2
81966,2,3.5,0.7071067811865476,2,3
81972,1,1.0,0.0,1,3
81978,1,5.0,0.0,1,5
81979,1,5.0,0.0,1,2
81980,1,5.0,0.0,1,4
81981,1,5.0,0.0,1,2
81985,1,5.0,0.0,1,4
81998,4,4.0,1.1547005383792515,4,3
82000,2,2.0,0.0,2,3
82001,2,2.5,2.1213203435596424,2,3
82004,1,4.0,0.0,1,2
82005,1,3.0,0.0,1,2
82012,2,4.5,0.7071067811865476,2,4
82013,1,5.0,0.0,1,3
82014,1,4.0,0.0,1,4
82017,1,3.0,0.0,1,5
82018,1,5.0,0.0,1,3
82020,2,5.0,0.0,2,5
82023,2,5.0,0.0,1,2
82024,1,4.0,0.0,1,3
82025,2,2.5,0.7071067811865476,1,5
82026,1,3.0,0.0,1,2
82027,1,4.0,0.0,1,3
82028,4,3.75,0.9574271077563381,3,2
82033,1,5.0,0.0,1,4
82034,2,2.5,2.1213203435596424,1,2
82035,1,5.0,0.0,1,3
82040,1,3.0,0.0,1,3
82041,1,5.0,0.0,1,2
82042,2,4.5,0.7071067811865476,2,2
82044,1,4.0,0.0,1,2
82045,1,4.0,0.0,1,3
82047,1,4.0,0.0,1,3
82048,1,5.0,0.0,1,2
82049,2,4.0,1.4142135623730951,1,5
82050,6,3.5,0.8366600265340756,4,5
82051,1,4.0,0.0,1,4
82057,1,5.0,0.0,1,3
82060,1,4.0,0.0,1,3
82063,1,4.0,0.0,1,3
82065,1,5.0,0.0,1,3
82066,1,5.0,0.0,1,4
82068,1,4.0,0.0,1,2
82069,1,5.0,0.0,1,5
82070,1,4.0,0.0,1,3
82072,1,5.0,0.0,1,2
82075,1,4.0,0.0,1,4
82076,2,4.0,1.4142135623730951,1,3
82079,4,4.25,0.9574271077563381,4,2
82084,2,4.0,0.0,2,3
82086,1,4.0,0.0,1,2
82087,1,5.0,0.0,1,2
82088,1,4.0,0.0,1,3
82092,1,4.0,0.0,1,2
82093,1,4.0,0.0,1,4
82094,1,5.0,0.0,1,3
82096,2,4.0,1.4142135623730951,2,2
82097,1,5.0,0.0,1,4
82099,1,5.0,0.0,1,2
82102,1,5.0,0.0,1,2
82103,1,5.0,0.0,1,2
82107,1,4.0,0.0,1,3
82108,2,4.0,0.0,2,3
82109,1,4.0,0.0,1,3
82114,4,4.0,2.0,4,1
82115,1,5.0,0.0,1,4
82117,5,3.2,0.8366600265340756,4,2
82121,1,2.0,0.0,1,2
82125,1,4.0,0.0,1,2
82127,1,4.0,0.0,1,3
82132,4,4.25,0.5,4,2
82133,1,5.0,0.0,1,5
82135,1,5.0,0.0,1,4
82136,1,5.0,0.0,1,2
82140,1,4.0,0.0,1,3
82141,1,5.0,0.0,1,3
82142,2,4.5,0.7071067811865476,2,3
82146,2,4.5,0.7071067811865476,2,4
82148,1,5.0,0.0,1,2
82149,2,3.5,0.7071067811865476,2,4
82152,2,3.5,2.1213203435596424,1,2
82153,5,4.0,1.7320508075688772,4,5
82154,1,3.0,0.0,1,2
82157,1,3.0,0.0,1,4
82159,1,4.0,0.0,1,3
82165,1,4.0,0.0,1,4
82168,1,4.0,0.0,1,2
82169,1,4.0,0.0,1,5
82170,2,4.5,0.7071067811865476,2,3
82171,2,5.0,0.0,2,2
82172,1,4.0,0.0,1,4
82174,1,4.0,0.0,1,5
82175,1,5.0,0.0,1,3
82176,3,4.666666666666667,0.5773502691896258,3,3
82178,1,3.0,0.0,1,3
82187,3,3.6666666666666665,0.5773502691896258,3,2
82189,7,4.428571428571429,0.5345224838248488,3,2
82190,1,5.0,0.0,1,2
82192,2,3.0,0.0,2,3
82197,1,4.0,0.0,1,4
82198,2,4.5,0.7071067811865476,1,2
82199,1,5.0,0.0,1,2
82201,2,5.0,0.0,2,4
82202,1,5.0,0.0,1,3
82203,2,5.0,0.0,2,3
82204,1,5.0,0.0,1,4
82206,2,5.0,0.0,2,3
82208,1,5.0,0.0,1,3
82209,2,4.5,0.7071067811865476,2,2
82213,1,5.0,0.0,1,3
82215,1,1.0,0.0,1,4
82221,1,3.0,0.0,1,3
82224,3,4.666666666666667,0.5773502691896257,3,4
82225,1,4.0,0.0,1,2
82228,1,5.0,0.0,1,4
82229,1,2.0,0.0,1,2
82236,1,5.0,0.0,1,4
82242,1,3.0,0.0,1,3
82243,1,4.0,0.0,1,2
82245,1,5.0,0.0,1,3
82246,1,5.0,0.0,1,2
82250,1,4.0,0.0,1,2
82252,1,4.0,0.0,1,3
82253,1,5.0,0.0,1,3
82255,1,4.0,0.0,1,2
82258,1,5.0,0.0,1,3
82260,1,5.0,0.0,1,2
82262,1,5.0,0.0,1,2
82267,1,4.0,0.0,1,2
82272,1,5.0,0.0,1,2
82274,2,4.0,0.0,2,2
82275,1,4.0,0.0,1,4
82277,1,4.0,0.0,1,2
82278,1,4.0,0.0,1,2
82280,1,5.0,0.0,1,3
82281,2,3.0,2.8284271247461903,2,3
82282,1,1.0,0.0,1,4
82283,1,5.0,0.0,1,3
82284,1,2.0,0.0,1,2
82285,2,4.0,0.0,2,3
82287,1,4.0,0.0,1,3
82291,2,4.0,0.0,2,3
82294,3,3.3333333333333335,0.5773502691896258,3,2
82296,1,5.0,0.0,1,2
82297,1,5.0,0.0,1,4
82298,1,5.0,0.0,1,2
82300,1,5.0,0.0,1,2
82301,3,3.0,1.0,2,2
82304,1,5.0,0.0,1,5
82305,1,5.0,0.0,1,3
82313,1,4.0,0.0,1,4
82324,1,4.0,0.0,1,2
82325,1,5.0,0.0,1,2
82328,1,5.0,0.0,1,2
82331,1,4.0,0.0,1,4
82332,1,5.0,0.0,1,4
82335,1,5.0,0.0,1,2
82337,2,4.0,1.4142135623730951,2,2
82339,4,4.25,0.4999999999999999,4,2
82340,1,4.0,0.0,1,2
82342,2,3.5,0.7071067811865476,2,2
82343,1,5.0,0.0,1,2
82347,1,3.0,0.0,1,2
82351,1,1.0,0.0,1,5
82354,1,5.0,0.0,1,2
82362,1,5.0,0.0,1,3
82363,3,4.666666666666667,0.5773502691896257,3,2
82369,3,5.0,0.0,3,2
82374,2,3.5,0.7071067811865476,1,2
82376,1,5.0,0.0,1,2
82378,2,5.0,0.0,2,3
82384,1,5.0,0.0,1,2
82392,1,4.0,0.0,1,3
82393,2,4.5,0.7071067811865476,2,3
82395,1,5.0,0.0,1,3
82397,1,3.0,0.0,1,3
82399,1,5.0,0.0,1,4
82402,2,4.5,0.7071067811865476,2,3
82403,1,2.0,0.0,1,2
82404,1,4.0,0.0,1,3
82411,3,3.3333333333333335,0.5773502691896257,1,5
82412,1,5.0,0.0,1,3
82414,1,5.0,0.0,1,2
82415,1,5.0,0.0,1,4
82416,1,5.0,0.0,1,3
82417,1,2.0,0.0,1,3
82420,1,5.0,0.0,1,3
82424,2,4.0,0.0,2,2
82426,1,4.0,0.0,1,3
82427,1,5.0,0.0,1,4
82428,7,4.142857142857143,1.2149857925879117,7,4
82431,2,3.0,2.8284271247461903,2,2
82433,1,5.0,0.0,1,3
82441,1,4.0,0.0,1,2
82443,1,2.0,0.0,1,5
82446,1,1.0,0.0,1,3
82447,1,2.0,0.0,1,2
82448,1,4.0,0.0,1,3
82451,1,5.0,0.0,1,3
82452,1,5.0,0.0,1,1
82456,1,5.0,0.0,1,3
82463,1,5.0,0.0,1,2
82466,1,2.0,0.0,1,2
82468,1,5.0,0.0,1,2
82470,1,5.0,0.0,1,3
82471,1,4.0,0.0,1,2
82472,2,5.0,0.0,2,4
82473,3,5.0,0.0,3,4
82475,1,4.0,0.0,1,3
82476,3,4.0,1.0,3,3
82478,2,3.5,0.7071067811865476,2,2
82479,1,5.0,0.0,1,2
82480,1,3.0,0.0,1,4
82481,3,4.333333333333333,1.1547005383792517,3,3
82482,1,4.0,0.0,1,3
82483,1,5.0,0.0,1,4
82485,1,1.0,0.0,1,4
82488,1,3.0,0.0,1,2
82491,2,4.5,0.7071067811865476,2,4
82501,1,5.0,0.0,1,2
82502,1,5.0,0.0,1,3
82511,1,4.0,0.0,1,5
82514,1,5.0,0.0,1,4
82516,1,4.0,0.0,1,4
82518,3,3.6666666666666665,0.5773502691896258,1,3
82521,1,5.0,0.0,1,3
82522,1,4.0,0.0,1,2
82526,1,5.0,0.0,1,2
82533,3,4.333333333333333,0.5773502691896257,2,3
82534,1,5.0,0.0,1,2
82535,1,4.0,0.0,1,2
82537,1,5.0,0.0,1,3
82541,3,4.333333333333333,0.5773502691896257,3,2
82543,2,5.0,0.0,2,2
82545,1,5.0,0.0,1,3
82546,1,4.0,0.0,1,3
82548,1,4.0,0.0,1,4
82549,1,5.0,0.0,1,3
82550,1,3.0,0.0,1,4
82554,3,5.0,0.0,3,4
82555,1,5.0,0.0,1,4
82561,1,5.0,0.0,1,2
82563,2,5.0,0.0,1,3
82567,1,3.0,0.0,1,2
82568,2,3.5,0.7071067811865476,1,3
82569,1,5.0,0.0,1,3
82570,1,4.0,0.0,1,2
82571,1,4.0,0.0,1,4
82572,1,4.0,0.0,1,3
82576,1,4.0,0.0,1,2
82580,1,5.0,0.0,1,2
82583,1,3.0,0.0,1,4
82584,1,4.0,0.0,1,3
82587,1,3.0,0.0,1,3
82588,1,4.0,0.0,1,3
82589,1,4.0,0.0,1,3
82592,1,2.0,0.0,1,3
82595,1,4.0,0.0,1,3
82601,1,4.0,0.0,1,3
82602,1,3.0,0.0,1,2
82603,1,5.0,0.0,1,2
82604,3,4.0,1.0,1,5
82607,1,5.0,0.0,1,3
82609,2,4.0,1.4142135623730951,2,2
82612,4,4.5,0.5773502691896257,4,4
82616,1,4.0,0.0,1,3
82618,1,5.0,0.0,1,2
82620,1,5.0,0.0,1,5
82621,1,2.0,0.0,1,2
82623,1,5.0,0.0,1,5
82633,2,4.0,0.0,2,5
82634,5,4.0,0.9999999999999999,5,2
82636,3,4.333333333333333,1.1547005383792517,3,5
82637,1,4.0,0.0,1,3
82639,1,4.0,0.0,1,2
82640,1,4.0,0.0,1,3
82642,2,4.0,0.0,2,2
82644,4,4.75,0.4999999999999999,4,3
82647,2,5.0,0.0,1,3
82648,1,3.0,0.0,1,3
82649,1,3.0,0.0,1,2
82650,1,5.0,0.0,1,2
82651,1,4.0,0.0,1,2
82652,1,5.0,0.0,1,3
82654,2,4.0,1.4142135623730951,2,4
82655,1,3.0,0.0,1,2
82656,2,3.5,0.7071067811865476,2,3
82659,1,5.0,0.0,1,4
82660,1,5.0,0.0,1,2
82663,1,5.0,0.0,1,3
82665,1,5.0,0.0,1,3
82668,1,5.0,0.0,1,3
82676,2,3.0,0.0,1,4
82677,1,5.0,0.0,1,3
82678,1,3.0,0.0,1,3
82680,2,4.0,0.0,2,2
82681,1,4.0,0.0,1,3
82683,1,5.0,0.0,1,3
82685,1,4.0,0.0,1,3
82690,1,5.0,0.0,1,3
82694,1,3.0,0.0,1,2
82696,1,4.0,0.0,1,4
82701,2,4.0,0.0,2,4
82704,3,4.333333333333333,0.5773502691896257,3,3
82705,1,5.0,0.0,1,4
82707,2,5.0,0.0,1,4
82709,1,4.0,0.0,1,5
82716,1,5.0,0.0,1,3
82723,2,4.0,0.0,2,3
82726,1,4.0,0.0,1,2
82731,1,4.0,0.0,1,2
82732,1,4.0,0.0,1,2
82734,2,5.0,0.0,2,4
82735,1,4.0,0.0,1,4
82736,2,3.5,0.7071067811865476,2,3
82737,1,5.0,0.0,1,4
82738,3,4.666666666666667,0.5773502691896258,3,4
82743,1,5.0,0.0,1,3
82746,2,3.0,0.0,2,2
82748,1,5.0,0.0,1,3
82749,1,4.0,0.0,1,5
82750,1,4.0,0.0,1,3
82754,1,5.0,0.0,1,3
82756,1,4.0,0.0,1,2
82757,1,5.0,0.0,1,2
82758,1,1.0,0.0,1,2
82761,1,5.0,0.0,1,3
82762,1,4.0,0.0,1,2
82764,1,1.0,0.0,1,4
82765,1,4.0,0.0,1,3
82768,1,5.0,0.0,1,4
82769,1,3.0,0.0,1,3
82771,1,5.0,0.0,1,4
82777,1,3.0,0.0,1,2
82778,2,4.5,0.7071067811865476,1,2
82784,4,4.5,0.5773502691896257,4,2
82786,3,4.333333333333333,0.5773502691896258,2,2
82790,2,5.0,0.0,1,2
82793,1,1.0,0.0,1,2
82794,1,5.0,0.0,1,3
82795,1,4.0,0.0,1,2
82798,1,4.0,0.0,1,3
82800,1,4.0,0.0,1,4
82802,1,4.0,0.0,1,3
82804,1,4.0,0.0,1,2
82805,1,5.0,0.0,1,3
82806,1,5.0,0.0,1,3
82812,1,5.0,0.0,1,4
82813,1,5.0,0.0,1,4
82814,2,5.0,0.0,2,4
82819,2,4.0,1.4142135623730951,1,5
82820,1,4.0,0.0,1,1
82822,1,5.0,0.0,1,3
82823,4,5.0,0.0,4,3
82824,2,4.5,0.7071067811865476,2,4
82825,2,3.0,0.0,2,3
82829,1,4.0,0.0,1,2
82831,1,3.0,0.0,1,3
82834,2,5.0,0.0,2,2
82835,1,3.0,0.0,1,4
82837,2,3.5,0.7071067811865476,1,4
82839,1,4.0,0.0,1,3
82843,1,2.0,0.0,1,2
82844,6,3.8333333333333335,1.4719601443879746,4,2
82846,4,4.0,0.0,2,3
82852,1,5.0,0.0,1,3
82853,1,4.0,0.0,1,3
82856,1,4.0,0.0,1,3
82857,3,5.0,0.0,3,3
82859,2,4.0,0.0,2,3
82864,1,5.0,0.0,1,3
82866,3,4.666666666666667,0.5773502691896257,2,2
82868,1,5.0,0.0,1,3
82873,1,5.0,0.0,1,3
82875,1,5.0,0.0,1,3
82882,1,4.0,0.0,1,4
82883,1,5.0,0.0,1,2
82886,1,2.0,0.0,1,4
82888,2,4.5,0.7071067811865476,2,3
82889,1,3.0,0.0,1,3
82891,1,5.0,0.0,1,3
82893,1,3.0,0.0,1,4
82895,1,4.0,0.0,1,2
82896,1,3.0,0.0,1,5
82897,1,5.0,0.0,1,4
82899,2,4.5,0.7071067811865476,1,3
82904,1,5.0,0.0,1,4
82907,1,5.0,0.0,1,5
82914,1,5.0,0.0,1,5
82916,1,5.0,0.0,1,4
82918,2,3.5,0.7071067811865476,2,2
82926,1,5.0,0.0,1,4
82928,1,4.0,0.0,1,4
82929,1,4.0,0.0,1,4
82932,1,5.0,0.0,1,2
82935,2,5.0,0.0,2,2
82936,1,5.0,0.0,1,5
82937,1,5.0,0.0,1,4
82938,1,5.0,0.0,1,2
82939,1,5.0,0.0,1,1
82942,1,3.0,0.0,1,3
82946,1,4.0,0.0,1,2
82951,2,4.5,0.7071067811865476,2,2
82952,1,4.0,0.0,1,2
82954,3,4.0,0.0,3,2
82956,2,3.5,0.7071067811865476,2,3
82957,6,4.5,0.5477225575051661,5,2
82961,2,3.5,0.7071067811865476,2,2
82968,2,4.5,0.7071067811865476,2,3
82972,2,5.0,0.0,2,2
82975,1,4.0,0.0,1,2
82976,1,4.0,0.0,1,2
82979,1,4.0,0.0,1,2
82980,2,4.5,0.7071067811865476,2,2
82981,1,5.0,0.0,1,2
82983,1,4.0,0.0,1,5
82987,8,4.5,1.0690449676496976,6,2
82990,1,4.0,0.0,1,2
82998,1,3.0,0.0,1,2
83000,1,5.0,0.0,1,5
83002,1,5.0,0.0,1,4
83009,1,5.0,0.0,1,3
83012,2,5.0,0.0,2,1
83015,1,4.0,0.0,1,3
83018,1,5.0,0.0,1,2
83020,1,5.0,0.0,1,2
83021,1,5.0,0.0,1,4
83022,1,5.0,0.0,1,3
83024,1,5.0,0.0,1,3
83026,1,5.0,0.0,1,3
83027,1,4.0,0.0,1,3
83029,4,4.75,0.4999999999999999,4,2
83032,1,4.0,0.0,1,3
83033,1,5.0,0.0,1,3
83034,2,5.0,0.0,1,3
83035,1,1.0,0.0,1,3
83036,1,5.0,0.0,1,2
83041,1,2.0,0.0,1,2
83044,1,3.0,0.0,1,2
83050,1,4.0,0.0,1,4
83054,4,5.0,0.0,4,3
83056,1,3.0,0.0,1,5
83059,1,5.0,0.0,1,2
83061,1,4.0,0.0,1,2
83064,1,4.0,0.0,1,4
83065,1,4.0,0.0,1,4
83066,1,3.0,0.0,1,2
83073,1,5.0,0.0,1,2
83074,1,1.0,0.0,1,2
83080,1,3.0,0.0,1,5
83081,4,3.5,0.5773502691896257,4,2
83082,1,5.0,0.0,1,2
83083,1,4.0,0.0,1,5
83085,1,4.0,0.0,1,2
83087,1,5.0,0.0,1,5
83088,1,5.0,0.0,1,4
83091,1,4.0,0.0,1,3
83092,1,5.0,0.0,1,4
83094,2,3.5,0.7071067811865476,1,3
83095,1,3.0,0.0,1,2
83096,1,3.0,0.0,1,1
83099,2,4.5,0.7071067811865476,1,4
83101,1,4.0,0.0,1,1
83105,1,3.0,0.0,1,2
83107,3,4.333333333333333,0.5773502691896258,2,3
83112,1,5.0,0.0,1,2
83113,1,5.0,0.0,1,2
83117,2,5.0,0.0,2,3
83118,1,4.0,0.0,1,2
83119,1,5.0,0.0,1,4
83120,2,4.5,0.7071067811865476,2,3
83121,1,5.0,0.0,1,2
83126,2,4.0,0.0,2,2
83127,1,5.0,0.0,1,2
83130,1,5.0,0.0,1,2
83135,3,5.0,0.0,1,1
83136,3,4.0,1.0,3,2
83137,1,5.0,0.0,1,4
83139,1,3.0,0.0,1,3
83146,3,4.333333333333333,0.5773502691896257,3,2
83148,1,5.0,0.0,1,2
83150,3,5.0,0.0,3,4
83151,1,4.0,0.0,1,5
83154,2,3.0,2.8284271247461903,2,2
83158,1,3.0,0.0,1,4
83159,2,5.0,0.0,2,2
83164,2,5.0,0.0,2,4
83165,1,4.0,0.0,1,4
83166,3,3.6666666666666665,1.1547005383792517,3,2
83167,2,3.5,0.7071067811865476,2,2
83168,1,4.0,0.0,1,2
83171,4,4.25,1.5,3,2
83174,1,3.0,0.0,1,4
83178,3,4.666666666666667,0.5773502691896258,3,2
83182,1,5.0,0.0,1,3
83185,1,3.0,0.0,1,5
83186,2,4.5,0.7071067811865476,2,2
83187,3,4.0,0.0,3,2
83191,1,5.0,0.0,1,5
83192,1,3.0,0.0,1,2
83202,1,4.0,0.0,1,4
83203,1,4.0,0.0,1,4
83204,1,4.0,0.0,1,4
83205,1,5.0,0.0,1,3
83207,1,5.0,0.0,1,3
83209,3,3.6666666666666665,0.5773502691896257,3,2
83210,1,4.0,0.0,1,5
83218,1,4.0,0.0,1,2
83220,1,5.0,0.0,1,2
83222,1,1.0,0.0,1,2
83223,1,5.0,0.0,1,4
83224,4,3.75,0.5,4,4
83227,1,4.0,0.0,1,4
83228,2,4.5,0.7071067811865476,2,3
83229,1,5.0,0.0,1,4
83234,1,5.0,0.0,1,2
83238,1,1.0,0.0,1,3
83244,2,4.0,0.0,2,3
83245,2,3.5,0.7071067811865476,2,4
83249,1,4.0,0.0,1,2
83251,1,4.0,0.0,1,2
83254,1,5.0,0.0,1,3
83260,1,4.0,0.0,1,5
83264,1,4.0,0.0,1,2
83265,1,5.0,0.0,1,3
83269,1,5.0,0.0,1,3
83270,1,3.0,0.0,1,5
83276,1,4.0,0.0,1,5
83278,2,5.0,0.0,2,2
83281,1,4.0,0.0,1,4
83286,2,4.0,0.0,1,2
83297,1,5.0,0.0,1,2
83301,3,4.666666666666667,0.5773502691896258,3,3
83303,1,5.0,0.0,1,4
83305,1,5.0,0.0,1,5
83310,3,5.0,0.0,2,1
83311,2,3.5,2.1213203435596424,1,2
83316,4,3.5,1.2909944487358056,1,2
83317,1,5.0,0.0,1,5
83318,1,3.0,0.0,1,3
83322,1,5.0,0.0,1,2
83324,8,3.75,1.3887301496588274,7,3
83331,1,5.0,0.0,1,4
83332,1,5.0,0.0,1,2
83333,1,3.0,0.0,1,3
83335,1,1.0,0.0,1,2
83336,5,4.2,0.44721359549995787,1,2
83338,4,3.5,1.2909944487358056,1,2
83343,1,5.0,0.0,1,4
83345,1,1.0,0.0,1,2
83348,5,4.8,0.4472135954999579,4,2
83349,2,3.0,0.0,2,2
83350,3,4.333333333333333,1.1547005383792517,3,4
83354,6,4.333333333333333,0.5163977794943223,4,4
83357,1,4.0,0.0,1,2
83364,3,5.0,0.0,3,2
83365,1,4.0,0.0,1,3
83368,1,4.0,0.0,1,2
83372,1,5.0,0.0,1,3
83375,2,3.5,0.7071067811865476,2,2
83382,1,5.0,0.0,1,5
83396,1,5.0,0.0,1,2
83397,2,5.0,0.0,2,1
83401,3,4.666666666666667,0.5773502691896258,3,3
83402,1,5.0,0.0,1,4
83403,1,3.0,0.0,1,4
83404,1,5.0,0.0,1,4
83407,1,3.0,0.0,1,3
83412,1,4.0,0.0,1,3
83417,1,5.0,0.0,1,2
83422,1,5.0,0.0,1,2
83430,4,4.0,0.0,4,3
83432,1,5.0,0.0,1,2
83434,2,4.5,0.7071067811865476,1,3
83435,1,5.0,0.0,1,3
83436,2,4.0,0.0,1,4
83437,1,5.0,0.0,1,2
83439,1,2.0,0.0,1,4
83441,1,4.0,0.0,1,5
83445,1,2.0,0.0,1,2
83447,1,5.0,0.0,1,4
83448,2,5.0,0.0,2,4
83451,1,1.0,0.0,1,2
83455,1,5.0,0.0,1,2
83457,1,5.0,0.0,1,4
83458,1,5.0,0.0,1,2
83459,1,4.0,0.0,1,3
83464,1,4.0,0.0,1,5
83466,26,3.576923076923077,0.8086075400626399,10,4
83472,1,5.0,0.0,1,3
83475,1,2.0,0.0,1,4
83477,1,3.0,0.0,1,4
83480,2,2.5,2.1213203435596424,2,2
83481,1,4.0,0.0,1,3
83485,3,4.666666666666667,0.5773502691896257,1,4
83486,1,5.0,0.0,1,4
83491,1,5.0,0.0,1,3
83492,1,4.0,0.0,1,3
83501,1,3.0,0.0,1,4
83504,1,5.0,0.0,1,2
83508,4,3.75,0.49999999999999994,4,3
83515,1,4.0,0.0,1,2
83517,1,4.0,0.0,1,2
83526,2,3.5,0.7071067811865476,2,4
83529,1,2.0,0.0,1,2
83530,1,4.0,0.0,1,3
83531,1,4.0,0.0,1,3
83532,1,5.0,0.0,1,2
83535,1,2.0,0.0,1,2
83537,1,3.0,0.0,1,3
83539,3,3.6666666666666665,1.1547005383792515,3,2
83540,1,4.0,0.0,1,2
83541,1,4.0,0.0,1,3
83544,1,5.0,0.0,1,3
83547,1,5.0,0.0,1,2
83548,1,5.0,0.0,1,3
83549,1,4.0,0.0,1,2
83550,3,5.0,0.0,2,4
83551,1,5.0,0.0,1,3
83552,1,5.0,0.0,1,3
83555,1,4.0,0.0,1,2
83562,1,5.0,0.0,1,3
83566,1,4.0,0.0,1,4
83569,1,5.0,0.0,1,4
83572,2,5.0,0.0,2,2
83574,1,4.0,0.0,1,2
83575,1,5.0,0.0,1,2
83578,1,4.0,0.0,1,4
83583,1,4.0,0.0,1,3
83585,2,4.5,0.7071067811865476,2,2
83587,1,5.0,0.0,1,2
83588,1,3.0,0.0,1,3
83590,3,3.3333333333333335,0.5773502691896258,2,2
83591,3,4.0,0.0,3,2
83592,1,5.0,0.0,1,5
83593,5,3.2,1.0954451150103324,3,5
83594,1,4.0,0.0,1,2
83596,1,4.0,0.0,1,3
83598,1,3.0,0.0,1,3
83602,1,4.0,0.0,1,5
83604,1,3.0,0.0,1,2
83605,1,4.0,0.0,1,4
83606,1,4.0,0.0,1,2
83611,2,4.0,0.0,1,2
83612,1,5.0,0.0,1,2
83615,1,3.0,0.0,1,2
83616,4,4.25,0.4999999999999999,1,4
83619,1,5.0,0.0,1,3
83626,1,5.0,0.0,1,2
83627,2,5.0,0.0,2,5
83628,2,4.0,1.4142135623730951,2,4
83632,2,3.5,0.7071067811865476,1,4
83633,3,4.0,1.0,1,4
83634,2,3.0,1.4142135623730951,2,2
83635,1,4.0,0.0,1,4
83636,1,4.0,0.0,1,5
83644,1,5.0,0.0,1,2
83645,1,3.0,0.0,1,4
83647,1,5.0,0.0,1,3
83650,1,5.0,0.0,1,2
83651,2,4.0,1.4142135623730951,1,3
83652,1,5.0,0.0,1,2
83653,1,4.0,0.0,1,3
83659,1,5.0,0.0,1,3
83661,1,5.0,0.0,1,1
83662,1,5.0,0.0,1,2
83665,1,3.0,0.0,1,2
83668,3,4.333333333333333,1.1547005383792515,3,2
83671,1,4.0,0.0,1,2
83675,1,3.0,0.0,1,3
83678,1,5.0,0.0,1,2
83682,1,3.0,0.0,1,2
83683,1,4.0,0.0,1,2
83689,1,3.0,0.0,1,5
83691,1,3.0,0.0,1,2
83692,1,5.0,0.0,1,3
83695,1,4.0,0.0,1,2
83697,1,4.0,0.0,1,2
83698,1,5.0,0.0,1,2
83700,1,4.0,0.0,1,2
83701,1,4.0,0.0,1,3
83704,1,4.0,0.0,1,2
83714,1,5.0,0.0,1,3
83719,1,5.0,0.0,1,2
83722,1,3.0,0.0,1,3
83726,1,4.0,0.0,1,4
83728,1,5.0,0.0,1,4
83730,1,4.0,0.0,1,4
83733,2,5.0,0.0,2,3
83737,3,4.0,1.0,1,3
83742,2,4.5,0.7071067811865476,2,2
83745,1,3.0,0.0,1,3
83747,1,5.0,0.0,1,2
83750,1,5.0,0.0,1,2
83751,2,5.0,0.0,2,4
83757,4,4.25,0.5,4,2
83759,1,4.0,0.0,1,2
83762,1,5.0,0.0,1,4
83764,1,3.0,0.0,1,5
83765,1,5.0,0.0,1,3
83767,1,3.0,0.0,1,2
83773,1,5.0,0.0,1,4
83780,1,5.0,0.0,1,2
83783,1,4.0,0.0,1,3
83785,3,3.6666666666666665,2.3094010767585034,3,2
83786,1,4.0,0.0,1,3
83788,1,4.0,0.0,1,2
83789,1,5.0,0.0,1,2
83791,1,5.0,0.0,1,2
83792,1,4.0,0.0,1,3
83795,1,5.0,0.0,1,2
83796,1,3.0,0.0,1,1
83800,1,5.0,0.0,1,2
83811,1,5.0,0.0,1,3
83812,1,3.0,0.0,1,2
83813,1,5.0,0.0,1,3
83814,1,4.0,0.0,1,5
83816,2,5.0,0.0,2,4
83821,1,5.0,0.0,1,2
83822,1,5.0,0.0,1,4
83823,1,5.0,0.0,1,2
83833,1,2.0,0.0,1,5
83834,1,5.0,0.0,1,2
83841,1,5.0,0.0,1,5
83845,1,5.0,0.0,1,2
83850,4,4.25,0.9574271077563382,4,3
83855,2,5.0,0.0,2,2
83856,1,5.0,0.0,1,2
83858,1,4.0,0.0,1,4
83860,1,5.0,0.0,1,2
83864,1,5.0,0.0,1,4
83868,1,5.0,0.0,1,3
83870,1,2.0,0.0,1,4
83872,1,5.0,0.0,1,5
83873,1,5.0,0.0,1,4
83874,2,5.0,0.0,2,3
83879,3,3.3333333333333335,0.5773502691896258,3,2
83881,1,5.0,0.0,1,2
83882,1,5.0,0.0,1,3
83883,1,3.0,0.0,1,2
83885,1,3.0,0.0,1,2
83887,1,4.0,0.0,1,2
83888,2,3.0,0.0,2,3
83893,1,5.0,0.0,1,3
83894,1,5.0,0.0,1,4
83896,1,5.0,0.0,1,3
83900,2,4.5,0.7071067811865476,2,2
83901,2,4.0,0.0,2,2
83904,5,4.4,0.894427190999916,5,2
83905,2,5.0,0.0,2,3
83915,1,5.0,0.0,1,2
83917,2,3.5,2.1213203435596424,2,2
83921,1,4.0,0.0,1,3
83928,1,5.0,0.0,1,2
83930,1,4.0,0.0,1,2
83931,1,4.0,0.0,1,3
83933,1,3.0,0.0,1,2
83941,1,1.0,0.0,1,2
83942,1,5.0,0.0,1,3
83945,1,2.0,0.0,1,3
83946,1,3.0,0.0,1,4
83947,1,4.0,0.0,1,2
83948,1,5.0,0.0,1,2
83949,1,5.0,0.0,1,3
83954,1,3.0,0.0,1,4
83956,2,4.0,1.4142135623730951,2,4
83957,1,4.0,0.0,1,2
83963,2,3.5,2.1213203435596424,2,2
83973,1,4.0,0.0,1,4
83974,1,5.0,0.0,1,5
83975,2,5.0,0.0,2,3
83976,1,5.0,0.0,1,3
83977,1,4.0,0.0,1,2
83978,2,3.0,1.4142135623730951,2,3
83979,1,4.0,0.0,1,2
83985,1,4.0,0.0,1,2
83986,1,3.0,0.0,1,3
83987,1,3.0,0.0,1,4
83989,1,5.0,0.0,1,2
83990,2,4.0,0.0,2,4
83994,1,3.0,0.0,1,4
83997,1,3.0,0.0,1,3
84001,2,4.5,0.7071067811865476,2,5
84002,2,4.0,0.0,2,4
84003,1,4.0,0.0,1,2
84004,2,4.5,0.7071067811865476,2,2
84005,2,5.0,0.0,2,2
84006,1,5.0,0.0,1,3
84008,1,5.0,0.0,1,2
84010,1,5.0,0.0,1,3
84014,1,4.0,0.0,1,2
84015,3,4.333333333333333,1.1547005383792515,3,2
84016,1,3.0,0.0,1,5
84021,2,2.5,2.1213203435596424,1,2
84023,1,4.0,0.0,1,2
84025,1,4.0,0.0,1,2
84028,1,3.0,0.0,1,3
84029,2,5.0,0.0,1,3
84032,1,1.0,0.0,1,2
84033,1,4.0,0.0,1,4
84036,1,5.0,0.0,1,4
84037,1,4.0,0.0,1,5
84038,1,5.0,0.0,1,4
84039,1,5.0,0.0,1,3
84041,1,5.0,0.0,1,2
84042,1,5.0,0.0,1,3
84043,2,4.5,0.7071067811865476,2,2
84044,1,5.0,0.0,1,3
84049,1,3.0,0.0,1,2
84050,1,4.0,0.0,1,2
84052,2,2.5,2.1213203435596424,2,2
84054,5,4.6,0.5477225575051661,1,2
84056,2,3.0,0.0,2,4
84057,1,5.0,0.0,1,3
84058,1,4.0,0.0,1,3
84062,1,5.0,0.0,1,3
84066,1,5.0,0.0,1,2
84071,1,4.0,0.0,1,2
84072,1,2.0,0.0,1,3
84078,1,4.0,0.0,1,3
84079,1,5.0,0.0,1,2
84080,2,3.0,2.8284271247461903,2,2
84082,1,4.0,0.0,1,2
84084,1,4.0,0.0,1,3
84085,1,5.0,0.0,1,5
84086,3,3.3333333333333335,2.0816659994661326,3,2
84087,4,4.5,0.5773502691896257,1,2
84090,1,1.0,0.0,1,4
84091,1,3.0,0.0,1,2
84094,1,4.0,0.0,1,3
84095,1,5.0,0.0,1,2
84096,3,3.0,0.0,2,3
84097,1,3.0,0.0,1,2
84102,1,4.0,0.0,1,2
84103,1,5.0,0.0,1,3
84104,2,4.5,0.7071067811865476,2,2
84109,1,5.0,0.0,1,3
84110,1,3.0,0.0,1,5
84113,1,3.0,0.0,1,3
84114,3,4.666666666666667,0.5773502691896257,3,4
84115,1,5.0,0.0,1,3
84118,1,5.0,0.0,1,2
84120,1,4.0,0.0,1,2
84121,1,5.0,0.0,1,2
84131,1,3.0,0.0,1,4
84132,2,4.5,0.7071067811865476,2,2
84133,2,3.5,0.7071067811865476,1,4
84146,2,5.0,0.0,1,3
84147,2,4.5,0.7071067811865476,2,3
84150,2,4.5,0.7071067811865476,2,2
84151,1,5.0,0.0,1,3
84152,1,5.0,0.0,1,2
84154,1,5.0,0.0,1,3
84157,1,5.0,0.0,1,4
84159,1,3.0,0.0,1,4
84160,3,4.0,1.7320508075688772,2,4
84162,3,4.0,1.0,1,4
84164,1,1.0,0.0,1,2
84167,2,4.5,0.7071067811865476,2,3
84168,2,4.0,1.4142135623730951,1,3
84174,1,3.0,0.0,1,2
84176,1,5.0,0.0,1,3
84177,2,5.0,0.0,2,2
84181,2,4.5,0.7071067811865476,2,3
84182,1,5.0,0.0,1,4
84185,3,4.0,1.0,3,3
84186,1,4.0,0.0,1,3
84187,1,3.0,0.0,1,4
84189,1,4.0,0.0,1,3
84200,1,3.0,0.0,1,2
84201,1,5.0,0.0,1,4
84202,1,4.0,0.0,1,2
84203,1,4.0,0.0,1,2
84204,1,5.0,0.0,1,4
84205,1,5.0,0.0,1,4
84207,2,4.5,0.7071067811865476,2,5
84210,1,4.0,0.0,1,3
84213,1,5.0,0.0,1,2
84214,1,1.0,0.0,1,2
84217,1,2.0,0.0,1,4
84221,1,2.0,0.0,1,4
84224,3,5.0,0.0,3,2
84228,1,5.0,0.0,1,3
84230,2,5.0,0.0,2,2
84237,1,4.0,0.0,1,2
84240,1,3.0,0.0,1,2
84241,1,4.0,0.0,1,3
84244,1,3.0,0.0,1,4
84245,1,4.0,0.0,1,4
84246,1,5.0,0.0,1,2
84249,1,5.0,0.0,1,4
84253,1,1.0,0.0,1,4
84257,1,4.0,0.0,1,2
84259,1,5.0,0.0,1,4
84260,1,4.0,0.0,1,4
84262,2,4.0,1.4142135623730951,2,4
84263,1,5.0,0.0,1,4
84268,1,4.0,0.0,1,2
84271,2,4.5,0.7071067811865476,2,2
84275,2,4.5,0.7071067811865476,1,5
84277,1,4.0,0.0,1,2
84279,1,4.0,0.0,1,1
84286,1,4.0,0.0,1,2
84287,1,5.0,0.0,1,3
84288,2,4.0,0.0,2,5
84296,1,3.0,0.0,1,3
84298,1,3.0,0.0,1,3
84300,1,5.0,0.0,1,5
84303,1,5.0,0.0,1,2
84305,1,4.0,0.0,1,2
84308,1,5.0,0.0,1,4
84314,1,4.0,0.0,1,5
84315,1,4.0,0.0,1,4
84316,2,5.0,0.0,1,3
84319,2,4.5,0.7071067811865476,2,3
84320,1,4.0,0.0,1,2
84323,2,4.0,0.0,2,3
84324,1,3.0,0.0,1,4
84325,1,3.0,0.0,1,2
84326,1,4.0,0.0,1,2
84327,2,4.5,0.7071067811865476,2,2
84330,3,3.6666666666666665,0.5773502691896258,3,4
84331,1,5.0,0.0,1,4
84337,1,5.0,0.0,1,2
84338,1,5.0,0.0,1,5
84340,1,3.0,0.0,1,2
84343,1,5.0,0.0,1,3
84347,1,4.0,0.0,1,5
84348,2,5.0,0.0,2,3
84351,2,4.5,0.7071067811865476,2,5
84353,1,5.0,0.0,1,3
84357,2,5.0,0.0,2,4
84358,2,4.5,0.7071067811865476,2,4
84363,1,4.0,0.0,1,4
84366,3,3.6666666666666665,0.5773502691896257,2,4
84373,1,4.0,0.0,1,3
84374,1,4.0,0.0,1,2
84377,1,3.0,0.0,1,3
84379,1,5.0,0.0,1,2
84380,1,5.0,0.0,1,3
84382,1,4.0,0.0,1,2
84390,1,3.0,0.0,1,2
84391,1,5.0,0.0,1,2
84392,1,5.0,0.0,1,2
84395,1,5.0,0.0,1,3
84396,1,5.0,0.0,1,4
84399,3,4.0,0.0,3,4
84400,2,4.5,0.7071067811865476,2,2
84402,2,4.0,0.0,2,2
84403,1,5.0,0.0,1,2
84410,1,5.0,0.0,1,2
84411,1,4.0,0.0,1,3
84414,1,5.0,0.0,1,3
84416,1,4.0,0.0,1,3
84421,1,4.0,0.0,1,3
84424,1,5.0,0.0,1,2
84428,2,3.5,0.7071067811865476,2,4
84429,1,5.0,0.0,1,5
84431,1,4.0,0.0,1,3
84436,1,5.0,0.0,1,3
84444,1,1.0,0.0,1,2
84446,2,4.0,0.0,2,3
84450,2,3.5,0.7071067811865476,1,5
84453,2,4.0,1.4142135623730951,2,2
84454,1,4.0,0.0,1,3
84457,4,4.0,1.1547005383792515,4,2
84459,1,4.0,0.0,1,2
84466,1,4.0,0.0,1,2
84467,1,5.0,0.0,1,3
84468,1,5.0,0.0,1,4
84470,1,5.0,0.0,1,2
84472,1,4.0,0.0,1,2
84474,1,4.0,0.0,1,4
84476,1,5.0,0.0,1,3
84478,2,4.5,0.7071067811865476,2,2
84479,1,4.0,0.0,1,5
84480,3,4.333333333333333,1.1547005383792515,1,4
84482,1,5.0,0.0,1,5
84487,2,4.5,0.7071067811865476,2,1
84490,1,5.0,0.0,1,3
84496,1,5.0,0.0,1,5
84497,1,2.0,0.0,1,4
84509,1,4.0,0.0,1,3
84510,1,5.0,0.0,1,3
84511,1,5.0,0.0,1,4
84513,1,5.0,0.0,1,2
84514,1,4.0,0.0,1,2
84515,1,5.0,0.0,1,3
84519,1,5.0,0.0,1,2
84521,1,5.0,0.0,1,3
84522,1,5.0,0.0,1,3
84523,1,4.0,0.0,1,4
84527,1,5.0,0.0,1,3
84531,1,5.0,0.0,1,2
84534,1,4.0,0.0,1,4
84538,1,4.0,0.0,1,2
84541,1,3.0,0.0,1,2
84544,1,5.0,0.0,1,3
84546,1,1.0,0.0,1,2
84547,3,3.0,1.0,1,2
84549,3,5.0,0.0,2,3
84550,2,3.0,0.0,2,3
84557,1,4.0,0.0,1,4
84558,1,4.0,0.0,1,2
84560,1,4.0,0.0,1,3
84562,1,4.0,0.0,1,2
84565,1,4.0,0.0,1,2
84566,1,3.0,0.0,1,4
84569,1,4.0,0.0,1,1
84572,1,4.0,0.0,1,2
84576,3,4.0,1.0,2,4
84585,1,4.0,0.0,1,3
84587,1,3.0,0.0,1,4
84591,3,3.0,1.0,3,2
84593,1,5.0,0.0,1,2
84595,2,3.5,0.7071067811865476,2,2
84596,1,4.0,0.0,1,2
84597,3,4.666666666666667,0.5773502691896257,3,4
84598,1,4.0,0.0,1,2
84601,1,5.0,0.0,1,2
84604,1,3.0,0.0,1,2
84606,3,4.333333333333333,0.5773502691896257,3,4
84607,1,5.0,0.0,1,2
84608,1,5.0,0.0,1,3
84612,1,1.0,0.0,1,2
84614,1,4.0,0.0,1,3
84621,2,3.5,0.7071067811865476,2,4
84623,1,5.0,0.0,1,2
84624,1,5.0,0.0,1,3
84625,1,2.0,0.0,1,3
84631,2,3.5,0.7071067811865476,1,3
84634,3,4.0,1.0,3,3
84635,1,4.0,0.0,1,3
84647,1,4.0,0.0,1,5
84648,1,5.0,0.0,1,2
84649,2,4.0,1.4142135623730951,2,2
84650,1,3.0,0.0,1,2
84651,2,5.0,0.0,2,4
84652,2,5.0,0.0,2,2
84655,1,4.0,0.0,1,2
84657,1,5.0,0.0,1,2
84658,1,4.0,0.0,1,3
84659,1,4.0,0.0,1,3
84662,1,3.0,0.0,1,2
84671,1,3.0,0.0,1,4
84676,1,4.0,0.0,1,3
84679,1,2.0,0.0,1,3
84682,1,4.0,0.0,1,2
84683,1,5.0,0.0,1,3
84684,1,4.0,0.0,1,3
84686,2,4.5,0.7071067811865476,2,2
84688,1,1.0,0.0,1,4
84689,1,3.0,0.0,1,4
84690,1,3.0,0.0,1,4
84691,1,3.0,0.0,1,4
84695,2,3.5,0.7071067811865476,1,2
84697,2,4.5,0.7071067811865476,2,2
84698,1,5.0,0.0,1,2
84699,1,5.0,0.0,1,2
84700,4,4.25,0.4999999999999999,4,3
84701,1,3.0,0.0,1,3
84704,1,2.0,0.0,1,5
84705,2,4.5,0.7071067811865476,1,2
84711,1,1.0,0.0,1,3
84717,1,5.0,0.0,1,4
84718,1,4.0,0.0,1,3
84722,1,5.0,0.0,1,2
84734,1,5.0,0.0,1,3
84736,1,3.0,0.0,1,3
84740,1,5.0,0.0,1,3
84743,1,4.0,0.0,1,4
84746,1,1.0,0.0,1,4
84754,2,4.5,0.7071067811865476,1,5
84756,1,4.0,0.0,1,2
84764,1,4.0,0.0,1,3
84767,1,5.0,0.0,1,3
84768,1,4.0,0.0,1,5
84770,1,5.0,0.0,1,5
84775,2,4.5,0.7071067811865476,2,3
84783,1,4.0,0.0,1,3
84785,1,4.0,0.0,1,3
84788,2,3.5,0.7071067811865476,2,3
84789,1,4.0,0.0,1,2
84790,1,4.0,0.0,1,2
84792,1,3.0,0.0,1,2
84794,1,3.0,0.0,1,3
84796,1,5.0,0.0,1,2
84797,2,5.0,0.0,2,2
84799,2,5.0,0.0,2,4
84801,1,2.0,0.0,1,4
84805,2,5.0,0.0,2,4
84808,1,3.0,0.0,1,3
84809,1,5.0,0.0,1,2
84816,1,4.0,0.0,1,3
84819,1,5.0,0.0,1,5
84823,1,5.0,0.0,1,3
84824,1,4.0,0.0,1,4
84828,2,4.5,0.7071067811865476,2,3
84834,1,5.0,0.0,1,3
84836,1,5.0,0.0,1,3
84838,1,4.0,0.0,1,3
84840,11,3.3636363636363638,0.8090398349558905,1,2
84842,15,3.6666666666666665,0.816496580927726,6,2
84845,2,5.0,0.0,2,2
84850,1,5.0,0.0,1,3
84854,3,4.0,1.0,2,2
84856,1,2.0,0.0,1,2
84859,1,5.0,0.0,1,2
84861,6,4.0,1.0954451150103324,4,3
84868,2,5.0,0.0,2,2
84870,1,5.0,0.0,1,3
84875,8,3.625,1.1877349391654208,6,3
84877,8,3.875,1.3562026818605375,6,2
84879,1,5.0,0.0,1,4
84880,5,4.2,0.8366600265340757,4,2
84881,5,4.2,1.3038404810405297,4,3
84884,1,5.0,0.0,1,3
84885,1,5.0,0.0,1,3
84886,1,4.0,0.0,1,2
84887,3,3.6666666666666665,0.5773502691896257,3,2
84888,4,4.25,0.9574271077563382,3,2
84891,9,4.555555555555555,0.5270462766947299,5,2
84894,1,5.0,0.0,1,3
84902,1,5.0,0.0,1,4
84904,1,5.0,0.0,1,3
84905,1,4.0,0.0,1,2
84907,1,4.0,0.0,1,2
84908,5,3.8,0.8366600265340756,5,5
84909,1,1.0,0.0,1,5
84912,1,5.0,0.0,1,4
84919,1,3.0,0.0,1,2
84922,1,5.0,0.0,1,3
84923,2,5.0,0.0,2,2
84926,1,5.0,0.0,1,3
84928,6,3.6666666666666665,1.2110601416389966,6,4
84929,2,2.0,0.0,2,2
84931,1,2.0,0.0,1,3
84933,1,4.0,0.0,1,3
84935,1,5.0,0.0,1,5
84936,1,5.0,0.0,1,3
84950,1,4.0,0.0,1,2
84951,1,4.0,0.0,1,4
84955,1,5.0,0.0,1,3
84972,1,5.0,0.0,1,4
84973,1,5.0,0.0,1,2
84974,2,3.5,0.7071067811865476,2,5
84975,1,4.0,0.0,1,2
84979,1,4.0,0.0,1,3
84983,2,4.0,0.0,2,2
84984,1,4.0,0.0,1,3
84986,1,5.0,0.0,1,5
84988,1,4.0,0.0,1,4
84996,1,1.0,0.0,1,2
85000,1,3.0,0.0,1,3
85002,1,5.0,0.0,1,3
85006,1,3.0,0.0,1,2
85011,2,2.5,2.1213203435596424,1,5
85014,1,5.0,0.0,1,3
85016,1,2.0,0.0,1,2
85017,1,5.0,0.0,1,4
85018,2,4.0,1.4142135623730951,2,4
85019,3,4.333333333333333,0.5773502691896257,1,2
85021,1,3.0,0.0,1,3
85022,1,4.0,0.0,1,4
85024,1,4.0,0.0,1,5
85036,1,4.0,0.0,1,2
85051,2,4.0,1.4142135623730951,2,2
85055,1,2.0,0.0,1,5
85059,1,5.0,0.0,1,3
85060,1,4.0,0.0,1,2
85063,1,5.0,0.0,1,3
85065,1,3.0,0.0,1,2
85067,2,5.0,0.0,2,2
85071,1,4.0,0.0,1,5
85072,2,4.5,0.7071067811865476,2,2
85074,1,5.0,0.0,1,4
85076,1,4.0,0.0,1,2
85077,2,5.0,0.0,2,3
85080,1,4.0,0.0,1,3
85081,1,3.0,0.0,1,2
85087,1,4.0,0.0,1,2
85088,1,4.0,0.0,1,3
85091,1,5.0,0.0,1,4
85092,2,5.0,0.0,2,3
85094,1,5.0,0.0,1,2
85096,2,4.5,0.7071067811865476,2,2
85098,1,5.0,0.0,1,2
85100,2,4.5,0.7071067811865476,2,2
85103,1,4.0,0.0,1,2
85104,2,4.5,0.7071067811865476,2,4
85105,1,4.0,0.0,1,2
85106,1,3.0,0.0,1,2
85108,1,4.0,0.0,1,4
85113,1,5.0,0.0,1,2
85116,1,1.0,0.0,1,5
85118,1,5.0,0.0,1,4
85122,1,5.0,0.0,1,4
85124,1,4.0,0.0,1,4
85126,1,3.0,0.0,1,5
85127,1,5.0,0.0,1,4
85128,1,5.0,0.0,1,4
85129,1,5.0,0.0,1,2
85130,2,5.0,0.0,2,5
85131,1,5.0,0.0,1,5
85132,1,5.0,0.0,1,4
85135,1,4.0,0.0,1,2
85137,1,4.0,0.0,1,4
85138,1,3.0,0.0,1,2
85141,4,4.75,0.4999999999999999,3,4
85142,1,4.0,0.0,1,3
85143,1,4.0,0.0,1,2
85148,2,4.0,1.4142135623730951,2,2
85152,1,5.0,0.0,1,3
85162,2,2.5,0.7071067811865476,2,4
85163,1,4.0,0.0,1,2
85165,1,3.0,0.0,1,2
85169,1,5.0,0.0,1,2
85173,1,5.0,0.0,1,3
85174,1,5.0,0.0,1,2
85183,2,2.5,2.1213203435596424,2,4
85188,1,4.0,0.0,1,4
85189,1,5.0,0.0,1,2
85191,1,4.0,0.0,1,2
85193,1,5.0,0.0,1,1
85195,1,4.0,0.0,1,3
85199,1,5.0,0.0,1,1
85201,1,4.0,0.0,1,3
85203,9,4.0,0.7071067811865476,5,2
85204,1,5.0,0.0,1,2
85206,1,5.0,0.0,1,5
85208,1,5.0,0.0,1,3
85213,1,4.0,0.0,1,3
85215,2,5.0,0.0,2,3
85216,1,4.0,0.0,1,4
85217,3,4.666666666666667,0.5773502691896257,3,3
85220,7,4.571428571428571,0.5345224838248488,6,3
85223,1,5.0,0.0,1,3
85225,3,4.666666666666667,0.5773502691896257,3,2
85227,4,3.75,0.5,3,3
85229,1,5.0,0.0,1,4
85237,2,5.0,0.0,2,3
85239,1,5.0,0.0,1,3
85242,2,4.0,0.0,2,3
85243,4,5.0,0.0,4,5
85247,1,4.0,0.0,1,5
85248,1,5.0,0.0,1,3
85255,1,3.0,0.0,1,4
85261,2,5.0,0.0,2,3
85265,1,5.0,0.0,1,4
85267,1,5.0,0.0,1,3
85268,1,5.0,0.0,1,3
85269,1,5.0,0.0,1,2
85271,1,5.0,0.0,1,2
85278,1,5.0,0.0,1,2
85281,2,3.5,0.7071067811865476,2,4
85284,2,4.0,1.4142135623730951,2,3
85287,1,4.0,0.0,1,2
85289,1,3.0,0.0,1,2
85291,1,5.0,0.0,1,4
85293,1,3.0,0.0,1,3
85294,1,5.0,0.0,1,2
85297,1,5.0,0.0,1,2
85299,1,5.0,0.0,1,4
85302,1,5.0,0.0,1,3
85305,2,4.5,0.7071067811865476,2,2
85307,3,4.333333333333333,0.5773502691896257,2,3
85310,1,5.0,0.0,1,4
85316,2,5.0,0.0,2,1
85319,1,5.0,0.0,1,3
85321,1,5.0,0.0,1,3
85323,1,2.0,0.0,1,2
85325,1,5.0,0.0,1,2
85327,1,5.0,0.0,1,2
85328,1,3.0,0.0,1,5
85329,1,5.0,0.0,1,3
85330,4,3.75,0.9574271077563381,3,2
85334,1,2.0,0.0,1,3
85335,1,4.0,0.0,1,2
85336,2,3.5,2.1213203435596424,2,2
85337,2,5.0,0.0,2,2
85338,1,1.0,0.0,1,3
85343,1,3.0,0.0,1,2
85345,1,5.0,0.0,1,5
85346,2,5.0,0.0,2,2
85350,2,3.5,0.7071067811865476,2,2
85351,1,5.0,0.0,1,3
85356,1,4.0,0.0,1,4
85357,2,3.5,0.7071067811865476,2,2
85358,1,5.0,0.0,1,2
85363,1,3.0,0.0,1,2
85365,1,3.0,0.0,1,2
85370,2,3.5,0.7071067811865476,2,2
85374,1,5.0,0.0,1,3
85380,1,4.0,0.0,1,3
85381,1,4.0,0.0,1,2
85389,1,5.0,0.0,1,3
85391,2,4.0,0.0,2,2
85393,1,4.0,0.0,1,4
85394,2,4.5,0.7071067811865476,2,3
85397,1,4.0,0.0,1,2
85398,1,5.0,0.0,1,2
85399,2,4.0,0.0,2,5
85404,2,3.5,0.7071067811865476,2,2
85408,2,3.5,0.7071067811865476,2,3
85419,1,5.0,0.0,1,2
85422,4,4.5,0.5773502691896257,4,2
85423,1,5.0,0.0,1,3
85425,1,4.0,0.0,1,2
85428,3,4.666666666666667,0.5773502691896258,2,3
85429,1,3.0,0.0,1,2
85430,1,5.0,0.0,1,4
85431,1,3.0,0.0,1,3
85433,1,2.0,0.0,1,2
85436,1,4.0,0.0,1,2
85438,1,4.0,0.0,1,2
85440,1,5.0,0.0,1,2
85441,1,3.0,0.0,1,2
85443,1,4.0,0.0,1,2
85444,1,5.0,0.0,1,3
85450,2,4.0,1.4142135623730951,2,2
85451,1,5.0,0.0,1,3
85459,1,5.0,0.0,1,3
85465,1,3.0,0.0,1,4
85467,1,5.0,0.0,1,3
85468,1,5.0,0.0,1,2
85469,1,5.0,0.0,1,3
85470,1,4.0,0.0,1,3
85477,1,4.0,0.0,1,3
85479,1,5.0,0.0,1,2
85480,1,5.0,0.0,1,3
85481,1,5.0,0.0,1,3
85486,1,5.0,0.0,1,3
85487,1,2.0,0.0,1,2
85489,1,3.0,0.0,1,2
85493,1,4.0,0.0,1,5
85494,2,5.0,0.0,2,4
85495,1,3.0,0.0,1,3
85496,1,4.0,0.0,1,2
85497,1,4.0,0.0,1,2
85499,3,3.6666666666666665,2.3094010767585034,3,2
85500,2,4.0,0.0,2,3
85501,5,4.6,0.547722557505166,3,3
85502,1,4.0,0.0,1,2
85503,1,5.0,0.0,1,2
85504,2,5.0,0.0,2,4
85505,3,5.0,0.0,3,3
85508,1,2.0,0.0,1,2
85513,1,5.0,0.0,1,3
85514,1,5.0,0.0,1,2
85516,3,4.666666666666667,0.5773502691896257,2,2
85517,1,4.0,0.0,1,2
85520,4,4.25,0.9574271077563382,2,2
85521,1,3.0,0.0,1,5
85525,1,5.0,0.0,1,3
85529,1,3.0,0.0,1,2
85532,1,5.0,0.0,1,4
85533,1,2.0,0.0,1,3
85537,1,4.0,0.0,1,3
85543,1,4.0,0.0,1,2
85544,1,5.0,0.0,1,2
85549,1,4.0,0.0,1,4
85553,1,3.0,0.0,1,2
85559,1,2.0,0.0,1,2
85562,1,3.0,0.0,1,2
85563,1,5.0,0.0,1,2
85564,1,5.0,0.0,1,3
85566,2,5.0,0.0,2,2
85567,1,2.0,0.0,1,5
85570,1,5.0,0.0,1,2
85575,1,3.0,0.0,1,3
85579,1,5.0,0.0,1,4
85580,1,4.0,0.0,1,2
85581,3,4.666666666666667,0.5773502691896257,3,2
85584,1,4.0,0.0,1,2
85585,4,4.75,0.4999999999999999,4,3
85586,1,5.0,0.0,1,4
85589,1,4.0,0.0,1,4
85593,1,5.0,0.0,1,2
85594,1,4.0,0.0,1,4
85595,1,2.0,0.0,1,3
85597,3,3.3333333333333335,2.0816659994661326,2,3
85604,1,5.0,0.0,1,5
85607,1,4.0,0.0,1,4
85608,1,4.0,0.0,1,2
85609,1,4.0,0.0,1,3
85613,1,5.0,0.0,1,3
85615,2,5.0,0.0,2,2
85623,2,4.5,0.7071067811865476,2,3
85628,1,4.0,0.0,1,2
85629,1,5.0,0.0,1,2
85634,1,5.0,0.0,1,2
85635,1,5.0,0.0,1,3
85636,1,5.0,0.0,1,3
85638,1,5.0,0.0,1,2
85642,2,4.0,0.0,2,4
85644,2,5.0,0.0,2,2
85645,2,3.5,2.1213203435596424,2,2
85646,1,3.0,0.0,1,2
85647,2,3.0,1.4142135623730951,2,2
85650,1,5.0,0.0,1,4
85651,1,3.0,0.0,1,2
85652,1,5.0,0.0,1,4
85653,2,3.5,0.7071067811865476,2,3
85654,1,3.0,0.0,1,3
85655,1,5.0,0.0,1,3
85656,1,4.0,0.0,1,3
85657,1,4.0,0.0,1,5
85661,1,5.0,0.0,1,2
85663,1,5.0,0.0,1,5
85669,1,4.0,0.0,1,4
85670,1,4.0,0.0,1,2
85682,1,3.0,0.0,1,2
85685,1,5.0,0.0,1,3
85695,1,4.0,0.0,1,3
85696,3,4.666666666666667,0.5773502691896257,3,4
85697,1,5.0,0.0,1,2
85702,2,4.0,0.0,2,3
85704,2,4.5,0.7071067811865476,2,3
85705,1,4.0,0.0,1,2
85706,3,4.333333333333333,0.5773502691896257,3,2
85712,1,2.0,0.0,1,3
85713,1,4.0,0.0,1,2
85715,1,5.0,0.0,1,3
85717,1,5.0,0.0,1,4
85721,2,4.5,0.7071067811865476,2,3
85729,1,3.0,0.0,1,4
85736,1,4.0,0.0,1,3
85739,2,5.0,0.0,1,3
85740,1,5.0,0.0,1,4
85741,1,5.0,0.0,1,2
85742,2,3.5,0.7071067811865476,2,2
85761,1,5.0,0.0,1,1
85771,5,4.2,0.8366600265340757,3,4
85772,1,5.0,0.0,1,2
85775,1,4.0,0.0,1,4
85776,1,5.0,0.0,1,4
85778,1,3.0,0.0,1,3
85783,1,5.0,0.0,1,2
85784,1,4.0,0.0,1,2
85785,1,2.0,0.0,1,2
85786,3,4.333333333333333,1.1547005383792517,2,3
85790,1,5.0,0.0,1,1
85792,1,4.0,0.0,1,2
85793,5,4.4,0.5477225575051663,4,2
85795,1,5.0,0.0,1,2
85798,1,5.0,0.0,1,3
85804,2,4.0,0.0,2,3
85807,1,5.0,0.0,1,2
85812,4,3.5,1.2909944487358054,4,3
85814,1,4.0,0.0,1,2
85815,3,4.0,0.0,2,4
85817,1,1.0,0.0,1,3
85819,1,4.0,0.0,1,2
85822,1,3.0,0.0,1,4
85824,1,5.0,0.0,1,2
85825,1,5.0,0.0,1,2
85826,1,5.0,0.0,1,3
85827,1,5.0,0.0,1,4
85828,1,4.0,0.0,1,2
85830,1,4.0,0.0,1,2
85831,1,4.0,0.0,1,5
85832,3,5.0,0.0,2,4
85836,2,4.5,0.7071067811865476,2,2
85839,1,5.0,0.0,1,2
85841,1,4.0,0.0,1,3
85843,1,4.0,0.0,1,3
85845,2,3.0,0.0,2,2
85847,10,4.1,0.8755950357709129,5,4
85849,1,5.0,0.0,1,3
85850,1,4.0,0.0,1,2
85851,1,2.0,0.0,1,4
85857,1,4.0,0.0,1,2
85859,2,3.5,0.7071067811865476,2,5
85860,2,4.5,0.7071067811865476,2,2
85862,1,4.0,0.0,1,2
85871,1,5.0,0.0,1,2
85878,1,3.0,0.0,1,2
85879,2,3.5,0.7071067811865476,2,2
85882,1,5.0,0.0,1,2
85888,1,5.0,0.0,1,2
85889,1,5.0,0.0,1,2
85890,1,4.0,0.0,1,2
85891,1,5.0,0.0,1,2
85896,1,3.0,0.0,1,2
85899,1,2.0,0.0,1,2
85900,2,4.0,0.0,2,4
85902,3,3.3333333333333335,1.1547005383792517,2,2
85906,1,5.0,0.0,1,5
85907,1,5.0,0.0,1,3
85908,1,5.0,0.0,1,2
85909,1,5.0,0.0,1,2
85910,1,3.0,0.0,1,2
85913,1,5.0,0.0,1,2
85914,1,5.0,0.0,1,4
85916,1,3.0,0.0,1,2
85918,1,2.0,0.0,1,3
85919,1,4.0,0.0,1,2
85922,2,5.0,0.0,2,3
85926,1,5.0,0.0,1,4
85927,2,4.0,1.4142135623730951,2,2
85930,2,3.5,0.7071067811865476,2,3
85931,1,4.0,0.0,1,2
85934,1,2.0,0.0,1,2
85938,1,1.0,0.0,1,4
85940,1,4.0,0.0,1,2
85942,1,5.0,0.0,1,3
85943,1,5.0,0.0,1,3
85945,1,5.0,0.0,1,3
85950,1,5.0,0.0,1,5
85952,4,4.5,1.0,2,4
85954,1,5.0,0.0,1,2
85955,1,5.0,0.0,1,4
85956,1,5.0,0.0,1,2
85958,1,5.0,0.0,1,3
85960,2,4.5,0.7071067811865476,2,2
85966,1,4.0,0.0,1,4
85970,1,4.0,0.0,1,5
85972,1,4.0,0.0,1,3
85973,1,4.0,0.0,1,3
85977,1,5.0,0.0,1,1
85979,1,5.0,0.0,1,2
85980,1,5.0,0.0,1,2
85981,1,4.0,0.0,1,2
85982,1,5.0,0.0,1,5
85984,1,5.0,0.0,1,2
85985,1,2.0,0.0,1,5
85987,1,3.0,0.0,1,2
85988,1,5.0,0.0,1,3
85995,1,4.0,0.0,1,4
85997,1,5.0,0.0,1,4
86001,1,4.0,0.0,1,2
86003,1,5.0,0.0,1,4
86009,2,4.0,1.4142135623730951,2,3
86012,1,4.0,0.0,1,4
86015,1,5.0,0.0,1,3
86019,1,3.0,0.0,1,3
86021,4,4.0,0.816496580927726,1,3
86027,1,4.0,0.0,1,2
86032,1,3.0,0.0,1,4
86033,1,5.0,0.0,1,3
86035,1,5.0,0.0,1,2
86043,1,2.0,0.0,1,5
86046,2,5.0,0.0,2,2
86047,1,5.0,0.0,1,2
86049,1,4.0,0.0,1,3
86051,1,4.0,0.0,1,4
86052,1,5.0,0.0,1,2
86054,6,4.666666666666667,0.5163977794943223,4,2
86057,1,5.0,0.0,1,3
86060,1,5.0,0.0,1,4
86068,1,5.0,0.0,1,5
86069,1,4.0,0.0,1,2
86071,1,4.0,0.0,1,2
86083,3,4.333333333333333,1.1547005383792517,3,4
86092,1,5.0,0.0,1,2
86093,1,4.0,0.0,1,3
86094,2,4.5,0.7071067811865476,2,3
86096,2,4.0,0.0,1,2
86100,1,2.0,0.0,1,2
86101,1,5.0,0.0,1,3
86103,1,3.0,0.0,1,2
86107,1,5.0,0.0,1,4
86117,1,5.0,0.0,1,2
86119,1,5.0,0.0,1,4
86123,2,4.5,0.7071067811865476,1,4
86126,1,3.0,0.0,1,3
86127,2,3.5,0.7071067811865476,2,2
86128,1,5.0,0.0,1,3
86129,1,4.0,0.0,1,3
86132,1,4.0,0.0,1,3
86133,1,4.0,0.0,1,2
86143,2,3.5,0.7071067811865476,2,3
86147,2,4.5,0.7071067811865476,2,4
86149,1,3.0,0.0,1,2
86152,1,3.0,0.0,1,4
86154,1,4.0,0.0,1,4
86156,1,5.0,0.0,1,3
86158,1,5.0,0.0,1,2
86161,1,5.0,0.0,1,3
86165,1,4.0,0.0,1,2
86167,2,5.0,0.0,2,3
86170,1,4.0,0.0,1,2
86171,1,5.0,0.0,1,2
86173,1,3.0,0.0,1,3
86174,1,2.0,0.0,1,2
86179,1,4.0,0.0,1,2
86182,1,5.0,0.0,1,4
86189,1,4.0,0.0,1,2
86193,1,5.0,0.0,1,2
86196,1,5.0,0.0,1,4
86199,1,4.0,0.0,1,2
86207,1,3.0,0.0,1,2
86210,2,5.0,0.0,2,2
86211,1,4.0,0.0,1,2
86215,1,3.0,0.0,1,2
86216,1,4.0,0.0,1,2
86218,2,3.0,0.0,2,2
86220,1,5.0,0.0,1,5
86221,1,4.0,0.0,1,3
86224,1,3.0,0.0,1,2
86225,3,4.0,0.0,3,2
86227,2,5.0,0.0,2,3
86229,1,4.0,0.0,1,3
86231,2,3.0,0.0,2,2
86236,1,3.0,0.0,1,4
86239,1,3.0,0.0,1,4
86241,2,4.5,0.7071067811865476,2,2
86243,3,4.333333333333333,0.5773502691896257,3,4
86244,1,5.0,0.0,1,2
86245,1,5.0,0.0,1,3
86250,1,4.0,0.0,1,2
86251,1,4.0,0.0,1,4
86258,2,4.0,1.4142135623730951,2,3
86267,1,5.0,0.0,1,3
86268,1,5.0,0.0,1,3
86271,2,4.5,0.7071067811865476,2,3
86273,1,3.0,0.0,1,2
86274,1,5.0,0.0,1,4
86275,1,5.0,0.0,1,2
86276,1,5.0,0.0,1,3
86277,1,2.0,0.0,1,4
86278,1,5.0,0.0,1,3
86282,1,4.0,0.0,1,3
86283,1,5.0,0.0,1,3
86284,1,5.0,0.0,1,3
86286,1,5.0,0.0,1,3
86288,1,3.0,0.0,1,2
86289,2,5.0,0.0,2,5
86290,2,5.0,0.0,2,3
86293,1,5.0,0.0,1,4
86298,1,5.0,0.0,1,1
86300,1,4.0,0.0,1,2
86302,2,3.5,0.7071067811865476,2,3
86305,2,4.0,0.0,2,3
86306,1,3.0,0.0,1,2
86313,1,5.0,0.0,1,5
86314,2,5.0,0.0,2,4
86316,1,3.0,0.0,1,2
86317,2,4.0,1.4142135623730951,2,4
86318,2,4.5,0.7071067811865476,2,2
86321,1,5.0,0.0,1,2
86322,1,5.0,0.0,1,2
86323,1,4.0,0.0,1,3
86329,1,4.0,0.0,1,3
86332,6,3.3333333333333335,1.505545305418162,4,2
86333,1,5.0,0.0,1,2
86336,1,5.0,0.0,1,3
86338,1,5.0,0.0,1,5
86345,1,5.0,0.0,1,2
86346,1,5.0,0.0,1,4
86348,3,3.6666666666666665,1.5275252316519468,3,2
86349,1,4.0,0.0,1,3
86350,3,4.333333333333333,0.5773502691896258,3,3
86355,2,4.0,1.4142135623730951,2,5
86356,1,3.0,0.0,1,4
86357,1,1.0,0.0,1,2
86360,3,4.0,1.0,3,5
86361,1,5.0,0.0,1,4
86362,1,5.0,0.0,1,2
86363,1,2.0,0.0,1,4
86367,1,3.0,0.0,1,4
86368,4,4.25,0.4999999999999999,4,4
86369,1,4.0,0.0,1,2
86370,3,4.333333333333333,1.1547005383792517,3,4
86375,1,5.0,0.0,1,4
86384,1,5.0,0.0,1,2
86389,2,5.0,0.0,1,2
86395,3,4.0,0.0,3,3
86398,2,5.0,0.0,2,3
86399,1,4.0,0.0,1,4
86400,2,3.0,1.4142135623730951,2,2
86405,1,4.0,0.0,1,5
86406,2,4.0,0.0,2,2
86407,3,3.0,2.0,2,2
86408,1,5.0,0.0,1,3
86409,2,4.0,0.0,2,2
86411,1,5.0,0.0,1,2
86414,1,5.0,0.0,1,4
86422,1,3.0,0.0,1,2
86424,1,4.0,0.0,1,2
86427,3,3.6666666666666665,1.5275252316519468,3,4
86430,1,4.0,0.0,1,3
86431,1,3.0,0.0,1,2
86436,1,5.0,0.0,1,3
86437,1,3.0,0.0,1,3
86445,1,4.0,0.0,1,5
86447,1,5.0,0.0,1,2
86448,1,4.0,0.0,1,2
86452,2,4.5,0.7071067811865476,2,2
86458,3,4.333333333333333,1.1547005383792517,3,3
86459,1,5.0,0.0,1,4
86461,1,4.0,0.0,1,3
86467,1,3.0,0.0,1,3
86470,1,3.0,0.0,1,2
86471,2,3.5,0.7071067811865476,2,2
86480,1,3.0,0.0,1,2
86486,1,5.0,0.0,1,2
86488,1,4.0,0.0,1,2
86489,1,4.0,0.0,1,5
86490,2,4.0,0.0,2,2
86491,1,4.0,0.0,1,2
86494,2,4.0,1.4142135623730951,2,5
86495,1,5.0,0.0,1,4
86497,2,4.5,0.7071067811865476,2,2
86506,2,3.0,0.0,2,2
86509,1,3.0,0.0,1,2
86510,4,3.0,1.1547005383792515,2,2
86512,1,4.0,0.0,1,2
86519,1,4.0,0.0,1,3
86520,2,3.5,0.7071067811865476,2,3
86523,1,5.0,0.0,1,2
86532,1,5.0,0.0,1,3
86534,3,3.6666666666666665,1.1547005383792517,2,2
86535,1,3.0,0.0,1,2
86537,4,4.5,0.5773502691896258,4,2
86538,6,4.5,0.5477225575051661,5,2
86539,3,4.666666666666667,0.5773502691896257,3,3
86542,2,4.5,0.7071067811865476,2,2
86545,1,5.0,0.0,1,2
86550,1,5.0,0.0,1,2
86551,3,3.3333333333333335,0.5773502691896258,3,2
86559,3,3.0,1.7320508075688772,3,2
86564,2,2.5,0.7071067811865476,2,3
86566,1,4.0,0.0,1,4
86567,2,4.0,0.0,2,2
86570,2,4.5,0.7071067811865476,2,3
86576,1,4.0,0.0,1,2
86579,1,4.0,0.0,1,4
86580,3,4.333333333333333,1.1547005383792515,3,5
86581,2,5.0,0.0,2,2
86587,1,3.0,0.0,1,2
86589,2,4.5,0.7071067811865476,2,3
86594,1,4.0,0.0,1,2
86597,1,4.0,0.0,1,4
86598,1,3.0,0.0,1,2
86600,1,2.0,0.0,1,3
86603,1,5.0,0.0,1,4
86609,3,4.666666666666667,0.5773502691896257,2,1
86611,1,1.0,0.0,1,3
86612,1,5.0,0.0,1,2
86614,2,2.5,2.1213203435596424,2,2
86619,2,4.5,0.7071067811865476,2,3
86625,1,4.0,0.0,1,2
86631,1,5.0,0.0,1,3
86633,2,4.5,0.7071067811865476,2,2
86634,1,5.0,0.0,1,4
86636,1,5.0,0.0,1,3
86640,5,4.6,0.5477225575051661,2,3
86647,1,5.0,0.0,1,3
86655,2,4.0,1.4142135623730951,2,2
86656,1,5.0,0.0,1,2
86662,2,4.5,0.7071067811865476,2,2
86665,1,1.0,0.0,1,2
86667,1,5.0,0.0,1,3
86670,2,4.0,1.4142135623730951,2,2
86671,1,4.0,0.0,1,2
86681,2,4.5,0.7071067811865476,2,2
86682,3,3.6666666666666665,0.5773502691896257,3,2
86683,1,5.0,0.0,1,1
86684,3,4.666666666666667,0.5773502691896258,3,2
86686,2,4.5,0.7071067811865476,1,2
86691,1,5.0,0.0,1,4
86699,1,3.0,0.0,1,5
86701,2,4.5,0.7071067811865476,2,3
86702,1,4.0,0.0,1,2
86705,1,5.0,0.0,1,2
86706,1,5.0,0.0,1,4
86708,1,2.0,0.0,1,3
86710,1,1.0,0.0,1,2
86715,1,4.0,0.0,1,2
86721,3,4.333333333333333,0.5773502691896258,2,2
86722,3,3.6666666666666665,2.3094010767585034,3,4
86724,2,3.5,0.7071067811865476,2,3
86726,1,3.0,0.0,1,3
86729,2,4.5,0.7071067811865476,2,3
86734,1,5.0,0.0,1,3
86737,1,5.0,0.0,1,3
86738,1,4.0,0.0,1,5
86739,2,3.5,0.7071067811865476,2,2
86742,1,5.0,0.0,1,3
86747,6,3.6666666666666665,1.2110601416389966,5,2
86750,1,5.0,0.0,1,2
86751,1,4.0,0.0,1,3
86757,2,2.5,0.7071067811865476,2,3
86762,1,4.0,0.0,1,5
86765,4,4.0,0.816496580927726,3,2
86766,1,5.0,0.0,1,2
86769,1,5.0,0.0,1,2
86770,1,1.0,0.0,1,2
86772,3,3.3333333333333335,2.0816659994661326,2,5
86775,1,5.0,0.0,1,2
86778,1,4.0,0.0,1,3
86779,1,5.0,0.0,1,4
86784,1,4.0,0.0,1,4
86785,1,3.0,0.0,1,3
86787,2,5.0,0.0,2,3
86788,2,2.5,2.1213203435596424,2,3
86791,1,5.0,0.0,1,2
86792,1,5.0,0.0,1,2
86794,1,4.0,0.0,1,3
86797,1,5.0,0.0,1,3
86803,2,3.0,0.0,1,4
86804,1,5.0,0.0,1,2
86810,1,3.0,0.0,1,2
86815,1,5.0,0.0,1,5
86816,1,4.0,0.0,1,2
86826,1,4.0,0.0,1,2
86828,1,5.0,0.0,1,2
86830,1,4.0,0.0,1,2
86832,2,4.5,0.7071067811865476,2,2
86837,1,3.0,0.0,1,3
86844,1,5.0,0.0,1,4
86848,1,4.0,0.0,1,3
86851,2,4.0,0.0,2,2
86856,2,3.5,0.7071067811865476,2,5
86860,1,5.0,0.0,1,2
86861,1,3.0,0.0,1,2
86874,1,4.0,0.0,1,2
86877,3,2.3333333333333335,0.5773502691896258,1,2
86880,2,3.0,2.8284271247461903,2,5
86881,5,3.4,0.5477225575051662,1,3
86883,1,3.0,0.0,1,2
86884,2,5.0,0.0,2,5
86887,1,5.0,0.0,1,3
86895,1,5.0,0.0,1,2
86896,1,5.0,0.0,1,2
86900,2,4.0,0.0,2,3
86905,1,5.0,0.0,1,3
86907,1,4.0,0.0,1,2
86909,1,4.0,0.0,1,3
86911,1,1.0,0.0,1,2
86913,1,4.0,0.0,1,3
86914,1,5.0,0.0,1,2
86918,1,5.0,0.0,1,2
86919,1,5.0,0.0,1,2
86921,3,3.3333333333333335,2.0816659994661326,3,5
86927,1,5.0,0.0,1,4
86928,1,5.0,0.0,1,2
86934,1,5.0,0.0,1,3
86945,1,5.0,0.0,1,3
86946,2,5.0,0.0,2,2
86955,1,5.0,0.0,1,2
86971,2,3.5,2.1213203435596424,2,2
86977,1,5.0,0.0,1,4
86983,1,5.0,0.0,1,2
86984,1,5.0,0.0,1,3
86985,4,4.0,0.0,4,4
86992,1,5.0,0.0,1,3
86999,1,1.0,0.0,1,2
87000,2,5.0,0.0,2,3
87001,1,5.0,0.0,1,2
87002,1,5.0,0.0,1,2
87006,2,2.5,0.7071067811865476,2,2
87008,1,5.0,0.0,1,3
87013,1,4.0,0.0,1,3
87014,1,3.0,0.0,1,4
87015,3,4.666666666666667,0.5773502691896258,3,2
87016,1,3.0,0.0,1,3
87021,1,5.0,0.0,1,2
87022,1,4.0,0.0,1,2
87023,5,4.2,1.3038404810405297,4,3
87024,1,5.0,0.0,1,4
87025,1,5.0,0.0,1,2
87036,2,5.0,0.0,2,2
87039,1,4.0,0.0,1,2
87043,1,5.0,0.0,1,3
87044,3,4.666666666666667,0.5773502691896258,3,4
87045,1,5.0,0.0,1,4
87049,4,4.25,0.4999999999999999,4,2
87052,1,3.0,0.0,1,3
87053,1,2.0,0.0,1,3
87055,1,4.0,0.0,1,5
87068,1,5.0,0.0,1,2
87069,1,4.0,0.0,1,3
87070,1,4.0,0.0,1,4
87075,1,5.0,0.0,1,3
87078,1,5.0,0.0,1,3
87081,1,5.0,0.0,1,2
87082,4,4.5,0.5773502691896258,4,2
87084,1,5.0,0.0,1,3
87087,1,4.0,0.0,1,3
87092,1,5.0,0.0,1,2
87093,3,4.0,0.0,3,2
87094,1,4.0,0.0,1,4
87095,1,4.0,0.0,1,2
87100,3,3.0,1.0,2,2
87103,2,5.0,0.0,2,5
87107,1,4.0,0.0,1,3
87110,1,4.0,0.0,1,4
87112,1,5.0,0.0,1,2
87114,4,5.0,0.0,4,3
87118,1,2.0,0.0,1,2
87120,2,5.0,0.0,2,3
87122,1,4.0,0.0,1,2
87123,2,4.0,0.0,2,2
87128,2,4.0,1.4142135623730951,2,4
87132,1,5.0,0.0,1,2
87135,2,4.5,0.7071067811865476,2,2
87140,1,3.0,0.0,1,4
87141,1,5.0,0.0,1,3
87145,1,4.0,0.0,1,2
87150,1,3.0,0.0,1,3
87152,1,4.0,0.0,1,3
87157,1,5.0,0.0,1,2
87158,1,5.0,0.0,1,2
87159,1,3.0,0.0,1,4
87163,1,5.0,0.0,1,2
87170,1,4.0,0.0,1,3
87173,1,4.0,0.0,1,4
87177,6,4.166666666666667,0.752772652709081,5,3
87178,1,3.0,0.0,1,2
87181,1,3.0,0.0,1,3
87182,1,5.0,0.0,1,4
87184,1,4.0,0.0,1,5
87185,1,5.0,0.0,1,2
87186,1,4.0,0.0,1,3
87189,4,4.0,0.0,2,2
87191,1,5.0,0.0,1,4
87193,2,4.0,0.0,2,3
87196,1,4.0,0.0,1,2
87198,1,5.0,0.0,1,3
87199,2,3.5,0.7071067811865476,1,4
87200,1,5.0,0.0,1,5
87202,3,4.333333333333333,1.1547005383792517,3,5
87203,1,4.0,0.0,1,2
87205,2,4.0,0.0,2,3
87206,2,3.0,0.0,2,2
87208,3,4.666666666666667,0.5773502691896257,2,1
87213,1,5.0,0.0,1,2
87215,1,5.0,0.0,1,2
87218,1,4.0,0.0,1,3
87229,2,3.0,0.0,2,3
87233,2,4.5,0.7071067811865476,2,1
87235,1,5.0,0.0,1,4
87237,1,5.0,0.0,1,3
87240,1,4.0,0.0,1,2
87247,2,4.0,0.0,2,4
87248,1,5.0,0.0,1,1
87251,1,4.0,0.0,1,5
87252,1,5.0,0.0,1,5
87254,1,5.0,0.0,1,5
87255,1,4.0,0.0,1,3
87257,1,1.0,0.0,1,4
87259,1,2.0,0.0,1,5
87260,3,4.666666666666667,0.5773502691896258,3,3
87268,1,5.0,0.0,1,4
87276,1,3.0,0.0,1,5
87280,1,5.0,0.0,1,3
87282,1,3.0,0.0,1,3
87283,2,5.0,0.0,2,2
87285,2,4.5,0.7071067811865476,2,2
87289,1,4.0,0.0,1,4
87292,1,4.0,0.0,1,4
87302,1,4.0,0.0,1,3
87304,1,4.0,0.0,1,2
87306,1,4.0,0.0,1,2
87307,2,4.5,0.7071067811865476,2,5
87308,1,5.0,0.0,1,4
87309,1,5.0,0.0,1,2
87310,1,5.0,0.0,1,4
87313,2,5.0,0.0,2,2
87320,1,2.0,0.0,1,2
87324,1,5.0,0.0,1,2
87326,1,5.0,0.0,1,3
87328,1,5.0,0.0,1,2
87334,1,4.0,0.0,1,2
87335,1,5.0,0.0,1,2
87345,1,5.0,0.0,1,2
87357,2,4.5,0.7071067811865476,2,2
87359,1,3.0,0.0,1,3
87361,2,4.5,0.7071067811865476,2,3
87363,2,4.5,0.7071067811865476,2,2
87365,2,4.0,0.0,2,3
87369,1,5.0,0.0,1,2
87370,5,4.6,0.8944271909999159,5,4
87374,1,4.0,0.0,1,1
87376,1,5.0,0.0,1,2
87387,4,4.0,1.4142135623730951,4,5
87394,1,5.0,0.0,1,2
87399,1,5.0,0.0,1,4
87401,1,5.0,0.0,1,2
87402,1,5.0,0.0,1,1
87411,1,5.0,0.0,1,3
87413,1,5.0,0.0,1,4
87420,1,5.0,0.0,1,4
87430,1,2.0,0.0,1,3
87443,1,5.0,0.0,1,4
87444,4,5.0,0.0,4,2
87445,1,4.0,0.0,1,3
87450,1,4.0,0.0,1,5
87453,1,5.0,0.0,1,2
87456,1,5.0,0.0,1,2
87462,2,5.0,0.0,2,5
87463,1,3.0,0.0,1,3
87465,1,3.0,0.0,1,4
87468,1,4.0,0.0,1,3
87470,1,4.0,0.0,1,3
87484,2,4.5,0.7071067811865476,2,2
87486,1,5.0,0.0,1,4
87490,2,4.5,0.7071067811865476,2,2
87491,1,3.0,0.0,1,3
87498,1,5.0,0.0,1,3
87501,2,4.0,1.4142135623730951,2,4
87502,9,4.777777777777778,0.6666666666666666,3,3
87506,1,5.0,0.0,1,4
87510,1,4.0,0.0,1,4
87516,2,5.0,0.0,1,4
87527,1,4.0,0.0,1,2
87528,1,4.0,0.0,1,3
87532,1,4.0,0.0,1,3
87536,1,4.0,0.0,1,2
87538,1,4.0,0.0,1,3
87541,1,4.0,0.0,1,5
87542,1,4.0,0.0,1,1
87551,2,5.0,0.0,2,1
87556,5,3.4,0.5477225575051661,4,4
87559,1,4.0,0.0,1,3
87560,1,5.0,0.0,1,3
87561,1,5.0,0.0,1,2
87563,1,3.0,0.0,1,4
87566,1,4.0,0.0,1,2
87567,1,3.0,0.0,1,2
87570,1,4.0,0.0,1,5
87576,3,4.333333333333333,0.5773502691896258,3,2
87578,4,4.25,0.9574271077563381,4,3
87581,2,4.5,0.7071067811865476,2,4
87582,1,5.0,0.0,1,4
87584,1,4.0,0.0,1,3
87585,1,4.0,0.0,1,4
87587,1,1.0,0.0,1,2
87589,1,4.0,0.0,1,2
87592,1,4.0,0.0,1,4
87596,1,5.0,0.0,1,2
87598,1,5.0,0.0,1,2
87600,1,5.0,0.0,1,3
87602,1,4.0,0.0,1,3
87606,1,5.0,0.0,1,2
87607,1,4.0,0.0,1,4
87611,2,4.5,0.7071067811865476,2,4
87612,2,5.0,0.0,2,2
87617,1,5.0,0.0,1,2
87618,2,5.0,0.0,2,2
87619,1,3.0,0.0,1,2
87622,2,4.5,0.7071067811865476,2,4
87626,2,5.0,0.0,1,3
87627,1,4.0,0.0,1,3
87631,4,4.0,1.1547005383792515,3,3
87635,1,5.0,0.0,1,5
87641,1,5.0,0.0,1,2
87642,4,4.25,0.4999999999999999,4,2
87646,1,5.0,0.0,1,5
87655,2,2.0,1.4142135623730951,2,2
87656,1,5.0,0.0,1,2
87657,1,1.0,0.0,1,4
87658,1,4.0,0.0,1,4
87659,6,4.333333333333333,0.8164965809277259,5,4
87661,6,4.166666666666667,0.7527726527090811,5,3
87670,1,5.0,0.0,1,2
87671,2,5.0,0.0,2,2
87672,4,3.75,1.5,3,4
87676,1,4.0,0.0,1,3
87678,1,4.0,0.0,1,2
87680,5,4.0,0.7071067811865476,4,2
87682,2,4.0,1.4142135623730951,2,2
87683,1,5.0,0.0,1,2
87692,2,4.5,0.7071067811865476,2,3
87693,1,5.0,0.0,1,2
87694,1,4.0,0.0,1,4
87695,1,4.0,0.0,1,2
87704,2,2.5,2.1213203435596424,2,4
87708,1,4.0,0.0,1,4
87709,1,5.0,0.0,1,5
87710,1,5.0,0.0,1,3
87711,1,4.0,0.0,1,2
87713,1,3.0,0.0,1,3
87719,1,5.0,0.0,1,2
87723,1,5.0,0.0,1,2
87724,1,4.0,0.0,1,5
87733,1,2.0,0.0,1,5
87734,1,5.0,0.0,1,2
87739,2,3.0,0.0,2,4
87740,5,4.2,0.8366600265340756,3,3
87745,2,3.0,0.0,2,4
87749,2,5.0,0.0,2,5
87753,3,5.0,0.0,3,2
87755,1,5.0,0.0,1,3
87756,1,5.0,0.0,1,2
87765,4,3.25,0.5,2,4
87769,2,4.0,0.0,2,4
87770,4,4.75,0.5,2,2
87771,1,4.0,0.0,1,3
87772,1,4.0,0.0,1,3
87775,1,4.0,0.0,1,2
87776,1,4.0,0.0,1,4
87777,1,5.0,0.0,1,2
87780,2,5.0,0.0,2,5
87781,1,5.0,0.0,1,2
87784,1,5.0,0.0,1,5
87785,1,4.0,0.0,1,3
87792,1,5.0,0.0,1,4
87795,5,4.6,0.547722557505166,4,2
87810,1,5.0,0.0,1,3
87812,1,5.0,0.0,1,3
87814,1,4.0,0.0,1,3
87815,1,5.0,0.0,1,2
87823,1,5.0,0.0,1,3
87826,1,4.0,0.0,1,2
87827,1,4.0,0.0,1,3
87835,1,5.0,0.0,1,3
87837,2,4.0,0.0,2,4
87844,1,4.0,0.0,1,5
87846,1,5.0,0.0,1,2
87848,1,5.0,0.0,1,4
87852,1,5.0,0.0,1,4
87853,1,5.0,0.0,1,5
87857,1,4.0,0.0,1,3
87861,2,4.0,0.0,2,4
87875,2,4.5,0.7071067811865476,2,4
87878,1,5.0,0.0,1,3
87879,1,5.0,0.0,1,4
87880,1,2.0,0.0,1,2
87883,1,5.0,0.0,1,3
87884,1,4.0,0.0,1,2
87889,1,5.0,0.0,1,3
87891,1,3.0,0.0,1,3
87894,2,4.0,0.0,2,2
87899,1,4.0,0.0,1,4
87901,1,5.0,0.0,1,2
87902,1,4.0,0.0,1,3
87904,1,5.0,0.0,1,3
87907,1,4.0,0.0,1,3
87908,1,4.0,0.0,1,2
87910,1,5.0,0.0,1,2
87911,1,5.0,0.0,1,2
87913,1,3.0,0.0,1,4
87922,1,5.0,0.0,1,3
87924,1,5.0,0.0,1,2
87926,1,3.0,0.0,1,4
87932,1,5.0,0.0,1,2
87935,1,3.0,0.0,1,2
87937,1,4.0,0.0,1,4
87940,1,5.0,0.0,1,4
87941,1,4.0,0.0,1,2
87947,1,4.0,0.0,1,4
87948,3,3.3333333333333335,1.1547005383792515,3,5
87951,1,3.0,0.0,1,2
87952,3,4.0,1.0,3,4
87954,1,5.0,0.0,1,2
87956,1,1.0,0.0,1,3
87957,1,4.0,0.0,1,2
87958,1,5.0,0.0,1,5
87962,3,4.333333333333333,1.1547005383792515,3,5
87963,3,4.666666666666667,0.5773502691896257,1,2
87964,2,4.0,0.0,2,4
87974,1,5.0,0.0,1,3
87979,1,5.0,0.0,1,2
87985,2,4.0,1.4142135623730951,2,4
87989,1,4.0,0.0,1,4
87992,1,5.0,0.0,1,3
87993,2,5.0,0.0,2,3
87996,2,4.5,0.7071067811865476,2,2
87997,3,3.6666666666666665,1.5275252316519468,3,2
88001,2,4.5,0.7071067811865476,2,2
88002,1,3.0,0.0,1,2
88003,1,5.0,0.0,1,4
88004,1,5.0,0.0,1,3
88027,1,3.0,0.0,1,2
88028,2,4.0,1.4142135623730951,2,5
88030,1,4.0,0.0,1,2
88032,1,5.0,0.0,1,4
88035,1,5.0,0.0,1,2
88037,2,5.0,0.0,2,3
88042,1,5.0,0.0,1,2
88049,5,4.6,0.5477225575051663,5,2
88053,1,4.0,0.0,1,3
88057,1,4.0,0.0,1,3
88058,1,1.0,0.0,1,1
88065,1,4.0,0.0,1,2
88067,1,4.0,0.0,1,3
88071,1,4.0,0.0,1,3
88075,1,2.0,0.0,1,2
88076,1,4.0,0.0,1,4
88078,1,5.0,0.0,1,4
88085,1,2.0,0.0,1,2
88095,1,2.0,0.0,1,3
88096,1,5.0,0.0,1,2
88097,1,5.0,0.0,1,3
88099,1,5.0,0.0,1,2
88103,1,3.0,0.0,1,3
88106,2,4.0,1.4142135623730951,2,2
88112,2,4.5,0.7071067811865476,1,2
88118,1,5.0,0.0,1,2
88119,1,5.0,0.0,1,2
88120,1,2.0,0.0,1,3
88121,1,3.0,0.0,1,4
88125,3,4.333333333333333,0.5773502691896258,2,3
88129,1,2.0,0.0,1,2
88130,2,4.0,1.4142135623730951,1,3
88132,2,5.0,0.0,2,3
88135,1,5.0,0.0,1,4
88139,1,3.0,0.0,1,5
88140,2,3.0,1.4142135623730951,2,4
88143,3,4.0,0.0,3,4
88144,1,3.0,0.0,1,3
88145,1,3.0,0.0,1,2
88146,1,5.0,0.0,1,3
88159,3,3.0,1.0,3,2
88161,1,4.0,0.0,1,5
88162,1,4.0,0.0,1,2
88164,3,4.0,1.0,3,4
88165,1,5.0,0.0,1,3
88166,1,4.0,0.0,1,4
88168,1,5.0,0.0,1,4
88170,5,3.4,1.51657508881031,3,2
88175,1,3.0,0.0,1,2
88177,1,2.0,0.0,1,5
88178,1,3.0,0.0,1,5
88179,1,2.0,0.0,1,2
88185,5,4.2,0.8366600265340756,5,2
88187,1,5.0,0.0,1,2
88189,2,3.5,0.7071067811865476,2,2
88190,1,5.0,0.0,1,3
